Key,Path,OriginalWeapon,DisableUnlockByPick,ShowNum,Price,DropAdd,SupportItems,DecidedByWeaponConfig,Materials,FusionList,FusionRangeList,TalentList
string,string,string,bool,bool,int,string,string,bool,List<ChooseItemWithNumData>,List<FusionConfig>,List<FusionRangeConfig>,List<TalentConfig>
ring_0,RGPrefab/Weapon/ring_0.prefab,,False,True,0,,"[]",False,"[{""item"":""material_iron"",""num"":4}]","[]","[]","[{""talentName"":""MasterLaser"",""bindingScript"":""WModMasterLaser"",""keyValueList"":[{""key"":""buffAtk"",""type"":""System.Int32"",""value"":""1""},{""key"":""buffScale"",""type"":""System.Single"",""value"":""2""}],""customData"":"""",""autoBindScript"":true}]"
ring_1,RGPrefab/Weapon/ring_1.prefab,,False,True,0,,"[]",False,"[{""item"":""material_iron"",""num"":4}]","[]","[]","[]"
ring_2,RGPrefab/Weapon/ring_2.prefab,,False,True,0,,"[]",False,"[{""item"":""material_iron"",""num"":4}]","[]","[]","[]"
ring_3,RGPrefab/Weapon/ring_3.prefab,,False,True,0,,"[]",False,"[{""item"":""material_iron"",""num"":4}]","[]","[]","[]"
transform_weapon_beheaded,RGPrefab/Weapon/transform_weapon_beheaded.prefab,,False,True,1000,,"[]",False,"[]","[]","[]","[]"
transform_weapon_envoy,RGPrefab/Weapon/transform_weapon_envoy.prefab,,False,True,1000,,"[]",False,"[{""item"":""material_magic_cyan"",""num"":1},{""item"":""material_magic_red"",""num"":1},{""item"":""material_magic_blue"",""num"":1}]","[]","[]","[]"
transform_weapon_ninja,RGPrefab/Weapon/transform_weapon_ninja.prefab,,False,True,1000,,"[]",False,"[{""item"":""material_magic_red"",""num"":1},{""item"":""material_magic_blue"",""num"":1}]","[]","[]","[]"
transform_weapon_specialforces,RGPrefab/Weapon/transform_weapon_specialforces.prefab,,False,True,1000,,"[]",False,"[{""item"":""material_magic_red"",""num"":1},{""item"":""material_magic_blue"",""num"":1},{""item"":""material_magic_green"",""num"":1}]","[]","[]","[]"
transform_weapon_transcendent,RGPrefab/Weapon/transform_weapon_transcendent.prefab,,False,True,1000,,"[]",False,"[{""item"":""material_magic_black"",""num"":1},{""item"":""material_magic_purple"",""num"":1}]","[]","[]","[]"
weapon_000,RGPrefab/Weapon/weapon_000.prefab,,False,True,0,,"[{""equipment"":""wi21_time_machine""},{""equipment"":""wi22_upgrade_kit""}]",False,"[{""item"":""material_iron"",""num"":1},{""item"":""material_gear"",""num"":1},{""item"":""material_wood"",""num"":1}]","[{""sourceWeapons"":[{""weapon"":""weapon_000""},{""weapon"":""weapon_000""},{""weapon"":""weapon_000""},{""weapon"":""weapon_000""}],""targetWeapon"":{""weapon"":""weapon_240""}}]","[]","[{""talentName"":""MasterAccurate"",""bindingScript"":""WModDeviation"",""keyValueList"":[{""key"":""buffDeviation"",""type"":""System.Int32"",""value"":""-10""}],""customData"":"""",""autoBindScript"":true},{""talentName"":""MasterReflection"",""bindingScript"":""WModReflection"",""keyValueList"":[{""key"":""buffReflectCount"",""type"":""System.Int32"",""value"":""1""}],""customData"":"""",""autoBindScript"":false}]"
weapon_000x,RGPrefab/Weapon/weapon_000x.prefab,,False,True,50,,"[]",False,"[{""item"":""material_iron"",""num"":2},{""item"":""material_gear"",""num"":4}]","[{""sourceWeapons"":[{""weapon"":""weapon_000""},{""weapon"":""weapon_000""},{""weapon"":""weapon_000""},{""weapon"":""weapon_000x""}],""targetWeapon"":{""weapon"":""weapon_240""}}]","[]","[{""talentName"":""MasterShotgun"",""bindingScript"":""WModCount"",""keyValueList"":[{""key"":""buffCount"",""type"":""System.Int32"",""value"":""2""}],""customData"":"""",""autoBindScript"":true},{""talentName"":""MasterAccurate"",""bindingScript"":""WModDeviation"",""keyValueList"":[{""key"":""buffDeviation"",""type"":""System.Int32"",""value"":""-10""}],""customData"":"""",""autoBindScript"":true},{""talentName"":""MasterReflection"",""bindingScript"":""WModReflection"",""keyValueList"":[{""key"":""buffReflectCount"",""type"":""System.Int32"",""value"":""1""}],""customData"":"""",""autoBindScript"":false}]"
weapon_000xx,RGPrefab/Weapon/weapon_000xx.prefab,weapon_000x,False,True,50,,[],False,[],[],"[]",[]
weapon_000xx2,RGPrefab/Weapon/weapon_000xx2.prefab,weapon_000x,False,True,50,,[],False,[],[],"[]",[]
weapon_000xx3,RGPrefab/Weapon/weapon_000xx3.prefab,weapon_000x,False,True,50,,[],False,[],[],"[]",[]
weapon_000xx4,RGPrefab/Weapon/weapon_000xx4.prefab,weapon_000x,False,True,50,,[],False,[],[],"[]",[]
weapon_000xx5,RGPrefab/Weapon/weapon_000xx5.prefab,weapon_000x,False,True,50,,[],False,[],[],"[]",[]
weapon_000xx6,RGPrefab/Weapon/weapon_000xx6.prefab,weapon_000x,False,True,50,,[],False,[],[],"[]",[]
weapon_000xx7,RGPrefab/Weapon/weapon_000xx7.prefab,weapon_000x,False,True,50,,[],False,[],[],"[]",[]
weapon_000xx8,RGPrefab/Weapon/weapon_000xx8.prefab,weapon_000x,False,True,50,,[],False,[],[],"[]",[]
weapon_000xx9,RGPrefab/Weapon/weapon_000xx9.prefab,weapon_000x,False,True,50,,[],False,[],[],"[]",[]
weapon_000xx10,RGPrefab/Weapon/weapon_000xx10.prefab,weapon_000x,False,True,50,,[],False,[],[],"[]",[]
weapon_000xx11,RGPrefab/Weapon/weapon_000xx11.prefab,weapon_000x,False,True,50,,[],False,[],[],"[]",[]
weapon_000xx12,RGPrefab/Weapon/weapon_000xx12.prefab,weapon_000x,False,True,50,,[],False,[],[],"[]",[]
weapon_000xx13,RGPrefab/Weapon/weapon_000xx13.prefab,weapon_000x,False,True,50,,[],False,[],[],"[]",[]
weapon_000xx14,RGPrefab/Weapon/weapon_000xx14.prefab,weapon_000x,False,True,50,,[],False,[],[],"[]",[]
weapon_001,RGPrefab/Weapon/weapon_001.prefab,,False,True,0,,"[]",False,"[{""item"":""material_wood"",""num"":1},{""item"":""material_iron"",""num"":2}]","[{""sourceWeapons"":[{""weapon"":""weapon_001""},{""weapon"":""weapon_001""}],""targetWeapon"":{""weapon"":""weapon_016""}}]","[]","[{""talentName"":""MasterAccurate"",""bindingScript"":""WModDeviation"",""keyValueList"":[{""key"":""buffDeviation"",""type"":""System.Int32"",""value"":""-10""}],""customData"":"""",""autoBindScript"":true},{""talentName"":""MasterReflection"",""bindingScript"":""WModReflection"",""keyValueList"":[{""key"":""buffReflectCount"",""type"":""System.Int32"",""value"":""1""}],""customData"":"""",""autoBindScript"":false}]"
weapon_002,RGPrefab/Weapon/weapon_002.prefab,,False,True,0,,"[{""equipment"":""wi20_golden_paint""}]",False,"[{""item"":""material_iron"",""num"":1},{""item"":""material_gear"",""num"":1},{""item"":""material_wood"",""num"":1}]","[]","[]","[{""talentName"":""MasterAccurate"",""bindingScript"":""WModDeviation"",""keyValueList"":[{""key"":""buffDeviation"",""type"":""System.Int32"",""value"":""-10""}],""customData"":"""",""autoBindScript"":true},{""talentName"":""MasterReflection"",""bindingScript"":""WModReflection"",""keyValueList"":[{""key"":""buffReflectCount"",""type"":""System.Int32"",""value"":""1""}],""customData"":"""",""autoBindScript"":false}]"
weapon_003,RGPrefab/Weapon/weapon_003.prefab,,False,True,0,,"[]",False,"[{""item"":""material_iron"",""num"":2},{""item"":""material_gear"",""num"":3},{""item"":""material_wood"",""num"":2}]","[]","[]","[{""talentName"":""MasterShotgun"",""bindingScript"":""WModCount"",""keyValueList"":[{""key"":""buffCount"",""type"":""System.Int32"",""value"":""2""}],""customData"":"""",""autoBindScript"":true},{""talentName"":""MasterAccurate"",""bindingScript"":""WModDeviation"",""keyValueList"":[{""key"":""buffDeviation"",""type"":""System.Int32"",""value"":""-7""}],""customData"":"""",""autoBindScript"":true},{""talentName"":""MasterReflection"",""bindingScript"":""WModReflection"",""keyValueList"":[{""key"":""buffReflectCount"",""type"":""System.Int32"",""value"":""1""}],""customData"":"""",""autoBindScript"":false}]"
weapon_004,RGPrefab/Weapon/weapon_004.prefab,,False,True,0,,"[]",False,"[{""item"":""material_iron"",""num"":2},{""item"":""material_gear"",""num"":3},{""item"":""material_wood"",""num"":2}]","[]","[]","[{""talentName"":""MasterShotgun"",""bindingScript"":""WModCount"",""keyValueList"":[{""key"":""buffCount"",""type"":""System.Int32"",""value"":""2""}],""customData"":"""",""autoBindScript"":true},{""talentName"":""MasterAccurate"",""bindingScript"":""WModDeviation"",""keyValueList"":[{""key"":""buffDeviation"",""type"":""System.Int32"",""value"":""-7""}],""customData"":"""",""autoBindScript"":true},{""talentName"":""MasterReflection"",""bindingScript"":""WModReflection"",""keyValueList"":[{""key"":""buffReflectCount"",""type"":""System.Int32"",""value"":""1""}],""customData"":"""",""autoBindScript"":false}]"
weapon_005,RGPrefab/Weapon/weapon_005.prefab,,False,True,0,,"[]",False,"[{""item"":""material_iron"",""num"":2},{""item"":""material_gear"",""num"":1}]","[{""sourceWeapons"":[{""weapon"":""weapon_005""},{""weapon"":""weapon_140""}],""targetWeapon"":{""weapon"":""weapon_337""}}]","[]","[{""talentName"":""MasterAccurate"",""bindingScript"":""WModDeviation"",""keyValueList"":[{""key"":""buffDeviation"",""type"":""System.Int32"",""value"":""-10""}],""customData"":"""",""autoBindScript"":true},{""talentName"":""MasterReflection"",""bindingScript"":""WModReflection"",""keyValueList"":[{""key"":""buffReflectCount"",""type"":""System.Int32"",""value"":""1""}],""customData"":"""",""autoBindScript"":false}]"
weapon_006,RGPrefab/Weapon/weapon_006.prefab,,False,True,50,,"[]",False,"[{""item"":""material_iron"",""num"":3},{""item"":""material_gear"",""num"":2}]","[{""sourceWeapons"":[{""weapon"":""weapon_006""},{""weapon"":""weapon_031""}],""targetWeapon"":{""weapon"":""weapon_324""}}]","[]","[{""talentName"":""MasterAccurate"",""bindingScript"":""WModDeviation"",""keyValueList"":[{""key"":""buffDeviation"",""type"":""System.Int32"",""value"":""-10""}],""customData"":"""",""autoBindScript"":true}]"
weapon_007,RGPrefab/Weapon/weapon_007.prefab,,False,True,0,,"[{""equipment"":""wi22_upgrade_kit""}]",False,"[{""item"":""material_iron"",""num"":1},{""item"":""material_gear"",""num"":2},{""item"":""material_wood"",""num"":1}]","[{""sourceWeapons"":[{""weapon"":""weapon_007""},{""weapon"":""weapon_007""}],""targetWeapon"":{""weapon"":""weapon_008""}}]","[]","[{""talentName"":""MasterShotgun"",""bindingScript"":""WModCount"",""keyValueList"":[{""key"":""buffCount"",""type"":""System.Int32"",""value"":""1""}],""customData"":"""",""autoBindScript"":true},{""talentName"":""MasterAccurate"",""bindingScript"":""WModDeviation"",""keyValueList"":[{""key"":""buffDeviation"",""type"":""System.Int32"",""value"":""-10""}],""customData"":"""",""autoBindScript"":true},{""talentName"":""MasterReflection"",""bindingScript"":""WModReflection"",""keyValueList"":[{""key"":""buffReflectCount"",""type"":""System.Int32"",""value"":""1""}],""customData"":"""",""autoBindScript"":false}]"
weapon_008,RGPrefab/Weapon/weapon_008.prefab,,False,True,50,,"[{""equipment"":""wi22_upgrade_kit""}]",False,"[{""item"":""material_iron"",""num"":2},{""item"":""material_gear"",""num"":3}]","[{""sourceWeapons"":[{""weapon"":""weapon_008""},{""weapon"":""weapon_008""}],""targetWeapon"":{""weapon"":""weapon_009""}}]","[]","[{""talentName"":""MasterShotgun"",""bindingScript"":""WModCount"",""keyValueList"":[{""key"":""buffCount"",""type"":""System.Int32"",""value"":""1""}],""customData"":"""",""autoBindScript"":true},{""talentName"":""MasterAccurate"",""bindingScript"":""WModDeviation"",""keyValueList"":[{""key"":""buffDeviation"",""type"":""System.Int32"",""value"":""-10""}],""customData"":"""",""autoBindScript"":true},{""talentName"":""MasterReflection"",""bindingScript"":""WModReflection"",""keyValueList"":[{""key"":""buffReflectCount"",""type"":""System.Int32"",""value"":""1""}],""customData"":"""",""autoBindScript"":false}]"
weapon_009,RGPrefab/Weapon/weapon_009.prefab,,False,True,100,,"[{""equipment"":""wi22_upgrade_kit""}]",False,"[{""item"":""material_iron"",""num"":3},{""item"":""material_gear"",""num"":3}]","[{""sourceWeapons"":[{""weapon"":""weapon_009""},{""weapon"":""weapon_009""}],""targetWeapon"":{""weapon"":""weapon_302""}}]","[]","[{""talentName"":""MasterShotgun"",""bindingScript"":""WModCount"",""keyValueList"":[{""key"":""buffCount"",""type"":""System.Int32"",""value"":""1""}],""customData"":"""",""autoBindScript"":true},{""talentName"":""MasterAccurate"",""bindingScript"":""WModDeviation"",""keyValueList"":[{""key"":""buffDeviation"",""type"":""System.Int32"",""value"":""-10""}],""customData"":"""",""autoBindScript"":true},{""talentName"":""MasterReflection"",""bindingScript"":""WModReflection"",""keyValueList"":[{""key"":""buffReflectCount"",""type"":""System.Int32"",""value"":""1""}],""customData"":"""",""autoBindScript"":false}]"
weapon_010,RGPrefab/Weapon/weapon_010.prefab,,False,True,0,,"[{""equipment"":""wi20_golden_paint""}]",False,"[{""item"":""material_iron"",""num"":2},{""item"":""material_gear"",""num"":1},{""item"":""material_wood"",""num"":1}]","[]","[]","[{""talentName"":""MasterAccurate"",""bindingScript"":""WModDeviation"",""keyValueList"":[{""key"":""buffDeviation"",""type"":""System.Int32"",""value"":""-10""}],""customData"":"""",""autoBindScript"":true},{""talentName"":""MasterReflection"",""bindingScript"":""WModReflection"",""keyValueList"":[{""key"":""buffReflectCount"",""type"":""System.Int32"",""value"":""1""}],""customData"":"""",""autoBindScript"":false}]"
weapon_011,RGPrefab/Weapon/weapon_011.prefab,,False,True,50,,"[]",False,"[{""item"":""material_wood"",""num"":1},{""item"":""material_iron"",""num"":3}]","[]","[]","[{""talentName"":""MasterAccurate"",""bindingScript"":""WModDeviation"",""keyValueList"":[{""key"":""buffDeviation"",""type"":""System.Int32"",""value"":""-10""}],""customData"":"""",""autoBindScript"":true},{""talentName"":""MasterReflection"",""bindingScript"":""WModReflection"",""keyValueList"":[{""key"":""buffReflectCount"",""type"":""System.Int32"",""value"":""1""}],""customData"":"""",""autoBindScript"":false}]"
weapon_012,RGPrefab/Weapon/weapon_012.prefab,,False,True,50,,"[]",False,"[{""item"":""material_wood"",""num"":2},{""item"":""material_iron"",""num"":3}]","[]","[]","[{""talentName"":""MasterAccurate"",""bindingScript"":""WModDeviation"",""keyValueList"":[{""key"":""buffDeviation"",""type"":""System.Int32"",""value"":""-10""}],""customData"":"""",""autoBindScript"":true},{""talentName"":""MasterReflection"",""bindingScript"":""WModReflection"",""keyValueList"":[{""key"":""buffReflectCount"",""type"":""System.Int32"",""value"":""1""}],""customData"":"""",""autoBindScript"":false}]"
weapon_013,RGPrefab/Weapon/weapon_013.prefab,,False,True,50,,"[]",False,"[{""item"":""material_wood"",""num"":3},{""item"":""material_iron"",""num"":2}]","[{""sourceWeapons"":[{""weapon"":""weapon_013""},{""weapon"":""weapon_012""}],""targetWeapon"":{""weapon"":""weapon_170""}}]","[]","[{""talentName"":""MasterAccurate"",""bindingScript"":""WModDeviation"",""keyValueList"":[{""key"":""buffDeviation"",""type"":""System.Int32"",""value"":""-10""}],""customData"":"""",""autoBindScript"":true},{""talentName"":""MasterReflection"",""bindingScript"":""WModReflection"",""keyValueList"":[{""key"":""buffReflectCount"",""type"":""System.Int32"",""value"":""1""}],""customData"":"""",""autoBindScript"":false}]"
weapon_014,RGPrefab/Weapon/weapon_014.prefab,,False,True,50,,"[]",False,"[{""item"":""material_wood"",""num"":2},{""item"":""material_iron"",""num"":3}]","[{""sourceWeapons"":[{""weapon"":""weapon_014""},{""weapon"":""weapon_011""}],""targetWeapon"":{""weapon"":""weapon_328""}}]","[]","[{""talentName"":""MasterAccurate"",""bindingScript"":""WModDeviation"",""keyValueList"":[{""key"":""buffDeviation"",""type"":""System.Int32"",""value"":""-10""}],""customData"":"""",""autoBindScript"":true}]"
weapon_015,RGPrefab/Weapon/weapon_015.prefab,,False,True,0,,"[{""equipment"":""wi20_golden_paint""}]",False,"[{""item"":""material_iron"",""num"":2},{""item"":""material_gear"",""num"":1},{""item"":""material_wood"",""num"":1}]","[]","[]","[{""talentName"":""MasterAccurate"",""bindingScript"":""WModDeviation"",""keyValueList"":[{""key"":""buffDeviation"",""type"":""System.Int32"",""value"":""-10""}],""customData"":"""",""autoBindScript"":true},{""talentName"":""MasterReflection"",""bindingScript"":""WModReflection"",""keyValueList"":[{""key"":""buffReflectCount"",""type"":""System.Int32"",""value"":""1""}],""customData"":"""",""autoBindScript"":false}]"
weapon_016,RGPrefab/Weapon/weapon_016.prefab,,False,True,0,,"[]",False,"[{""item"":""material_wood"",""num"":1},{""item"":""material_iron"",""num"":2}]","[]","[]","[{""talentName"":""MasterAccurate"",""bindingScript"":""WModDeviation"",""keyValueList"":[{""key"":""buffDeviation"",""type"":""System.Int32"",""value"":""-10""}],""customData"":"""",""autoBindScript"":true},{""talentName"":""MasterContinuous"",""bindingScript"":""WModContinuousCount"",""keyValueList"":[{""key"":""buffContinuousCount"",""type"":""System.Int32"",""value"":""1""}],""customData"":"""",""autoBindScript"":true},{""talentName"":""MasterReflection"",""bindingScript"":""WModReflection"",""keyValueList"":[{""key"":""buffReflectCount"",""type"":""System.Int32"",""value"":""1""}],""customData"":"""",""autoBindScript"":false}]"
weapon_017,RGPrefab/Weapon/weapon_017.prefab,,False,True,0,,"[{""equipment"":""wi22_upgrade_kit""}]",False,"[{""item"":""material_iron"",""num"":2},{""item"":""material_gear"",""num"":1}]","[{""sourceWeapons"":[{""weapon"":""weapon_017""},{""weapon"":""weapon_017""}],""targetWeapon"":{""weapon"":""weapon_019""}}]","[]","[{""talentName"":""MasterAccurate"",""bindingScript"":""WModDeviation"",""keyValueList"":[{""key"":""buffDeviation"",""type"":""System.Int32"",""value"":""-10""}],""customData"":"""",""autoBindScript"":true},{""talentName"":""MasterReflection"",""bindingScript"":""WModReflection"",""keyValueList"":[{""key"":""buffReflectCount"",""type"":""System.Int32"",""value"":""1""}],""customData"":"""",""autoBindScript"":false}]"
weapon_018,RGPrefab/Weapon/weapon_018.prefab,,False,True,100,,"[{""equipment"":""wi10_flame_stone""},{""equipment"":""wi11_poison_stone""},{""equipment"":""wi12_lightning_stone""},{""equipment"":""wi2_gaussiancoil""},{""equipment"":""wi2_gaussiancoil_smg_2""},{""equipment"":""wi6_spiralcoil""},{""equipment"":""wi6_spiralcoil_4""},{""equipment"":""wi7_telescopic""},{""equipment"":""wi7_telescopic2""},{""equipment"":""wi9_energy_stone""}]",True,"[{""item"":""material_iron"",""num"":3},{""item"":""material_gear"",""num"":3}]","[]","[]","[{""talentName"":""MasterAccurate"",""bindingScript"":""WModDeviation"",""keyValueList"":[{""key"":""buffDeviation"",""type"":""System.Int32"",""value"":""-10""}],""customData"":"""",""autoBindScript"":true}]"
weapon_019,RGPrefab/Weapon/weapon_019.prefab,,False,True,100,,"[{""equipment"":""wi10_flame_stone""},{""equipment"":""wi11_poison_stone""},{""equipment"":""wi12_lightning_stone""},{""equipment"":""wi2_gaussiancoil""},{""equipment"":""wi2_gaussiancoil_smg_2""},{""equipment"":""wi6_spiralcoil""},{""equipment"":""wi6_spiralcoil_4""},{""equipment"":""wi7_telescopic""},{""equipment"":""wi7_telescopic2""},{""equipment"":""wi9_energy_stone""},{""equipment"":""wi22_upgrade_kit""},{""equipment"":""wi36_8x_mirror""}]",True,"[{""item"":""material_iron"",""num"":3},{""item"":""material_gear"",""num"":3}]","[{""sourceWeapons"":[{""weapon"":""weapon_019""},{""weapon"":""weapon_019""}],""targetWeapon"":{""weapon"":""weapon_181""}},{""sourceWeapons"":[{""weapon"":""weapon_019""},{""weapon"":""weapon_043""}],""targetWeapon"":{""weapon"":""weapon_110""}}]","[{""sourceWeaponsRange"":[{""weapon"":""weapon_101""},{""weapon"":""weapon_102""},{""weapon"":""weapon_103""},{""weapon"":""weapon_104""}],""inRangeCount"":1,""destroyAllWeapon"":false,""sourceWeapons"":[{""weapon"":""weapon_019""}],""targetWeapon"":{""weapon"":""weapon_319""}}]","[{""talentName"":""MasterAccurate"",""bindingScript"":""WModDeviation"",""keyValueList"":[{""key"":""buffDeviation"",""type"":""System.Int32"",""value"":""-10""}],""customData"":"""",""autoBindScript"":true},{""talentName"":""MasterHold"",""bindingScript"":""WModHoldSpeed"",""keyValueList"":[{""key"":""buffSpeedFactor"",""type"":""System.Single"",""value"":""2""}],""customData"":"""",""autoBindScript"":true},{""talentName"":""MasterReflection"",""bindingScript"":""WModReflection"",""keyValueList"":[{""key"":""buffReflectCount"",""type"":""System.Int32"",""value"":""1""}],""customData"":"""",""autoBindScript"":false}]"
weapon_020,RGPrefab/Weapon/weapon_020.prefab,,False,True,0,,"[]",False,"[{""item"":""material_iron"",""num"":2},{""item"":""material_gear"",""num"":2},{""item"":""material_wood"",""num"":2}]","[]","[]","[{""talentName"":""MasterShotgun"",""bindingScript"":""WModCount"",""keyValueList"":[{""key"":""buffCount"",""type"":""System.Int32"",""value"":""2""}],""customData"":"""",""autoBindScript"":true},{""talentName"":""MasterAccurate"",""bindingScript"":""WModDeviation"",""keyValueList"":[{""key"":""buffDeviation"",""type"":""System.Int32"",""value"":""-7""}],""customData"":"""",""autoBindScript"":true},{""talentName"":""MasterReflection"",""bindingScript"":""WModReflection"",""keyValueList"":[{""key"":""buffReflectCount"",""type"":""System.Int32"",""value"":""1""}],""customData"":"""",""autoBindScript"":false}]"
weapon_021,RGPrefab/Weapon/weapon_021.prefab,,False,True,0,,"[]",False,"[{""item"":""material_iron"",""num"":1},{""item"":""material_gear"",""num"":1},{""item"":""material_wood"",""num"":1}]","[]","[]","[{""talentName"":""MasterAccurate"",""bindingScript"":""WModDeviation"",""keyValueList"":[{""key"":""buffDeviation"",""type"":""System.Int32"",""value"":""-10""}],""customData"":"""",""autoBindScript"":true},{""talentName"":""MasterReflection"",""bindingScript"":""WModReflection"",""keyValueList"":[{""key"":""buffReflectCount"",""type"":""System.Int32"",""value"":""1""}],""customData"":"""",""autoBindScript"":false}]"
weapon_022,RGPrefab/Weapon/weapon_022.prefab,,False,True,50,,"[]",False,"[{""item"":""material_iron"",""num"":2},{""item"":""material_gear"",""num"":2},{""item"":""material_wood"",""num"":2}]","[]","[]","[{""talentName"":""MasterShotgun"",""bindingScript"":""WModCount"",""keyValueList"":[{""key"":""buffCount"",""type"":""System.Int32"",""value"":""2""}],""customData"":"""",""autoBindScript"":true},{""talentName"":""MasterAccurate"",""bindingScript"":""WModDeviation"",""keyValueList"":[{""key"":""buffDeviation"",""type"":""System.Int32"",""value"":""-7""}],""customData"":"""",""autoBindScript"":true},{""talentName"":""MasterReflection"",""bindingScript"":""WModReflection"",""keyValueList"":[{""key"":""buffReflectCount"",""type"":""System.Int32"",""value"":""1""}],""customData"":"""",""autoBindScript"":false}]"
weapon_023,RGPrefab/Weapon/weapon_023.prefab,,False,True,0,,"[]",False,"[{""item"":""material_iron"",""num"":2},{""item"":""material_gear"",""num"":2}]","[]","[]","[{""talentName"":""MasterAccurate"",""bindingScript"":""WModDeviation"",""keyValueList"":[{""key"":""buffDeviation"",""type"":""System.Int32"",""value"":""-10""}],""customData"":"""",""autoBindScript"":true}]"
weapon_024,RGPrefab/Weapon/weapon_024.prefab,,False,True,0,,"[{""equipment"":""wi10_flame_stone""},{""equipment"":""wi9_energy_stone""},{""equipment"":""wi2_gaussiancoil""},{""equipment"":""wi2_gaussiancoil_smg_2""},{""equipment"":""wi5_missle""},{""equipment"":""wi5_missle_4""},{""equipment"":""wi6_spiralcoil""},{""equipment"":""wi6_spiralcoil_4""},{""equipment"":""wi7_telescopic""},{""equipment"":""wi7_telescopic2""},{""equipment"":""wi13_through""},{""equipment"":""wi36_8x_mirror""}]",True,"[{""item"":""material_iron"",""num"":2},{""item"":""material_gear"",""num"":2}]","[]","[]","[{""talentName"":""MasterAccurate"",""bindingScript"":""WModDeviation"",""keyValueList"":[{""key"":""buffDeviation"",""type"":""System.Int32"",""value"":""-10""}],""customData"":"""",""autoBindScript"":true},{""talentName"":""MasterReflection"",""bindingScript"":""WModReflection"",""keyValueList"":[{""key"":""buffReflectCount"",""type"":""System.Int32"",""value"":""1""}],""customData"":"""",""autoBindScript"":false}]"
weapon_025,RGPrefab/Weapon/weapon_025.prefab,,False,True,0,,"[]",False,"[{""item"":""material_iron"",""num"":5},{""item"":""material_gear"",""num"":5}]","[]","[]","[{""talentName"":""MasterAccurate"",""bindingScript"":""WModDeviation"",""keyValueList"":[{""key"":""buffDeviation"",""type"":""System.Int32"",""value"":""-10""}],""customData"":"""",""autoBindScript"":true},{""talentName"":""MasterReflection"",""bindingScript"":""WModReflection"",""keyValueList"":[{""key"":""buffReflectCount"",""type"":""System.Int32"",""value"":""1""}],""customData"":"""",""autoBindScript"":false}]"
weapon_25hammer,RGPrefab/Weapon/coop/weapon_25hammer.prefab,,False,False,0,,"[]",False,"[{""item"":""material_iron"",""num"":1}]","[]","[]","[{""talentName"":""MasterSwordRange"",""bindingScript"":""WModBulletSizeMelee"",""keyValueList"":[{""key"":""buffScale"",""type"":""System.Single"",""value"":""1.2""},{""key"":""levelScale"",""type"":""System.Single"",""value"":""1.1""}],""customData"":"""",""autoBindScript"":true}]"
weapon_026,RGPrefab/Weapon/weapon_026.prefab,,False,True,0,,"[{""equipment"":""wi21_time_machine""}]",False,"[{""item"":""material_iron"",""num"":3},{""item"":""material_gear"",""num"":3}]","[]","[]","[{""talentName"":""MasterAccurate"",""bindingScript"":""WModDeviation"",""keyValueList"":[{""key"":""buffDeviation"",""type"":""System.Int32"",""value"":""-10""}],""customData"":"""",""autoBindScript"":true},{""talentName"":""MasterContinuous"",""bindingScript"":""WModContinuousCount"",""keyValueList"":[{""key"":""buffContinuousCount"",""type"":""System.Int32"",""value"":""1""}],""customData"":"""",""autoBindScript"":true},{""talentName"":""MasterReflection"",""bindingScript"":""WModReflection"",""keyValueList"":[{""key"":""buffReflectCount"",""type"":""System.Int32"",""value"":""1""}],""customData"":"""",""autoBindScript"":false}]"
weapon_027,RGPrefab/Weapon/weapon_027.prefab,,False,True,0,,"[]",False,"[{""item"":""material_iron"",""num"":2},{""item"":""material_gear"",""num"":2}]","[]","[]","[{""talentName"":""MasterAccurate"",""bindingScript"":""WModDeviation"",""keyValueList"":[{""key"":""buffDeviation"",""type"":""System.Int32"",""value"":""-10""}],""customData"":"""",""autoBindScript"":true},{""talentName"":""MasterReflection"",""bindingScript"":""WModReflection"",""keyValueList"":[{""key"":""buffReflectCount"",""type"":""System.Int32"",""value"":""1""}],""customData"":"""",""autoBindScript"":false}]"
weapon_028,RGPrefab/Weapon/weapon_028.prefab,,False,True,150,,"[{""equipment"":""wi22_upgrade_kit""}]",False,"[{""item"":""material_iron"",""num"":10},{""item"":""material_gear"",""num"":10}]","[{""sourceWeapons"":[{""weapon"":""weapon_028""},{""weapon"":""weapon_140""}],""targetWeapon"":{""weapon"":""weapon_250""}}]","[]","[{""talentName"":""MasterAccurate"",""bindingScript"":""WModDeviation"",""keyValueList"":[{""key"":""buffDeviation"",""type"":""System.Int32"",""value"":""-10""}],""customData"":"""",""autoBindScript"":true},{""talentName"":""MasterContinuous"",""bindingScript"":""WModContinuousCount"",""keyValueList"":[{""key"":""buffContinuousCount"",""type"":""System.Int32"",""value"":""1""}],""customData"":"""",""autoBindScript"":true},{""talentName"":""MasterReflection"",""bindingScript"":""WModReflection"",""keyValueList"":[{""key"":""buffReflectCount"",""type"":""System.Int32"",""value"":""1""}],""customData"":"""",""autoBindScript"":false}]"
weapon_029,RGPrefab/Weapon/weapon_029.prefab,,False,True,50,,"[]",False,"[{""item"":""material_iron"",""num"":5},{""item"":""material_gear"",""num"":5}]","[]","[]","[{""talentName"":""MasterShotgun"",""bindingScript"":""WModCount"",""keyValueList"":[{""key"":""buffCount"",""type"":""System.Int32"",""value"":""2""}],""customData"":"""",""autoBindScript"":true},{""talentName"":""MasterAccurate"",""bindingScript"":""WModDeviation"",""keyValueList"":[{""key"":""buffDeviation"",""type"":""System.Int32"",""value"":""-7""}],""customData"":"""",""autoBindScript"":true},{""talentName"":""MasterReflection"",""bindingScript"":""WModReflection"",""keyValueList"":[{""key"":""buffReflectCount"",""type"":""System.Int32"",""value"":""1""}],""customData"":"""",""autoBindScript"":false}]"
weapon_030,RGPrefab/Weapon/weapon_030.prefab,,False,True,50,,"[]",False,"[{""item"":""material_iron"",""num"":4},{""item"":""material_gear"",""num"":3}]","[{""sourceWeapons"":[{""weapon"":""weapon_030""},{""weapon"":""weapon_031""}],""targetWeapon"":{""weapon"":""weapon_314""}}]","[]","[{""talentName"":""MasterShotgun"",""bindingScript"":""WModCount"",""keyValueList"":[{""key"":""buffCount"",""type"":""System.Int32"",""value"":""2""}],""customData"":"""",""autoBindScript"":true},{""talentName"":""MasterAccurate"",""bindingScript"":""WModDeviation"",""keyValueList"":[{""key"":""buffDeviation"",""type"":""System.Int32"",""value"":""-7""}],""customData"":"""",""autoBindScript"":true},{""talentName"":""MasterReflection"",""bindingScript"":""WModReflection"",""keyValueList"":[{""key"":""buffReflectCount"",""type"":""System.Int32"",""value"":""1""}],""customData"":"""",""autoBindScript"":false}]"
weapon_031,RGPrefab/Weapon/weapon_031.prefab,,False,True,50,,"[]",False,"[{""item"":""material_iron"",""num"":3},{""item"":""material_gear"",""num"":4}]","[]","[]","[{""talentName"":""MasterShotgun"",""bindingScript"":""WModCount"",""keyValueList"":[{""key"":""buffCount"",""type"":""System.Int32"",""value"":""2""}],""customData"":"""",""autoBindScript"":true},{""talentName"":""MasterAccurate"",""bindingScript"":""WModDeviation"",""keyValueList"":[{""key"":""buffDeviation"",""type"":""System.Int32"",""value"":""-7""}],""customData"":"""",""autoBindScript"":true},{""talentName"":""MasterReflection"",""bindingScript"":""WModReflection"",""keyValueList"":[{""key"":""buffReflectCount"",""type"":""System.Int32"",""value"":""1""}],""customData"":"""",""autoBindScript"":false}]"
weapon_032,RGPrefab/Weapon/weapon_032.prefab,,False,True,0,,"[{""equipment"":""wi20_golden_paint""}]",False,"[{""item"":""material_iron"",""num"":2},{""item"":""material_gear"",""num"":1},{""item"":""material_battery"",""num"":1}]","[{""sourceWeapons"":[{""weapon"":""weapon_032""},{""weapon"":""weapon_169""}],""targetWeapon"":{""weapon"":""weapon_216""}}]","[]","[{""talentName"":""MasterAccurate"",""bindingScript"":""WModDeviation"",""keyValueList"":[{""key"":""buffDeviation"",""type"":""System.Int32"",""value"":""-10""}],""customData"":"""",""autoBindScript"":true},{""talentName"":""MasterReflection"",""bindingScript"":""WModReflection"",""keyValueList"":[{""key"":""buffReflectCount"",""type"":""System.Int32"",""value"":""1""}],""customData"":"""",""autoBindScript"":false}]"
weapon_033,RGPrefab/Weapon/weapon_033.prefab,,False,True,150,,"[]",False,"[{""item"":""material_iron"",""num"":8},{""item"":""material_gear"",""num"":8},{""item"":""material_battery"",""num"":4},{""item"":""material_magic_red"",""num"":3}]","[]","[]","[{""talentName"":""MasterAccurate"",""bindingScript"":""WModDeviation"",""keyValueList"":[{""key"":""buffDeviation"",""type"":""System.Int32"",""value"":""-10""}],""customData"":"""",""autoBindScript"":true},{""talentName"":""MasterReflection"",""bindingScript"":""WModReflection"",""keyValueList"":[{""key"":""buffReflectCount"",""type"":""System.Int32"",""value"":""1""}],""customData"":"""",""autoBindScript"":false}]"
weapon_034,RGPrefab/Weapon/weapon_034.prefab,,False,True,100,,"[]",False,"[{""item"":""material_iron"",""num"":3},{""item"":""material_gear"",""num"":3},{""item"":""material_battery"",""num"":2},{""item"":""material_magic_blue"",""num"":1}]","[{""sourceWeapons"":[{""weapon"":""weapon_034""},{""weapon"":""weapon_036""}],""targetWeapon"":{""weapon"":""weapon_035""}}]","[{""sourceWeaponsRange"":[{""weapon"":""weapon_111""},{""weapon"":""weapon_153""}],""inRangeCount"":1,""destroyAllWeapon"":false,""sourceWeapons"":[{""weapon"":""weapon_034""}],""targetWeapon"":{""weapon"":""weapon_326""}}]","[{""talentName"":""MasterAccurate"",""bindingScript"":""WModDeviation"",""keyValueList"":[{""key"":""buffDeviation"",""type"":""System.Int32"",""value"":""-10""}],""customData"":"""",""autoBindScript"":true},{""talentName"":""MasterReflection"",""bindingScript"":""WModReflection"",""keyValueList"":[{""key"":""buffReflectCount"",""type"":""System.Int32"",""value"":""1""}],""customData"":"""",""autoBindScript"":false}]"
weapon_035,RGPrefab/Weapon/weapon_035.prefab,,False,True,100,,"[]",False,"[{""item"":""material_iron"",""num"":6},{""item"":""material_gear"",""num"":6},{""item"":""material_battery"",""num"":3},{""item"":""material_magic_blue"",""num"":1}]","[]","[]","[{""talentName"":""MasterAccurate"",""bindingScript"":""WModDeviation"",""keyValueList"":[{""key"":""buffDeviation"",""type"":""System.Int32"",""value"":""-10""}],""customData"":"""",""autoBindScript"":true},{""talentName"":""MasterReflection"",""bindingScript"":""WModReflection"",""keyValueList"":[{""key"":""buffReflectCount"",""type"":""System.Int32"",""value"":""1""}],""customData"":"""",""autoBindScript"":false}]"
weapon_036,RGPrefab/Weapon/weapon_036.prefab,,False,True,100,,"[]",False,"[{""item"":""material_iron"",""num"":3},{""item"":""material_gear"",""num"":3}]","[]","[]","[{""talentName"":""MasterAccurate"",""bindingScript"":""WModDeviation"",""keyValueList"":[{""key"":""buffDeviation"",""type"":""System.Int32"",""value"":""-10""}],""customData"":"""",""autoBindScript"":true},{""talentName"":""MasterReflection"",""bindingScript"":""WModReflection"",""keyValueList"":[{""key"":""buffReflectCount"",""type"":""System.Int32"",""value"":""1""}],""customData"":"""",""autoBindScript"":false}]"
weapon_037,RGPrefab/Weapon/weapon_037.prefab,,False,True,0,,"[]",False,"[{""item"":""material_iron"",""num"":6},{""item"":""material_gear"",""num"":5}]","[]","[]","[{""talentName"":""MasterAccurate"",""bindingScript"":""WModDeviation"",""keyValueList"":[{""key"":""buffDeviation"",""type"":""System.Int32"",""value"":""-10""}],""customData"":"""",""autoBindScript"":true},{""talentName"":""MasterReflection"",""bindingScript"":""WModReflection"",""keyValueList"":[{""key"":""buffReflectCount"",""type"":""System.Int32"",""value"":""1""}],""customData"":"""",""autoBindScript"":false}]"
weapon_038,RGPrefab/Weapon/weapon_038.prefab,,False,True,100,,"[]",False,"[{""item"":""material_iron"",""num"":3},{""item"":""material_gear"",""num"":4}]","[{""sourceWeapons"":[{""weapon"":""weapon_038""},{""weapon"":""weapon_180""}],""targetWeapon"":{""weapon"":""weapon_173""}}]","[]","[{""talentName"":""MasterShotgun"",""bindingScript"":""WModCount"",""keyValueList"":[{""key"":""buffCount"",""type"":""System.Int32"",""value"":""2""}],""customData"":"""",""autoBindScript"":true},{""talentName"":""MasterAccurate"",""bindingScript"":""WModDeviation"",""keyValueList"":[{""key"":""buffDeviation"",""type"":""System.Int32"",""value"":""-7""}],""customData"":"""",""autoBindScript"":true},{""talentName"":""MasterReflection"",""bindingScript"":""WModReflection"",""keyValueList"":[{""key"":""buffReflectCount"",""type"":""System.Int32"",""value"":""1""}],""customData"":"""",""autoBindScript"":false},{""talentName"":""MasterSwordRebound"",""bindingScript"":"""",""keyValueList"":[],""customData"":"""",""autoBindScript"":false}]"
weapon_039,RGPrefab/Weapon/weapon_039.prefab,,False,True,50,,"[]",False,"[{""item"":""material_iron"",""num"":3},{""item"":""material_gear"",""num"":3}]","[]","[]","[{""talentName"":""MasterAccurate"",""bindingScript"":""WModDeviation"",""keyValueList"":[{""key"":""buffDeviation"",""type"":""System.Int32"",""value"":""-10""}],""customData"":"""",""autoBindScript"":true},{""talentName"":""MasterReflection"",""bindingScript"":""WModReflection"",""keyValueList"":[{""key"":""buffReflectCount"",""type"":""System.Int32"",""value"":""1""}],""customData"":"""",""autoBindScript"":false}]"
weapon_040,RGPrefab/Weapon/weapon_040.prefab,,False,True,50,,"[]",False,"[{""item"":""material_iron"",""num"":5},{""item"":""material_gear"",""num"":5},{""item"":""material_magic_red"",""num"":1}]","[]","[]","[{""talentName"":""MasterShotgun"",""bindingScript"":""WModCount"",""keyValueList"":[{""key"":""buffCount"",""type"":""System.Int32"",""value"":""2""}],""customData"":"""",""autoBindScript"":true},{""talentName"":""MasterAccurate"",""bindingScript"":""WModDeviation"",""keyValueList"":[{""key"":""buffDeviation"",""type"":""System.Int32"",""value"":""-7""}],""customData"":"""",""autoBindScript"":true},{""talentName"":""MasterReflection"",""bindingScript"":""WModReflection"",""keyValueList"":[{""key"":""buffReflectCount"",""type"":""System.Int32"",""value"":""1""}],""customData"":"""",""autoBindScript"":false}]"
weapon_041,RGPrefab/Weapon/weapon_041.prefab,,False,True,100,,"[{""equipment"":""wi23_blue_paint""}]",False,"[{""item"":""material_iron"",""num"":6},{""item"":""material_gear"",""num"":6},{""item"":""material_magic_green"",""num"":2}]","[{""sourceWeapons"":[{""weapon"":""weapon_041""},{""weapon"":""weapon_173""}],""targetWeapon"":{""weapon"":""weapon_290""}}]","[]","[{""talentName"":""MasterShotgun"",""bindingScript"":""WModCount"",""keyValueList"":[{""key"":""buffCount"",""type"":""System.Int32"",""value"":""2""}],""customData"":"""",""autoBindScript"":true},{""talentName"":""MasterAccurate"",""bindingScript"":""WModDeviation"",""keyValueList"":[{""key"":""buffDeviation"",""type"":""System.Int32"",""value"":""-7""}],""customData"":"""",""autoBindScript"":true},{""talentName"":""MasterReflection"",""bindingScript"":""WModReflection"",""keyValueList"":[{""key"":""buffReflectCount"",""type"":""System.Int32"",""value"":""1""}],""customData"":"""",""autoBindScript"":false}]"
weapon_042,RGPrefab/Weapon/weapon_042.prefab,,False,True,100,,"[]",False,"[{""item"":""material_battery"",""num"":6},{""item"":""material_gear"",""num"":2},{""item"":""material_iron"",""num"":2},{""item"":""material_magic_green"",""num"":1}]","[]","[]","[{""talentName"":""MasterAccurate"",""bindingScript"":""WModDeviation"",""keyValueList"":[{""key"":""buffDeviation"",""type"":""System.Int32"",""value"":""-10""}],""customData"":"""",""autoBindScript"":true},{""talentName"":""MasterLaser"",""bindingScript"":""WModMasterLaser"",""keyValueList"":[{""key"":""buffAtk"",""type"":""System.Int32"",""value"":""0""},{""key"":""buffScale"",""type"":""System.Single"",""value"":""2""}],""customData"":"""",""autoBindScript"":true},{""talentName"":""MasterHold"",""bindingScript"":""WModHoldSpeed"",""keyValueList"":[{""key"":""buffSpeedFactor"",""type"":""System.Single"",""value"":""2""}],""customData"":"""",""autoBindScript"":true},{""talentName"":""MasterReflection"",""bindingScript"":""WModReflection"",""keyValueList"":[{""key"":""buffReflectCount"",""type"":""System.Int32"",""value"":""1""}],""customData"":"""",""autoBindScript"":true}]"
weapon_043,RGPrefab/Weapon/weapon_043.prefab,,False,True,100,,"[]",False,"[{""item"":""material_wood"",""num"":4},{""item"":""material_gear"",""num"":5},{""item"":""material_iron"",""num"":5},{""item"":""material_magic_red"",""num"":1}]","[]","[]","[{""talentName"":""MasterAccurate"",""bindingScript"":""WModDeviation"",""keyValueList"":[{""key"":""buffDeviation"",""type"":""System.Int32"",""value"":""-10""}],""customData"":"""",""autoBindScript"":true}]"
weapon_044,RGPrefab/Weapon/weapon_044.prefab,,False,True,150,,"[]",False,"[{""item"":""material_wood"",""num"":7},{""item"":""material_gear"",""num"":7},{""item"":""material_iron"",""num"":7},{""item"":""material_magic_red"",""num"":2}]","[]","[]","[{""talentName"":""MasterAccurate"",""bindingScript"":""WModDeviation"",""keyValueList"":[{""key"":""buffDeviation"",""type"":""System.Int32"",""value"":""-10""}],""customData"":"""",""autoBindScript"":true}]"
weapon_045,RGPrefab/Weapon/weapon_045.prefab,,False,True,50,,"[{""equipment"":""wi22_upgrade_kit""}]",False,"[{""item"":""material_iron"",""num"":1},{""item"":""material_gear"",""num"":2},{""item"":""material_battery"",""num"":3}]","[]","[]","[{""talentName"":""MasterAccurate"",""bindingScript"":""WModDeviation"",""keyValueList"":[{""key"":""buffDeviation"",""type"":""System.Int32"",""value"":""-7""}],""customData"":"""",""autoBindScript"":true},{""talentName"":""MasterHold"",""bindingScript"":""WModHoldSpeed"",""keyValueList"":[{""key"":""buffSpeedFactor"",""type"":""System.Single"",""value"":""2""}],""customData"":"""",""autoBindScript"":true}]"
weapon_046,RGPrefab/Weapon/weapon_046.prefab,,False,True,100,,"[]",False,"[{""item"":""material_battery"",""num"":5},{""item"":""material_gear"",""num"":3},{""item"":""material_iron"",""num"":3},{""item"":""material_magic_blue"",""num"":1}]","[]","[]","[{""talentName"":""MasterAccurate"",""bindingScript"":""WModDeviation"",""keyValueList"":[{""key"":""buffDeviation"",""type"":""System.Int32"",""value"":""-10""}],""customData"":"""",""autoBindScript"":true},{""talentName"":""MasterLaser"",""bindingScript"":""WModMasterLaser"",""keyValueList"":[{""key"":""buffAtk"",""type"":""System.Int32"",""value"":""0""},{""key"":""buffScale"",""type"":""System.Single"",""value"":""2""}],""customData"":"""",""autoBindScript"":true},{""talentName"":""MasterHold"",""bindingScript"":""WModHoldSpeed"",""keyValueList"":[{""key"":""buffSpeedFactor"",""type"":""System.Single"",""value"":""2""}],""customData"":"""",""autoBindScript"":true},{""talentName"":""MasterReflection"",""bindingScript"":""WModReflection"",""keyValueList"":[{""key"":""buffReflectCount"",""type"":""System.Int32"",""value"":""1""}],""customData"":"""",""autoBindScript"":true}]"
weapon_047,RGPrefab/Weapon/weapon_047.prefab,,False,True,150,,"[]",False,"[{""item"":""material_gear"",""num"":7},{""item"":""material_iron"",""num"":7},{""item"":""material_magic_purple"",""num"":1},{""item"":""material_magic_red"",""num"":2}]","[]","[]","[{""talentName"":""MasterShotgun"",""bindingScript"":""WModCount"",""keyValueList"":[{""key"":""buffCount"",""type"":""System.Int32"",""value"":""2""}],""customData"":"""",""autoBindScript"":true},{""talentName"":""MasterAccurate"",""bindingScript"":""WModDeviation"",""keyValueList"":[{""key"":""buffDeviation"",""type"":""System.Int32"",""value"":""-7""}],""customData"":"""",""autoBindScript"":true}]"
weapon_048,RGPrefab/Weapon/weapon_048.prefab,,False,True,50,,"[{""equipment"":""wi22_upgrade_kit""}]",False,"[{""item"":""material_iron"",""num"":2},{""item"":""material_gear"",""num"":2}]","[{""sourceWeapons"":[{""weapon"":""weapon_048""},{""weapon"":""weapon_048""}],""targetWeapon"":{""weapon"":""weapon_049""}}]","[]","[{""talentName"":""MasterAccurate"",""bindingScript"":""WModDeviation"",""keyValueList"":[{""key"":""buffDeviation"",""type"":""System.Int32"",""value"":""-10""}],""customData"":"""",""autoBindScript"":true},{""talentName"":""MasterContinuous"",""bindingScript"":""WModContinuousCount"",""keyValueList"":[{""key"":""buffContinuousCount"",""type"":""System.Int32"",""value"":""1""}],""customData"":"""",""autoBindScript"":true},{""talentName"":""MasterReflection"",""bindingScript"":""WModReflection"",""keyValueList"":[{""key"":""buffReflectCount"",""type"":""System.Int32"",""value"":""1""}],""customData"":"""",""autoBindScript"":false}]"
weapon_049,RGPrefab/Weapon/weapon_049.prefab,,False,True,100,,"[{""equipment"":""wi22_upgrade_kit""}]",False,"[{""item"":""material_iron"",""num"":4},{""item"":""material_gear"",""num"":4}]","[{""sourceWeapons"":[{""weapon"":""weapon_049""},{""weapon"":""weapon_049""}],""targetWeapon"":{""weapon"":""weapon_184""}}]","[]","[{""talentName"":""MasterAccurate"",""bindingScript"":""WModDeviation"",""keyValueList"":[{""key"":""buffDeviation"",""type"":""System.Int32"",""value"":""-10""}],""customData"":"""",""autoBindScript"":true},{""talentName"":""MasterContinuous"",""bindingScript"":""WModContinuousCount"",""keyValueList"":[{""key"":""buffContinuousCount"",""type"":""System.Int32"",""value"":""1""}],""customData"":"""",""autoBindScript"":true},{""talentName"":""MasterReflection"",""bindingScript"":""WModReflection"",""keyValueList"":[{""key"":""buffReflectCount"",""type"":""System.Int32"",""value"":""1""}],""customData"":"""",""autoBindScript"":false}]"
weapon_050,RGPrefab/Weapon/weapon_050.prefab,,False,True,50,,"[]",False,"[{""item"":""material_iron"",""num"":3},{""item"":""material_gear"",""num"":3}]","[]","[]","[{""talentName"":""MasterAccurate"",""bindingScript"":""WModDeviation"",""keyValueList"":[{""key"":""buffDeviation"",""type"":""System.Int32"",""value"":""-10""}],""customData"":"""",""autoBindScript"":true},{""talentName"":""MasterReflection"",""bindingScript"":""WModReflection"",""keyValueList"":[{""key"":""buffReflectCount"",""type"":""System.Int32"",""value"":""1""}],""customData"":"""",""autoBindScript"":false}]"
weapon_051,RGPrefab/Weapon/weapon_051.prefab,,False,True,0,,"[{""equipment"":""wi22_upgrade_kit""}]",False,"[{""item"":""material_iron"",""num"":1},{""item"":""material_battery"",""num"":2}]","[]","[]","[{""talentName"":""MasterAccurate"",""bindingScript"":""WModDeviation"",""keyValueList"":[{""key"":""buffDeviation"",""type"":""System.Int32"",""value"":""-7""}],""customData"":"""",""autoBindScript"":true},{""talentName"":""MasterHold"",""bindingScript"":""WModHoldSpeed"",""keyValueList"":[{""key"":""buffSpeedFactor"",""type"":""System.Single"",""value"":""2""}],""customData"":"""",""autoBindScript"":true}]"
weapon_052,RGPrefab/Weapon/weapon_052.prefab,,False,True,0,,"[{""equipment"":""wi22_upgrade_kit""}]",False,"[{""item"":""material_iron"",""num"":3},{""item"":""material_gear"",""num"":2}]","[]","[]","[{""talentName"":""MasterShotgun"",""bindingScript"":""WModCount"",""keyValueList"":[{""key"":""buffCount"",""type"":""System.Int32"",""value"":""2""}],""customData"":"""",""autoBindScript"":true},{""talentName"":""MasterAccurate"",""bindingScript"":""WModDeviation"",""keyValueList"":[{""key"":""buffDeviation"",""type"":""System.Int32"",""value"":""-7""}],""customData"":"""",""autoBindScript"":true},{""talentName"":""MasterReflection"",""bindingScript"":""WModReflection"",""keyValueList"":[{""key"":""buffReflectCount"",""type"":""System.Int32"",""value"":""1""}],""customData"":"""",""autoBindScript"":false}]"
weapon_053,RGPrefab/Weapon/weapon_053.prefab,,False,True,50,,"[{""equipment"":""wi22_upgrade_kit""}]",False,"[{""item"":""material_iron"",""num"":4},{""item"":""material_gear"",""num"":2}]","[]","[]","[{""talentName"":""MasterShotgun"",""bindingScript"":""WModCount"",""keyValueList"":[{""key"":""buffCount"",""type"":""System.Int32"",""value"":""2""}],""customData"":"""",""autoBindScript"":true},{""talentName"":""MasterAccurate"",""bindingScript"":""WModDeviation"",""keyValueList"":[{""key"":""buffDeviation"",""type"":""System.Int32"",""value"":""-7""}],""customData"":"""",""autoBindScript"":true},{""talentName"":""MasterReflection"",""bindingScript"":""WModReflection"",""keyValueList"":[{""key"":""buffReflectCount"",""type"":""System.Int32"",""value"":""1""}],""customData"":"""",""autoBindScript"":false}]"
weapon_054,RGPrefab/Weapon/weapon_054.prefab,,False,True,100,,"[]",False,"[{""item"":""material_iron"",""num"":5},{""item"":""material_gear"",""num"":4}]","[]","[]","[{""talentName"":""MasterShotgun"",""bindingScript"":""WModCount"",""keyValueList"":[{""key"":""buffCount"",""type"":""System.Int32"",""value"":""2""}],""customData"":"""",""autoBindScript"":true},{""talentName"":""MasterAccurate"",""bindingScript"":""WModDeviation"",""keyValueList"":[{""key"":""buffDeviation"",""type"":""System.Int32"",""value"":""-7""}],""customData"":"""",""autoBindScript"":true}]"
weapon_055,RGPrefab/Weapon/weapon_055.prefab,,False,True,50,,"[{""equipment"":""wi22_upgrade_kit""}]",False,"[{""item"":""material_iron"",""num"":2},{""item"":""material_gear"",""num"":2}]","[]","[]","[{""talentName"":""MasterAccurate"",""bindingScript"":""WModDeviation"",""keyValueList"":[{""key"":""buffDeviation"",""type"":""System.Int32"",""value"":""-10""}],""customData"":"""",""autoBindScript"":true},{""talentName"":""MasterReflection"",""bindingScript"":""WModReflection"",""keyValueList"":[{""key"":""buffReflectCount"",""type"":""System.Int32"",""value"":""1""}],""customData"":"""",""autoBindScript"":false}]"
weapon_056,RGPrefab/Weapon/weapon_056.prefab,,False,True,150,,"[]",False,"[{""item"":""material_wood"",""num"":3},{""item"":""material_gear"",""num"":4},{""item"":""material_iron"",""num"":3}]","[]","[]","[{""talentName"":""MasterAccurate"",""bindingScript"":""WModDeviation"",""keyValueList"":[{""key"":""buffDeviation"",""type"":""System.Int32"",""value"":""-10""}],""customData"":"""",""autoBindScript"":true}]"
weapon_057,RGPrefab/Weapon/weapon_057.prefab,,False,True,0,,"[{""equipment"":""wi22_upgrade_kit""}]",False,"[{""item"":""material_iron"",""num"":2},{""item"":""material_gear"",""num"":2}]","[{""sourceWeapons"":[{""weapon"":""weapon_057""},{""weapon"":""weapon_057""}],""targetWeapon"":{""weapon"":""weapon_058""}}]","[]","[{""talentName"":""MasterAccurate"",""bindingScript"":""WModDeviation"",""keyValueList"":[{""key"":""buffDeviation"",""type"":""System.Int32"",""value"":""-10""}],""customData"":"""",""autoBindScript"":true},{""talentName"":""MasterReflection"",""bindingScript"":""WModReflection"",""keyValueList"":[{""key"":""buffReflectCount"",""type"":""System.Int32"",""value"":""1""}],""customData"":"""",""autoBindScript"":false}]"
weapon_058,RGPrefab/Weapon/weapon_058.prefab,,False,True,50,,"[]",False,"[{""item"":""material_iron"",""num"":2},{""item"":""material_gear"",""num"":2}]","[]","[]","[{""talentName"":""MasterAccurate"",""bindingScript"":""WModDeviation"",""keyValueList"":[{""key"":""buffDeviation"",""type"":""System.Int32"",""value"":""-10""}],""customData"":"""",""autoBindScript"":true},{""talentName"":""MasterReflection"",""bindingScript"":""WModReflection"",""keyValueList"":[{""key"":""buffReflectCount"",""type"":""System.Int32"",""value"":""1""}],""customData"":"""",""autoBindScript"":false}]"
weapon_059,RGPrefab/Weapon/weapon_059.prefab,,False,True,100,,"[]",False,"[{""item"":""material_iron"",""num"":1},{""item"":""material_gear"",""num"":1},{""item"":""material_battery"",""num"":3}]","[]","[]","[{""talentName"":""MasterAccurate"",""bindingScript"":""WModDeviation"",""keyValueList"":[{""key"":""buffDeviation"",""type"":""System.Int32"",""value"":""-7""}],""customData"":"""",""autoBindScript"":true},{""talentName"":""MasterHold"",""bindingScript"":""WModHoldSpeed"",""keyValueList"":[{""key"":""buffSpeedFactor"",""type"":""System.Single"",""value"":""2""}],""customData"":"""",""autoBindScript"":true}]"
weapon_060,RGPrefab/Weapon/weapon_060.prefab,,False,True,0,,"[]",False,"[{""item"":""material_wood"",""num"":1},{""item"":""material_iron"",""num"":2}]","[]","[]","[{""talentName"":""MasterAccurate"",""bindingScript"":""WModDeviation"",""keyValueList"":[{""key"":""buffDeviation"",""type"":""System.Int32"",""value"":""-10""}],""customData"":"""",""autoBindScript"":true},{""talentName"":""MasterReflection"",""bindingScript"":""WModReflection"",""keyValueList"":[{""key"":""buffReflectCount"",""type"":""System.Int32"",""value"":""1""}],""customData"":"""",""autoBindScript"":false}]"
weapon_061,RGPrefab/Weapon/weapon_061.prefab,,False,True,0,,"[]",False,"[{""item"":""material_wood"",""num"":1},{""item"":""material_gear"",""num"":2},{""item"":""material_iron"",""num"":2}]","[]","[]","[{""talentName"":""MasterShotgun"",""bindingScript"":""WModCount"",""keyValueList"":[{""key"":""buffCount"",""type"":""System.Int32"",""value"":""2""}],""customData"":"""",""autoBindScript"":true},{""talentName"":""MasterAccurate"",""bindingScript"":""WModDeviation"",""keyValueList"":[{""key"":""buffDeviation"",""type"":""System.Int32"",""value"":""-7""}],""customData"":"""",""autoBindScript"":true}]"
weapon_062,RGPrefab/Weapon/weapon_062.prefab,,False,True,0,,"[]",False,"[{""item"":""material_iron"",""num"":2},{""item"":""material_wood"",""num"":1}]","[]","[]","[{""talentName"":""MasterSwordRange"",""bindingScript"":""WModBulletSizeMelee"",""keyValueList"":[{""key"":""buffScale"",""type"":""System.Single"",""value"":""1.2""},{""key"":""levelScale"",""type"":""System.Single"",""value"":""1.1""}],""customData"":"""",""autoBindScript"":true},{""talentName"":""MasterSwordRebound"",""bindingScript"":"""",""keyValueList"":[],""customData"":"""",""autoBindScript"":false}]"
weapon_063,RGPrefab/Weapon/weapon_063.prefab,,False,True,0,,"[]",False,"[{""item"":""material_iron"",""num"":3},{""item"":""material_wood"",""num"":1}]","[]","[]","[{""talentName"":""MasterSwordRange"",""bindingScript"":""WModBulletSizeMelee"",""keyValueList"":[{""key"":""buffScale"",""type"":""System.Single"",""value"":""1.2""},{""key"":""levelScale"",""type"":""System.Single"",""value"":""1.1""}],""customData"":"""",""autoBindScript"":true},{""talentName"":""MasterSwordRebound"",""bindingScript"":"""",""keyValueList"":[],""customData"":"""",""autoBindScript"":false}]"
weapon_064,RGPrefab/Weapon/weapon_064.prefab,,False,True,0,,"[{""equipment"":""wi21_time_machine""},{""equipment"":""wi22_upgrade_kit""}]",False,"[{""item"":""material_iron"",""num"":4},{""item"":""material_wood"",""num"":2}]","[]","[]","[{""talentName"":""MasterSwordRange"",""bindingScript"":""WModBulletSizeMelee"",""keyValueList"":[{""key"":""buffScale"",""type"":""System.Single"",""value"":""1.2""},{""key"":""levelScale"",""type"":""System.Single"",""value"":""1.1""}],""customData"":"""",""autoBindScript"":true},{""talentName"":""MasterReflection"",""bindingScript"":""WModReflection"",""keyValueList"":[{""key"":""buffReflectCount"",""type"":""System.Int32"",""value"":""1""}],""customData"":"""",""autoBindScript"":false},{""talentName"":""MasterSwordRebound"",""bindingScript"":"""",""keyValueList"":[],""customData"":"""",""autoBindScript"":false}]"
weapon_065,RGPrefab/Weapon/weapon_065.prefab,,False,True,0,,"[]",False,"[{""item"":""material_iron"",""num"":2},{""item"":""material_wood"",""num"":1}]","[]","[]","[{""talentName"":""MasterSwordRange"",""bindingScript"":""WModBulletSizeMelee"",""keyValueList"":[{""key"":""buffScale"",""type"":""System.Single"",""value"":""1.2""},{""key"":""levelScale"",""type"":""System.Single"",""value"":""1.1""}],""customData"":"""",""autoBindScript"":true},{""talentName"":""MasterSwordRebound"",""bindingScript"":"""",""keyValueList"":[],""customData"":"""",""autoBindScript"":false}]"
weapon_066,RGPrefab/Weapon/weapon_066.prefab,,False,True,0,,"[{""equipment"":""wi21_time_machine""}]",False,"[{""item"":""material_iron"",""num"":3},{""item"":""material_wood"",""num"":1}]","[]","[]","[{""talentName"":""MasterSwordRange"",""bindingScript"":""WModBulletSizeMelee"",""keyValueList"":[{""key"":""buffScale"",""type"":""System.Single"",""value"":""1.2""},{""key"":""levelScale"",""type"":""System.Single"",""value"":""1.1""}],""customData"":"""",""autoBindScript"":true},{""talentName"":""MasterSwordRebound"",""bindingScript"":"""",""keyValueList"":[],""customData"":"""",""autoBindScript"":false}]"
weapon_067,RGPrefab/Weapon/weapon_067.prefab,,False,True,0,,"[]",False,"[{""item"":""material_iron"",""num"":3},{""item"":""material_wood"",""num"":1}]","[]","[]","[{""talentName"":""MasterSwordRange"",""bindingScript"":""WModBulletSizeMelee"",""keyValueList"":[{""key"":""buffScale"",""type"":""System.Single"",""value"":""1.2""},{""key"":""levelScale"",""type"":""System.Single"",""value"":""1.1""}],""customData"":"""",""autoBindScript"":true},{""talentName"":""MasterSwordRebound"",""bindingScript"":"""",""keyValueList"":[],""customData"":"""",""autoBindScript"":false}]"
weapon_068,RGPrefab/Weapon/weapon_068.prefab,,False,True,0,,"[]",False,"[{""item"":""material_iron"",""num"":2},{""item"":""material_wood"",""num"":2}]","[{""sourceWeapons"":[{""weapon"":""weapon_068""},{""weapon"":""weapon_202""}],""targetWeapon"":{""weapon"":""weapon_197""}}]","[]","[{""talentName"":""MasterContinuous"",""bindingScript"":""WModContinuousCount"",""keyValueList"":[{""key"":""buffContinuousCount"",""type"":""System.Int32"",""value"":""1""}],""customData"":"""",""autoBindScript"":true},{""talentName"":""MasterHold"",""bindingScript"":""WModHoldSpeed"",""keyValueList"":[{""key"":""buffSpeedFactor"",""type"":""System.Single"",""value"":""2""}],""customData"":"""",""autoBindScript"":true},{""talentName"":""MasterSwordRange"",""bindingScript"":""WModBulletSizeMelee"",""keyValueList"":[{""key"":""buffScale"",""type"":""System.Single"",""value"":""1.2""},{""key"":""levelScale"",""type"":""System.Single"",""value"":""1.1""}],""customData"":"""",""autoBindScript"":true},{""talentName"":""MasterSwordRebound"",""bindingScript"":"""",""keyValueList"":[],""customData"":"""",""autoBindScript"":false}]"
weapon_069,RGPrefab/Weapon/weapon_069.prefab,,False,True,0,,"[]",False,"[{""item"":""material_iron"",""num"":2},{""item"":""material_wood"",""num"":2}]","[]","[]","[{""talentName"":""MasterContinuous"",""bindingScript"":""WModContinuousCount"",""keyValueList"":[{""key"":""buffContinuousCount"",""type"":""System.Int32"",""value"":""1""}],""customData"":"""",""autoBindScript"":true},{""talentName"":""MasterHold"",""bindingScript"":""WModHoldSpeed"",""keyValueList"":[{""key"":""buffSpeedFactor"",""type"":""System.Single"",""value"":""2""}],""customData"":"""",""autoBindScript"":true},{""talentName"":""MasterSwordRange"",""bindingScript"":""WModBulletSizeMelee"",""keyValueList"":[{""key"":""buffScale"",""type"":""System.Single"",""value"":""1.2""},{""key"":""levelScale"",""type"":""System.Single"",""value"":""1.1""}],""customData"":"""",""autoBindScript"":true},{""talentName"":""MasterSwordRebound"",""bindingScript"":"""",""keyValueList"":[],""customData"":"""",""autoBindScript"":false}]"
weapon_070,RGPrefab/Weapon/weapon_070.prefab,,False,True,100,,"[]",False,"[{""item"":""material_iron"",""num"":6},{""item"":""material_wood"",""num"":5},{""item"":""material_magic_red"",""num"":1}]","[{""sourceWeapons"":[{""weapon"":""weapon_070""},{""weapon"":""weapon_338""}],""targetWeapon"":{""weapon"":""weapon_400""}}]","[]","[{""talentName"":""MasterShotgun"",""bindingScript"":""WModCount"",""keyValueList"":[{""key"":""buffCount"",""type"":""System.Int32"",""value"":""2""}],""customData"":"""",""autoBindScript"":true},{""talentName"":""MasterContinuous"",""bindingScript"":""WModContinuousCount"",""keyValueList"":[{""key"":""buffContinuousCount"",""type"":""System.Int32"",""value"":""1""}],""customData"":"""",""autoBindScript"":true},{""talentName"":""MasterHold"",""bindingScript"":""WModHoldSpeed"",""keyValueList"":[{""key"":""buffSpeedFactor"",""type"":""System.Single"",""value"":""2""}],""customData"":"""",""autoBindScript"":true},{""talentName"":""MasterSwordRange"",""bindingScript"":""WModBulletSizeMelee"",""keyValueList"":[{""key"":""buffScale"",""type"":""System.Single"",""value"":""1.2""},{""key"":""levelScale"",""type"":""System.Single"",""value"":""1.1""}],""customData"":"""",""autoBindScript"":true},{""talentName"":""MasterReflection"",""bindingScript"":""WModReflection"",""keyValueList"":[{""key"":""buffReflectCount"",""type"":""System.Int32"",""value"":""1""}],""customData"":"""",""autoBindScript"":false},{""talentName"":""MasterSwordRebound"",""bindingScript"":"""",""keyValueList"":[],""customData"":"""",""autoBindScript"":false}]"
weapon_071,RGPrefab/Weapon/weapon_071.prefab,,False,True,50,,"[]",False,"[{""item"":""material_iron"",""num"":5},{""item"":""material_wood"",""num"":3}]","[]","[]","[{""talentName"":""MasterSwordRange"",""bindingScript"":""WModBulletSizeMelee"",""keyValueList"":[{""key"":""buffScale"",""type"":""System.Single"",""value"":""1.2""},{""key"":""levelScale"",""type"":""System.Single"",""value"":""1.1""}],""customData"":"""",""autoBindScript"":true}]"
weapon_072,RGPrefab/Weapon/weapon_072.prefab,,False,True,0,,"[]",False,"[{""item"":""material_wood"",""num"":2},{""item"":""material_iron"",""num"":1}]","[{""sourceWeapons"":[{""weapon"":""weapon_072""},{""weapon"":""weapon_210""}],""targetWeapon"":{""weapon"":""weapon_076""}}]","[]","[{""talentName"":""MasterSwordRange"",""bindingScript"":""WModBulletSizeMelee"",""keyValueList"":[{""key"":""buffScale"",""type"":""System.Single"",""value"":""1.2""},{""key"":""levelScale"",""type"":""System.Single"",""value"":""1.1""}],""customData"":"""",""autoBindScript"":true},{""talentName"":""MasterSwordRebound"",""bindingScript"":"""",""keyValueList"":[],""customData"":"""",""autoBindScript"":false}]"
weapon_073,RGPrefab/Weapon/weapon_073.prefab,,False,True,0,,"[]",False,"[{""item"":""material_wood"",""num"":2},{""item"":""material_iron"",""num"":1}]","[{""sourceWeapons"":[{""weapon"":""weapon_073""},{""weapon"":""weapon_103""}],""targetWeapon"":{""weapon"":""weapon_157""}}]","[]","[{""talentName"":""MasterSwordRange"",""bindingScript"":""WModBulletSizeMelee"",""keyValueList"":[{""key"":""buffScale"",""type"":""System.Single"",""value"":""1.2""},{""key"":""levelScale"",""type"":""System.Single"",""value"":""1.1""}],""customData"":"""",""autoBindScript"":true},{""talentName"":""MasterSwordRebound"",""bindingScript"":"""",""keyValueList"":[],""customData"":"""",""autoBindScript"":false}]"
weapon_074,RGPrefab/Weapon/weapon_074.prefab,,False,True,100,,"[{""equipment"":""wi10_flame_stone""},{""equipment"":""wi4_helt""},{""equipment"":""wi4_helt_2""},{""equipment"":""wi4_helt_3""},{""equipment"":""wi9_energy_stone""},{""equipment"":""wi15_auto""}]",True,"[{""item"":""material_magic_blue"",""num"":1}]","[{""sourceWeapons"":[{""weapon"":""weapon_074""},{""weapon"":""weapon_075""},{""weapon"":""weapon_149""}],""targetWeapon"":{""weapon"":""weapon_245""}},{""sourceWeapons"":[{""weapon"":""weapon_074""},{""weapon"":""weapon_075""}],""targetWeapon"":{""weapon"":""weapon_325""}}]","[]","[{""talentName"":""MasterLaser"",""bindingScript"":""WModMasterLaser"",""keyValueList"":[{""key"":""buffAtk"",""type"":""System.Int32"",""value"":""2""},{""key"":""buffScale"",""type"":""System.Single"",""value"":""0.2""}],""customData"":"""",""autoBindScript"":true},{""talentName"":""MasterSwordRange"",""bindingScript"":""WModBulletSizeMelee"",""keyValueList"":[{""key"":""buffScale"",""type"":""System.Single"",""value"":""1.2""},{""key"":""levelScale"",""type"":""System.Single"",""value"":""1.1""}],""customData"":"""",""autoBindScript"":true},{""talentName"":""MasterSwordRebound"",""bindingScript"":"""",""keyValueList"":[],""customData"":"""",""autoBindScript"":false}]"
weapon_075,RGPrefab/Weapon/weapon_075.prefab,,False,True,100,,"[{""equipment"":""wi10_flame_stone""},{""equipment"":""wi4_helt""},{""equipment"":""wi4_helt_2""},{""equipment"":""wi4_helt_3""},{""equipment"":""wi9_energy_stone""},{""equipment"":""wi15_auto""}]",True,"[{""item"":""material_magic_red"",""num"":1}]","[{""sourceWeapons"":[{""weapon"":""weapon_074""},{""weapon"":""weapon_075""},{""weapon"":""weapon_149""}],""targetWeapon"":{""weapon"":""weapon_245""}}]","[]","[{""talentName"":""MasterLaser"",""bindingScript"":""WModMasterLaser"",""keyValueList"":[{""key"":""buffAtk"",""type"":""System.Int32"",""value"":""2""},{""key"":""buffScale"",""type"":""System.Single"",""value"":""0.2""}],""customData"":"""",""autoBindScript"":true},{""talentName"":""MasterSwordRange"",""bindingScript"":""WModBulletSizeMelee"",""keyValueList"":[{""key"":""buffScale"",""type"":""System.Single"",""value"":""1.2""},{""key"":""levelScale"",""type"":""System.Single"",""value"":""1.1""}],""customData"":"""",""autoBindScript"":true},{""talentName"":""MasterSwordRebound"",""bindingScript"":"""",""keyValueList"":[],""customData"":"""",""autoBindScript"":false}]"
weapon_076,RGPrefab/Weapon/weapon_076.prefab,,False,True,100,,"[]",False,"[{""item"":""material_wood"",""num"":2},{""item"":""material_iron"",""num"":2}]","[]","[]","[{""talentName"":""MasterShotgun"",""bindingScript"":""WModCount"",""keyValueList"":[{""key"":""buffCount"",""type"":""System.Int32"",""value"":""2""}],""customData"":"""",""autoBindScript"":true},{""talentName"":""MasterAccurate"",""bindingScript"":""WModDeviation"",""keyValueList"":[{""key"":""buffDeviation"",""type"":""System.Int32"",""value"":""-7""}],""customData"":"""",""autoBindScript"":true},{""talentName"":""MasterSwordRange"",""bindingScript"":""WModBulletSizeMelee"",""keyValueList"":[{""key"":""buffScale"",""type"":""System.Single"",""value"":""1.2""},{""key"":""levelScale"",""type"":""System.Single"",""value"":""1.1""}],""customData"":"""",""autoBindScript"":true},{""talentName"":""MasterReflection"",""bindingScript"":""WModReflection"",""keyValueList"":[{""key"":""buffReflectCount"",""type"":""System.Int32"",""value"":""1""}],""customData"":"""",""autoBindScript"":false},{""talentName"":""MasterSwordRebound"",""bindingScript"":"""",""keyValueList"":[],""customData"":"""",""autoBindScript"":false}]"
weapon_077,RGPrefab/Weapon/weapon_077.prefab,,False,True,200,,"[]",False,"[{""item"":""material_iron"",""num"":14},{""item"":""material_wood"",""num"":5},{""item"":""material_magic_red"",""num"":1},{""item"":""material_magic_green"",""num"":1}]","[]","[]","[{""talentName"":""MasterShotgun"",""bindingScript"":""WModCount"",""keyValueList"":[{""key"":""buffCount"",""type"":""System.Int32"",""value"":""2""}],""customData"":"""",""autoBindScript"":true},{""talentName"":""MasterAccurate"",""bindingScript"":""WModDeviation"",""keyValueList"":[{""key"":""buffDeviation"",""type"":""System.Int32"",""value"":""-7""}],""customData"":"""",""autoBindScript"":true},{""talentName"":""MasterSwordRange"",""bindingScript"":""WModBulletSizeMelee"",""keyValueList"":[{""key"":""buffScale"",""type"":""System.Single"",""value"":""1.2""},{""key"":""levelScale"",""type"":""System.Single"",""value"":""1.1""}],""customData"":"""",""autoBindScript"":true},{""talentName"":""MasterReflection"",""bindingScript"":""WModReflection"",""keyValueList"":[{""key"":""buffReflectCount"",""type"":""System.Int32"",""value"":""1""}],""customData"":"""",""autoBindScript"":false},{""talentName"":""MasterSwordRebound"",""bindingScript"":"""",""keyValueList"":[],""customData"":"""",""autoBindScript"":false}]"
weapon_078,RGPrefab/Weapon/weapon_078.prefab,,False,True,100,,"[]",False,"[{""item"":""material_iron"",""num"":8},{""item"":""material_wood"",""num"":2},{""item"":""material_magic_red"",""num"":1}]","[{""sourceWeapons"":[{""weapon"":""weapon_078""},{""weapon"":""weapon_079""}],""targetWeapon"":{""weapon"":""weapon_246""}}]","[]","[{""talentName"":""MasterShotgun"",""bindingScript"":""WModCount"",""keyValueList"":[{""key"":""buffCount"",""type"":""System.Int32"",""value"":""2""}],""customData"":"""",""autoBindScript"":true},{""talentName"":""MasterAccurate"",""bindingScript"":""WModDeviation"",""keyValueList"":[{""key"":""buffDeviation"",""type"":""System.Int32"",""value"":""-7""}],""customData"":"""",""autoBindScript"":true},{""talentName"":""MasterSwordRange"",""bindingScript"":""WModBulletSizeMelee"",""keyValueList"":[{""key"":""buffScale"",""type"":""System.Single"",""value"":""1.2""},{""key"":""levelScale"",""type"":""System.Single"",""value"":""1.1""}],""customData"":"""",""autoBindScript"":true},{""talentName"":""MasterReflection"",""bindingScript"":""WModReflection"",""keyValueList"":[{""key"":""buffReflectCount"",""type"":""System.Int32"",""value"":""1""}],""customData"":"""",""autoBindScript"":false},{""talentName"":""MasterSwordRebound"",""bindingScript"":"""",""keyValueList"":[],""customData"":"""",""autoBindScript"":false}]"
weapon_079,RGPrefab/Weapon/weapon_079.prefab,,False,True,100,,"[]",False,"[{""item"":""material_iron"",""num"":12},{""item"":""material_wood"",""num"":4},{""item"":""material_magic_blue"",""num"":1}]","[{""sourceWeapons"":[{""weapon"":""weapon_078""},{""weapon"":""weapon_079""}],""targetWeapon"":{""weapon"":""weapon_246""}}]","[]","[{""talentName"":""MasterShotgun"",""bindingScript"":""WModCount"",""keyValueList"":[{""key"":""buffCount"",""type"":""System.Int32"",""value"":""2""}],""customData"":"""",""autoBindScript"":true},{""talentName"":""MasterAccurate"",""bindingScript"":""WModDeviation"",""keyValueList"":[{""key"":""buffDeviation"",""type"":""System.Int32"",""value"":""-7""}],""customData"":"""",""autoBindScript"":true},{""talentName"":""MasterSwordRange"",""bindingScript"":""WModBulletSizeMelee"",""keyValueList"":[{""key"":""buffScale"",""type"":""System.Single"",""value"":""1.2""},{""key"":""levelScale"",""type"":""System.Single"",""value"":""1.1""}],""customData"":"""",""autoBindScript"":true},{""talentName"":""MasterReflection"",""bindingScript"":""WModReflection"",""keyValueList"":[{""key"":""buffReflectCount"",""type"":""System.Int32"",""value"":""1""}],""customData"":"""",""autoBindScript"":false},{""talentName"":""MasterSwordRebound"",""bindingScript"":"""",""keyValueList"":[],""customData"":"""",""autoBindScript"":false}]"
weapon_080,RGPrefab/Weapon/weapon_080.prefab,,False,True,0,,"[{""equipment"":""wi22_upgrade_kit""}]",False,"[{""item"":""material_wood"",""num"":2},{""item"":""material_iron"",""num"":1}]","[{""sourceWeapons"":[{""weapon"":""weapon_080""},{""weapon"":""weapon_080""}],""targetWeapon"":{""weapon"":""weapon_194""}}]","[]","[{""talentName"":""MasterAccurate"",""bindingScript"":""WModDeviation"",""keyValueList"":[{""key"":""buffDeviation"",""type"":""System.Int32"",""value"":""-10""}],""customData"":"""",""autoBindScript"":true},{""talentName"":""MasterHold"",""bindingScript"":""WModHoldSpeed"",""keyValueList"":[{""key"":""buffSpeedFactor"",""type"":""System.Single"",""value"":""2""}],""customData"":"""",""autoBindScript"":true},{""talentName"":""MasterReflection"",""bindingScript"":""WModReflection"",""keyValueList"":[{""key"":""buffReflectCount"",""type"":""System.Int32"",""value"":""1""}],""customData"":"""",""autoBindScript"":false}]"
weapon_081,RGPrefab/Weapon/weapon_081.prefab,,False,True,0,,"[]",False,"[{""item"":""material_wood"",""num"":3},{""item"":""material_iron"",""num"":2}]","[{""sourceWeapons"":[{""weapon"":""weapon_080""},{""weapon"":""weapon_081""}],""targetWeapon"":{""weapon"":""weapon_194""}},{""sourceWeapons"":[{""weapon"":""weapon_081""},{""weapon"":""weapon_081""}],""targetWeapon"":{""weapon"":""weapon_194""}}]","[]","[{""talentName"":""MasterAccurate"",""bindingScript"":""WModDeviation"",""keyValueList"":[{""key"":""buffDeviation"",""type"":""System.Int32"",""value"":""-10""}],""customData"":"""",""autoBindScript"":true},{""talentName"":""MasterHold"",""bindingScript"":""WModHoldSpeed"",""keyValueList"":[{""key"":""buffSpeedFactor"",""type"":""System.Single"",""value"":""2""}],""customData"":"""",""autoBindScript"":true},{""talentName"":""MasterReflection"",""bindingScript"":""WModReflection"",""keyValueList"":[{""key"":""buffReflectCount"",""type"":""System.Int32"",""value"":""1""}],""customData"":"""",""autoBindScript"":false}]"
weapon_082,RGPrefab/Weapon/weapon_082.prefab,,False,True,0,,"[]",False,"[{""item"":""material_wood"",""num"":3},{""item"":""material_iron"",""num"":2}]","[]","[]","[{""talentName"":""MasterAccurate"",""bindingScript"":""WModDeviation"",""keyValueList"":[{""key"":""buffDeviation"",""type"":""System.Int32"",""value"":""-10""}],""customData"":"""",""autoBindScript"":true},{""talentName"":""MasterHold"",""bindingScript"":""WModHoldSpeed"",""keyValueList"":[{""key"":""buffSpeedFactor"",""type"":""System.Single"",""value"":""2""}],""customData"":"""",""autoBindScript"":true},{""talentName"":""MasterReflection"",""bindingScript"":""WModReflection"",""keyValueList"":[{""key"":""buffReflectCount"",""type"":""System.Int32"",""value"":""1""}],""customData"":"""",""autoBindScript"":false}]"
weapon_083,RGPrefab/Weapon/weapon_083.prefab,,False,True,50,,"[]",False,"[{""item"":""material_wood"",""num"":2},{""item"":""material_iron"",""num"":2}]","[]","[]","[{""talentName"":""MasterAccurate"",""bindingScript"":""WModDeviation"",""keyValueList"":[{""key"":""buffDeviation"",""type"":""System.Int32"",""value"":""-10""}],""customData"":"""",""autoBindScript"":true},{""talentName"":""MasterHold"",""bindingScript"":""WModHoldSpeed"",""keyValueList"":[{""key"":""buffSpeedFactor"",""type"":""System.Single"",""value"":""2""}],""customData"":"""",""autoBindScript"":true}]"
weapon_084,RGPrefab/Weapon/weapon_084.prefab,,False,True,100,,"[]",False,"[{""item"":""material_wood"",""num"":4},{""item"":""material_iron"",""num"":3}]","[]","[]","[{""talentName"":""MasterAccurate"",""bindingScript"":""WModDeviation"",""keyValueList"":[{""key"":""buffDeviation"",""type"":""System.Int32"",""value"":""-10""}],""customData"":"""",""autoBindScript"":true},{""talentName"":""MasterHold"",""bindingScript"":""WModHoldSpeed"",""keyValueList"":[{""key"":""buffSpeedFactor"",""type"":""System.Single"",""value"":""2""}],""customData"":"""",""autoBindScript"":true},{""talentName"":""MasterReflection"",""bindingScript"":""WModReflection"",""keyValueList"":[{""key"":""buffReflectCount"",""type"":""System.Int32"",""value"":""1""}],""customData"":"""",""autoBindScript"":false}]"
weapon_085,RGPrefab/Weapon/weapon_085.prefab,,False,True,100,,"[]",False,"[{""item"":""material_wood"",""num"":4},{""item"":""material_iron"",""num"":3}]","[]","[]","[{""talentName"":""MasterAccurate"",""bindingScript"":""WModDeviation"",""keyValueList"":[{""key"":""buffDeviation"",""type"":""System.Int32"",""value"":""-10""}],""customData"":"""",""autoBindScript"":true},{""talentName"":""MasterHold"",""bindingScript"":""WModHoldSpeed"",""keyValueList"":[{""key"":""buffSpeedFactor"",""type"":""System.Single"",""value"":""2""}],""customData"":"""",""autoBindScript"":true},{""talentName"":""MasterReflection"",""bindingScript"":""WModReflection"",""keyValueList"":[{""key"":""buffReflectCount"",""type"":""System.Int32"",""value"":""1""}],""customData"":"""",""autoBindScript"":false}]"
weapon_086,RGPrefab/Weapon/weapon_086.prefab,,False,True,100,,"[]",False,"[{""item"":""material_wood"",""num"":4},{""item"":""material_iron"",""num"":3}]","[]","[]","[{""talentName"":""MasterAccurate"",""bindingScript"":""WModDeviation"",""keyValueList"":[{""key"":""buffDeviation"",""type"":""System.Int32"",""value"":""-10""}],""customData"":"""",""autoBindScript"":true},{""talentName"":""MasterHold"",""bindingScript"":""WModHoldSpeed"",""keyValueList"":[{""key"":""buffSpeedFactor"",""type"":""System.Single"",""value"":""2""}],""customData"":"""",""autoBindScript"":true},{""talentName"":""MasterReflection"",""bindingScript"":""WModReflection"",""keyValueList"":[{""key"":""buffReflectCount"",""type"":""System.Int32"",""value"":""1""}],""customData"":"""",""autoBindScript"":false}]"
weapon_087,RGPrefab/Weapon/weapon_087.prefab,,False,True,100,,"[]",False,"[{""item"":""material_wood"",""num"":4},{""item"":""material_iron"",""num"":3}]","[{""sourceWeapons"":[{""weapon"":""weapon_087""},{""weapon"":""weapon_086""},{""weapon"":""weapon_085""}],""targetWeapon"":{""weapon"":""weapon_247""}}]","[]","[{""talentName"":""MasterAccurate"",""bindingScript"":""WModDeviation"",""keyValueList"":[{""key"":""buffDeviation"",""type"":""System.Int32"",""value"":""-10""}],""customData"":"""",""autoBindScript"":true},{""talentName"":""MasterHold"",""bindingScript"":""WModHoldSpeed"",""keyValueList"":[{""key"":""buffSpeedFactor"",""type"":""System.Single"",""value"":""2""}],""customData"":"""",""autoBindScript"":true},{""talentName"":""MasterReflection"",""bindingScript"":""WModReflection"",""keyValueList"":[{""key"":""buffReflectCount"",""type"":""System.Int32"",""value"":""1""}],""customData"":"""",""autoBindScript"":false}]"
weapon_088,RGPrefab/Weapon/weapon_088.prefab,,False,True,100,,"[{""equipment"":""wi3_grindstone""},{""equipment"":""wi9_energy_stone""},{""equipment"":""wi14_ammo""},{""equipment"":""wi28_starfish_sword""}]",True,"[{""item"":""material_wood"",""num"":10},{""item"":""material_iron"",""num"":5}]","[{""sourceWeapons"":[{""weapon"":""weapon_088""},{""weapon"":""weapon_172""}],""targetWeapon"":{""weapon"":""weapon_089""}}]","[]","[{""talentName"":""MasterShotgun"",""bindingScript"":""WModCount"",""keyValueList"":[{""key"":""buffCount"",""type"":""System.Int32"",""value"":""2""}],""customData"":"""",""autoBindScript"":true},{""talentName"":""MasterAccurate"",""bindingScript"":""WModDeviation"",""keyValueList"":[{""key"":""buffDeviation"",""type"":""System.Int32"",""value"":""-7""}],""customData"":"""",""autoBindScript"":true},{""talentName"":""MasterHold"",""bindingScript"":""WModHoldSpeed"",""keyValueList"":[{""key"":""buffSpeedFactor"",""type"":""System.Single"",""value"":""2""}],""customData"":"""",""autoBindScript"":true},{""talentName"":""MasterReflection"",""bindingScript"":""WModReflection"",""keyValueList"":[{""key"":""buffReflectCount"",""type"":""System.Int32"",""value"":""1""}],""customData"":"""",""autoBindScript"":false}]"
weapon_089,RGPrefab/Weapon/weapon_089.prefab,,False,True,150,,"[{""equipment"":""wi3_grindstone""},{""equipment"":""wi9_energy_stone""},{""equipment"":""wi14_ammo""},{""equipment"":""wi28_starfish_sword""}]",True,"[{""item"":""material_wood"",""num"":12},{""item"":""material_magic_purple"",""num"":1},{""item"":""material_magic_red"",""num"":1},{""item"":""material_magic_blue"",""num"":1}]","[]","[]","[{""talentName"":""MasterShotgun"",""bindingScript"":""WModCount"",""keyValueList"":[{""key"":""buffCount"",""type"":""System.Int32"",""value"":""2""}],""customData"":"""",""autoBindScript"":true},{""talentName"":""MasterAccurate"",""bindingScript"":""WModDeviation"",""keyValueList"":[{""key"":""buffDeviation"",""type"":""System.Int32"",""value"":""-7""}],""customData"":"""",""autoBindScript"":true},{""talentName"":""MasterHold"",""bindingScript"":""WModHoldSpeed"",""keyValueList"":[{""key"":""buffSpeedFactor"",""type"":""System.Single"",""value"":""2""}],""customData"":"""",""autoBindScript"":true},{""talentName"":""MasterReflection"",""bindingScript"":""WModReflection"",""keyValueList"":[{""key"":""buffReflectCount"",""type"":""System.Int32"",""value"":""1""}],""customData"":"""",""autoBindScript"":false}]"
weapon_090,RGPrefab/Weapon/weapon_090.prefab,,False,True,100,,"[{""equipment"":""wi22_upgrade_kit""}]",False,"[{""item"":""material_wood"",""num"":3},{""item"":""material_cell"",""num"":3}]","[{""sourceWeapons"":[{""weapon"":""weapon_090""},{""weapon"":""weapon_090""}],""targetWeapon"":{""weapon"":""weapon_146""}}]","[]","[{""talentName"":""MasterAccurate"",""bindingScript"":""WModDeviation"",""keyValueList"":[{""key"":""buffDeviation"",""type"":""System.Int32"",""value"":""-10""}],""customData"":"""",""autoBindScript"":true},{""talentName"":""MasterReflection"",""bindingScript"":""WModReflection"",""keyValueList"":[{""key"":""buffReflectCount"",""type"":""System.Int32"",""value"":""1""}],""customData"":"""",""autoBindScript"":false}]"
weapon_091,RGPrefab/Weapon/weapon_091.prefab,,False,True,50,,"[]",False,"[{""item"":""material_wood"",""num"":4}]","[]","[]","[{""talentName"":""MasterAccurate"",""bindingScript"":""WModDeviation"",""keyValueList"":[{""key"":""buffDeviation"",""type"":""System.Int32"",""value"":""-10""}],""customData"":"""",""autoBindScript"":true},{""talentName"":""MasterReflection"",""bindingScript"":""WModReflection"",""keyValueList"":[{""key"":""buffReflectCount"",""type"":""System.Int32"",""value"":""1""}],""customData"":"""",""autoBindScript"":false}]"
weapon_092,RGPrefab/Weapon/weapon_092.prefab,,False,True,100,,"[]",False,"[{""item"":""material_iron"",""num"":3},{""item"":""material_gear"",""num"":3},{""item"":""material_battery"",""num"":3},{""item"":""material_magic_green"",""num"":1}]","[]","[]","[{""talentName"":""MasterShotgun"",""bindingScript"":""WModCount"",""keyValueList"":[{""key"":""buffCount"",""type"":""System.Int32"",""value"":""2""}],""customData"":"""",""autoBindScript"":true},{""talentName"":""MasterAccurate"",""bindingScript"":""WModDeviation"",""keyValueList"":[{""key"":""buffDeviation"",""type"":""System.Int32"",""value"":""-7""}],""customData"":"""",""autoBindScript"":true},{""talentName"":""MasterLaser"",""bindingScript"":""WModMasterLaser"",""keyValueList"":[{""key"":""buffAtk"",""type"":""System.Int32"",""value"":""0""},{""key"":""buffScale"",""type"":""System.Single"",""value"":""2""}],""customData"":"""",""autoBindScript"":true},{""talentName"":""MasterReflection"",""bindingScript"":""WModReflection"",""keyValueList"":[{""key"":""buffReflectCount"",""type"":""System.Int32"",""value"":""1""}],""customData"":"""",""autoBindScript"":true}]"
weapon_093,RGPrefab/Weapon/weapon_093.prefab,,False,True,100,,"[{""equipment"":""wi19_portable_oven""}]",False,"[{""item"":""material_cell"",""num"":3}]","[{""sourceWeapons"":[{""weapon"":""weapon_093""},{""weapon"":""weapon_101""}],""targetWeapon"":{""weapon"":""weapon_094""}}]","[]","[{""talentName"":""MasterAccurate"",""bindingScript"":""WModDeviation"",""keyValueList"":[{""key"":""buffDeviation"",""type"":""System.Int32"",""value"":""-7""}],""customData"":"""",""autoBindScript"":true},{""talentName"":""MasterHold"",""bindingScript"":""WModHoldSpeed"",""keyValueList"":[{""key"":""buffSpeedFactor"",""type"":""System.Single"",""value"":""2""}],""customData"":"""",""autoBindScript"":true},{""talentName"":""MasterShotgun"",""bindingScript"":""WModCount"",""keyValueList"":[{""key"":""buffCount"",""type"":""System.Int32"",""value"":""2""}],""customData"":"""",""autoBindScript"":true}]"
weapon_094,RGPrefab/Weapon/weapon_094.prefab,,False,True,150,,"[{""equipment"":""wi19_portable_oven""},{""equipment"":""wi29_binary_jellyfish""}]",False,"[{""item"":""material_cell"",""num"":10}]","[]","[]","[{""talentName"":""MasterAccurate"",""bindingScript"":""WModDeviation"",""keyValueList"":[{""key"":""buffDeviation"",""type"":""System.Int32"",""value"":""-10""}],""customData"":"""",""autoBindScript"":true},{""talentName"":""MasterLaser"",""bindingScript"":""WModMasterLaser"",""keyValueList"":[{""key"":""buffAtk"",""type"":""System.Int32"",""value"":""0""},{""key"":""buffScale"",""type"":""System.Single"",""value"":""2""}],""customData"":"""",""autoBindScript"":true},{""talentName"":""MasterHold"",""bindingScript"":""WModHoldSpeed"",""keyValueList"":[{""key"":""buffSpeedFactor"",""type"":""System.Single"",""value"":""2""}],""customData"":"""",""autoBindScript"":true},{""talentName"":""MasterReflection"",""bindingScript"":""WModReflection"",""keyValueList"":[{""key"":""buffReflectCount"",""type"":""System.Int32"",""value"":""1""}],""customData"":"""",""autoBindScript"":true}]"
weapon_095,RGPrefab/Weapon/weapon_095.prefab,,False,True,200,,"[]",False,"[{""item"":""material_iron"",""num"":18},{""item"":""material_magic_blue"",""num"":2},{""item"":""material_magic_green"",""num"":1}]","[]","[]","[{""talentName"":""MasterSwordRebound"",""bindingScript"":"""",""keyValueList"":[],""customData"":"""",""autoBindScript"":false}]"
weapon_096,RGPrefab/Weapon/weapon_096.prefab,,False,True,0,,"[]",False,"[{""item"":""material_cell"",""num"":4}]","[]","[]","[{""talentName"":""MasterAccurate"",""bindingScript"":""WModDeviation"",""keyValueList"":[{""key"":""buffDeviation"",""type"":""System.Int32"",""value"":""-10""}],""customData"":"""",""autoBindScript"":true},{""talentName"":""MasterReflection"",""bindingScript"":""WModReflection"",""keyValueList"":[{""key"":""buffReflectCount"",""type"":""System.Int32"",""value"":""1""}],""customData"":"""",""autoBindScript"":false}]"
weapon_097,RGPrefab/Weapon/weapon_097.prefab,,False,True,0,,"[]",False,"[{""item"":""material_cell"",""num"":4}]","[]","[]","[{""talentName"":""MasterAccurate"",""bindingScript"":""WModDeviation"",""keyValueList"":[{""key"":""buffDeviation"",""type"":""System.Int32"",""value"":""-10""}],""customData"":"""",""autoBindScript"":true}]"
weapon_098,RGPrefab/Weapon/weapon_098.prefab,,False,True,50,,"[{""equipment"":""wi19_portable_oven""}]",False,"[{""item"":""material_cell"",""num"":4}]","[{""sourceWeapons"":[{""weapon"":""weapon_202""},{""weapon"":""weapon_098""}],""targetWeapon"":{""weapon"":""weapon_115""}}]","[]","[{""talentName"":""MasterSwordRange"",""bindingScript"":""WModBulletSizeMelee"",""keyValueList"":[{""key"":""buffScale"",""type"":""System.Single"",""value"":""1.2""},{""key"":""levelScale"",""type"":""System.Single"",""value"":""1.1""}],""customData"":"""",""autoBindScript"":true},{""talentName"":""MasterReflection"",""bindingScript"":""WModReflection"",""keyValueList"":[{""key"":""buffReflectCount"",""type"":""System.Int32"",""value"":""1""}],""customData"":"""",""autoBindScript"":false},{""talentName"":""MasterSwordRebound"",""bindingScript"":"""",""keyValueList"":[],""customData"":"""",""autoBindScript"":false}]"
weapon_099,RGPrefab/Weapon/weapon_099.prefab,,False,True,50,,"[{""equipment"":""wi19_portable_oven""}]",False,"[{""item"":""material_cell"",""num"":4}]","[]","[]","[{""talentName"":""MasterSwordRange"",""bindingScript"":""WModBulletSizeMelee"",""keyValueList"":[{""key"":""buffScale"",""type"":""System.Single"",""value"":""1.2""},{""key"":""levelScale"",""type"":""System.Single"",""value"":""1.1""}],""customData"":"""",""autoBindScript"":true},{""talentName"":""MasterSwordRebound"",""bindingScript"":"""",""keyValueList"":[],""customData"":"""",""autoBindScript"":false}]"
weapon_100,RGPrefab/Weapon/weapon_100.prefab,,False,True,100,,"[]",False,"[{""item"":""material_wood"",""num"":5}]","[]","[]","[{""talentName"":""MasterSwordRange"",""bindingScript"":""WModBulletSizeMelee"",""keyValueList"":[{""key"":""buffScale"",""type"":""System.Single"",""value"":""1.2""},{""key"":""levelScale"",""type"":""System.Single"",""value"":""1.1""}],""customData"":"""",""autoBindScript"":true},{""talentName"":""MasterReflection"",""bindingScript"":""WModReflection"",""keyValueList"":[{""key"":""buffReflectCount"",""type"":""System.Int32"",""value"":""1""}],""customData"":"""",""autoBindScript"":false},{""talentName"":""MasterSwordRebound"",""bindingScript"":"""",""keyValueList"":[],""customData"":"""",""autoBindScript"":false}]"
weapon_101,RGPrefab/Weapon/weapon_101.prefab,,False,True,100,,"[]",False,"[{""item"":""material_iron"",""num"":3},{""item"":""material_gear"",""num"":3},{""item"":""material_battery"",""num"":3}]","[]","[]","[{""talentName"":""MasterAccurate"",""bindingScript"":""WModDeviation"",""keyValueList"":[{""key"":""buffDeviation"",""type"":""System.Int32"",""value"":""-10""}],""customData"":"""",""autoBindScript"":true},{""talentName"":""MasterLaser"",""bindingScript"":""WModMasterLaser"",""keyValueList"":[{""key"":""buffAtk"",""type"":""System.Int32"",""value"":""1""},{""key"":""buffScale"",""type"":""System.Single"",""value"":""2""}],""customData"":"""",""autoBindScript"":true},{""talentName"":""MasterReflection"",""bindingScript"":""WModReflection"",""keyValueList"":[{""key"":""buffReflectCount"",""type"":""System.Int32"",""value"":""1""}],""customData"":"""",""autoBindScript"":true}]"
weapon_102,RGPrefab/Weapon/weapon_102.prefab,,False,True,100,,"[]",False,"[{""item"":""material_iron"",""num"":2},{""item"":""material_gear"",""num"":2},{""item"":""material_battery"",""num"":2}]","[]","[]","[{""talentName"":""MasterAccurate"",""bindingScript"":""WModDeviation"",""keyValueList"":[{""key"":""buffDeviation"",""type"":""System.Int32"",""value"":""-10""}],""customData"":"""",""autoBindScript"":true},{""talentName"":""MasterLaser"",""bindingScript"":""WModMasterLaser"",""keyValueList"":[{""key"":""buffAtk"",""type"":""System.Int32"",""value"":""1""},{""key"":""buffScale"",""type"":""System.Single"",""value"":""2""}],""customData"":"""",""autoBindScript"":true},{""talentName"":""MasterReflection"",""bindingScript"":""WModReflection"",""keyValueList"":[{""key"":""buffReflectCount"",""type"":""System.Int32"",""value"":""1""}],""customData"":"""",""autoBindScript"":true}]"
weapon_103,RGPrefab/Weapon/weapon_103.prefab,,False,True,50,,"[]",False,"[{""item"":""material_iron"",""num"":2},{""item"":""material_gear"",""num"":2},{""item"":""material_battery"",""num"":2}]","[]","[]","[{""talentName"":""MasterAccurate"",""bindingScript"":""WModDeviation"",""keyValueList"":[{""key"":""buffDeviation"",""type"":""System.Int32"",""value"":""-10""}],""customData"":"""",""autoBindScript"":true},{""talentName"":""MasterLaser"",""bindingScript"":""WModMasterLaser"",""keyValueList"":[{""key"":""buffAtk"",""type"":""System.Int32"",""value"":""1""},{""key"":""buffScale"",""type"":""System.Single"",""value"":""2""}],""customData"":"""",""autoBindScript"":true},{""talentName"":""MasterReflection"",""bindingScript"":""WModReflection"",""keyValueList"":[{""key"":""buffReflectCount"",""type"":""System.Int32"",""value"":""1""}],""customData"":"""",""autoBindScript"":true}]"
weapon_104,RGPrefab/Weapon/weapon_104.prefab,,False,True,50,,"[]",False,"[{""item"":""material_iron"",""num"":2},{""item"":""material_gear"",""num"":2},{""item"":""material_battery"",""num"":3}]","[{""sourceWeapons"":[{""weapon"":""weapon_104""},{""weapon"":""weapon_104""}],""targetWeapon"":{""weapon"":""weapon_092""}}]","[]","[{""talentName"":""MasterAccurate"",""bindingScript"":""WModDeviation"",""keyValueList"":[{""key"":""buffDeviation"",""type"":""System.Int32"",""value"":""-10""}],""customData"":"""",""autoBindScript"":true},{""talentName"":""MasterLaser"",""bindingScript"":""WModMasterLaser"",""keyValueList"":[{""key"":""buffAtk"",""type"":""System.Int32"",""value"":""1""},{""key"":""buffScale"",""type"":""System.Single"",""value"":""2""}],""customData"":"""",""autoBindScript"":true},{""talentName"":""MasterReflection"",""bindingScript"":""WModReflection"",""keyValueList"":[{""key"":""buffReflectCount"",""type"":""System.Int32"",""value"":""1""}],""customData"":"""",""autoBindScript"":true}]"
weapon_105,RGPrefab/Weapon/weapon_105.prefab,,False,True,50,,"[]",False,"[{""item"":""material_wood"",""num"":2},{""item"":""material_iron"",""num"":2}]","[]","[]","[{""talentName"":""MasterShotgun"",""bindingScript"":""WModCount"",""keyValueList"":[{""key"":""buffCount"",""type"":""System.Int32"",""value"":""2""}],""customData"":"""",""autoBindScript"":true},{""talentName"":""MasterAccurate"",""bindingScript"":""WModDeviation"",""keyValueList"":[{""key"":""buffDeviation"",""type"":""System.Int32"",""value"":""-7""}],""customData"":"""",""autoBindScript"":true},{""talentName"":""MasterReflection"",""bindingScript"":""WModReflection"",""keyValueList"":[{""key"":""buffReflectCount"",""type"":""System.Int32"",""value"":""1""}],""customData"":"""",""autoBindScript"":false}]"
weapon_106,RGPrefab/Weapon/weapon_106.prefab,,False,True,0,,"[{""equipment"":""wi22_upgrade_kit""}]",False,"[{""item"":""material_wood"",""num"":2},{""item"":""material_iron"",""num"":1}]","[{""sourceWeapons"":[{""weapon"":""weapon_106""},{""weapon"":""weapon_106""}],""targetWeapon"":{""weapon"":""weapon_107""}}]","[{""sourceWeaponsRange"":[{""weapon"":""weapon_007""},{""weapon"":""weapon_008""}],""inRangeCount"":1,""destroyAllWeapon"":false,""sourceWeapons"":[{""weapon"":""weapon_106""}],""targetWeapon"":{""weapon"":""weapon_327""}}]","[{""talentName"":""MasterAccurate"",""bindingScript"":""WModDeviation"",""keyValueList"":[{""key"":""buffDeviation"",""type"":""System.Int32"",""value"":""-10""}],""customData"":"""",""autoBindScript"":true},{""talentName"":""MasterReflection"",""bindingScript"":""WModReflection"",""keyValueList"":[{""key"":""buffReflectCount"",""type"":""System.Int32"",""value"":""1""}],""customData"":"""",""autoBindScript"":false}]"
weapon_107,RGPrefab/Weapon/weapon_107.prefab,,False,True,100,,"[{""equipment"":""wi22_upgrade_kit""}]",False,"[{""item"":""material_wood"",""num"":6},{""item"":""material_iron"",""num"":6}]","[{""sourceWeapons"":[{""weapon"":""weapon_107""},{""weapon"":""weapon_124""}],""targetWeapon"":{""weapon"":""weapon_220""}}]","[]","[{""talentName"":""MasterAccurate"",""bindingScript"":""WModDeviation"",""keyValueList"":[{""key"":""buffDeviation"",""type"":""System.Int32"",""value"":""-10""}],""customData"":"""",""autoBindScript"":true},{""talentName"":""MasterReflection"",""bindingScript"":""WModReflection"",""keyValueList"":[{""key"":""buffReflectCount"",""type"":""System.Int32"",""value"":""1""}],""customData"":"""",""autoBindScript"":false}]"
weapon_108,RGPrefab/Weapon/weapon_108.prefab,,False,True,150,,"[]",False,"[{""item"":""material_battery"",""num"":10},{""item"":""material_gear"",""num"":5},{""item"":""material_iron"",""num"":5},{""item"":""material_magic_green"",""num"":2}]","[]","[]","[{""talentName"":""MasterAccurate"",""bindingScript"":""WModDeviation"",""keyValueList"":[{""key"":""buffDeviation"",""type"":""System.Int32"",""value"":""-10""}],""customData"":"""",""autoBindScript"":true},{""talentName"":""MasterLaser"",""bindingScript"":""WModMasterLaser"",""keyValueList"":[{""key"":""buffAtk"",""type"":""System.Int32"",""value"":""0""},{""key"":""buffScale"",""type"":""System.Single"",""value"":""2""}],""customData"":"""",""autoBindScript"":true},{""talentName"":""MasterReflection"",""bindingScript"":""WModReflection"",""keyValueList"":[{""key"":""buffReflectCount"",""type"":""System.Int32"",""value"":""1""}],""customData"":"""",""autoBindScript"":true}]"
weapon_109,RGPrefab/Weapon/weapon_109.prefab,,False,True,50,,"[]",False,"[{""item"":""material_iron"",""num"":4},{""item"":""material_battery"",""num"":2},{""item"":""material_gear"",""num"":2}]","[{""sourceWeapons"":[{""weapon"":""weapon_109""},{""weapon"":""weapon_043""}],""targetWeapon"":{""weapon"":""weapon_044""}}]","[]","[{""talentName"":""MasterAccurate"",""bindingScript"":""WModDeviation"",""keyValueList"":[{""key"":""buffDeviation"",""type"":""System.Int32"",""value"":""-10""}],""customData"":"""",""autoBindScript"":true},{""talentName"":""MasterContinuous"",""bindingScript"":""WModContinuousCount"",""keyValueList"":[{""key"":""buffContinuousCount"",""type"":""System.Int32"",""value"":""1""}],""customData"":"""",""autoBindScript"":true}]"
weapon_110,RGPrefab/Weapon/weapon_110.prefab,,False,True,150,,"[{""equipment"":""wi10_flame_stone""},{""equipment"":""wi11_poison_stone""},{""equipment"":""wi12_lightning_stone""},{""equipment"":""wi2_gaussiancoil""},{""equipment"":""wi2_gaussiancoil_smg_2""},{""equipment"":""wi6_spiralcoil""},{""equipment"":""wi6_spiralcoil_4""},{""equipment"":""wi7_telescopic""},{""equipment"":""wi7_telescopic2""},{""equipment"":""wi9_energy_stone""}]",True,"[{""item"":""material_iron"",""num"":7},{""item"":""material_gear"",""num"":7},{""item"":""material_magic_green"",""num"":1},{""item"":""material_magic_red"",""num"":1}]","[]","[]","[{""talentName"":""MasterAccurate"",""bindingScript"":""WModDeviation"",""keyValueList"":[{""key"":""buffDeviation"",""type"":""System.Int32"",""value"":""-10""}],""customData"":"""",""autoBindScript"":true},{""talentName"":""MasterHold"",""bindingScript"":""WModHoldSpeed"",""keyValueList"":[{""key"":""buffSpeedFactor"",""type"":""System.Single"",""value"":""2""}],""customData"":"""",""autoBindScript"":true},{""talentName"":""MasterReflection"",""bindingScript"":""WModReflection"",""keyValueList"":[{""key"":""buffReflectCount"",""type"":""System.Int32"",""value"":""1""}],""customData"":"""",""autoBindScript"":false}]"
weapon_111,RGPrefab/Weapon/weapon_111.prefab,,False,True,50,,"[]",False,"[{""item"":""material_wood"",""num"":2},{""item"":""material_gear"",""num"":2},{""item"":""material_iron"",""num"":2}]","[]","[]","[{""talentName"":""MasterAccurate"",""bindingScript"":""WModDeviation"",""keyValueList"":[{""key"":""buffDeviation"",""type"":""System.Int32"",""value"":""-10""}],""customData"":"""",""autoBindScript"":true}]"
weapon_112,RGPrefab/Weapon/weapon_112.prefab,,False,True,0,,"[{""equipment"":""wi22_upgrade_kit""},{""equipment"":""wi20_golden_paint""}]",False,"[{""item"":""material_wood"",""num"":3}]","[]","[]","[{""talentName"":""MasterStaff"",""bindingScript"":""WModAtkStaff"",""keyValueList"":[{""key"":""buffAtk"",""type"":""System.Int32"",""value"":""1""}],""customData"":"""",""autoBindScript"":true},{""talentName"":""ElementalStaff"",""bindingScript"":""WModAtkStaff"",""keyValueList"":[{""key"":""buffAtk"",""type"":""System.Int32"",""value"":""1""}],""customData"":"""",""autoBindScript"":true},{""talentName"":""MasterSwordRebound"",""bindingScript"":"""",""keyValueList"":[],""customData"":"""",""autoBindScript"":false}]"
weapon_113,RGPrefab/Weapon/weapon_113.prefab,,False,True,150,,"[{""equipment"":""wi20_golden_paint""}]",False,"[{""item"":""material_wood"",""num"":8},{""item"":""material_magic_blue"",""num"":2},{""item"":""material_magic_green"",""num"":1}]","[]","[]","[{""talentName"":""MasterStaff"",""bindingScript"":""WModAtkStaff"",""keyValueList"":[{""key"":""buffAtk"",""type"":""System.Int32"",""value"":""1""}],""customData"":"""",""autoBindScript"":true},{""talentName"":""ElementalStaff"",""bindingScript"":""WModAtkStaff"",""keyValueList"":[{""key"":""buffAtk"",""type"":""System.Int32"",""value"":""1""}],""customData"":"""",""autoBindScript"":true},{""talentName"":""MasterSwordRebound"",""bindingScript"":"""",""keyValueList"":[],""customData"":"""",""autoBindScript"":false}]"
weapon_114,RGPrefab/Weapon/weapon_114.prefab,,False,True,100,,"[]",False,"[{""item"":""material_wood"",""num"":6},{""item"":""material_magic_blue"",""num"":2}]","[{""sourceWeapons"":[{""weapon"":""weapon_038""},{""weapon"":""weapon_114""}],""targetWeapon"":{""weapon"":""weapon_274""}}]","[]","[{""talentName"":""MasterShotgun"",""bindingScript"":""WModCount"",""keyValueList"":[{""key"":""buffCount"",""type"":""System.Int32"",""value"":""2""}],""customData"":"""",""autoBindScript"":true},{""talentName"":""MasterAccurate"",""bindingScript"":""WModDeviation"",""keyValueList"":[{""key"":""buffDeviation"",""type"":""System.Int32"",""value"":""-7""}],""customData"":"""",""autoBindScript"":true},{""talentName"":""MasterStaff"",""bindingScript"":""WModAtkStaff"",""keyValueList"":[{""key"":""buffAtk"",""type"":""System.Int32"",""value"":""1""}],""customData"":"""",""autoBindScript"":true},{""talentName"":""ElementalStaff"",""bindingScript"":""WModAtkStaff"",""keyValueList"":[{""key"":""buffAtk"",""type"":""System.Int32"",""value"":""1""}],""customData"":"""",""autoBindScript"":true}]"
weapon_115,RGPrefab/Weapon/weapon_115.prefab,,False,True,0,,"[]",False,"[{""item"":""material_wood"",""num"":4}]","[]","[]","[{""talentName"":""MasterShotgun"",""bindingScript"":""WModCount"",""keyValueList"":[{""key"":""buffCount"",""type"":""System.Int32"",""value"":""2""}],""customData"":"""",""autoBindScript"":true},{""talentName"":""MasterAccurate"",""bindingScript"":""WModDeviation"",""keyValueList"":[{""key"":""buffDeviation"",""type"":""System.Int32"",""value"":""-7""}],""customData"":"""",""autoBindScript"":true},{""talentName"":""MasterStaff"",""bindingScript"":""WModAtkStaff"",""keyValueList"":[{""key"":""buffAtk"",""type"":""System.Int32"",""value"":""1""}],""customData"":"""",""autoBindScript"":true},{""talentName"":""ElementalStaff"",""bindingScript"":""WModAtkStaff"",""keyValueList"":[{""key"":""buffAtk"",""type"":""System.Int32"",""value"":""1""}],""customData"":"""",""autoBindScript"":true},{""talentName"":""MasterReflection"",""bindingScript"":""WModReflection"",""keyValueList"":[{""key"":""buffReflectCount"",""type"":""System.Int32"",""value"":""1""}],""customData"":"""",""autoBindScript"":false}]"
weapon_116,RGPrefab/Weapon/weapon_116.prefab,,False,True,200,,"[]",False,"[{""item"":""material_wood"",""num"":16},{""item"":""material_magic_purple"",""num"":2},{""item"":""material_magic_green"",""num"":1}]","[]","[]","[{""talentName"":""MasterStaff"",""bindingScript"":""WModAtkStaff"",""keyValueList"":[{""key"":""buffAtk"",""type"":""System.Int32"",""value"":""0""}],""customData"":"""",""autoBindScript"":false},{""talentName"":""ElementalStaff"",""bindingScript"":""WModAtkStaff"",""keyValueList"":[{""key"":""buffAtk"",""type"":""System.Int32"",""value"":""0""}],""customData"":"""",""autoBindScript"":false}]"
weapon_117,RGPrefab/Weapon/weapon_117.prefab,,False,True,100,,"[]",False,"[{""item"":""material_wood"",""num"":6},{""item"":""material_magic_blue"",""num"":1}]","[{""sourceWeapons"":[{""weapon"":""weapon_069""},{""weapon"":""weapon_117""}],""targetWeapon"":{""weapon"":""weapon_338""}}]","[]","[{""talentName"":""MasterShotgun"",""bindingScript"":""WModCount"",""keyValueList"":[{""key"":""buffCount"",""type"":""System.Int32"",""value"":""2""}],""customData"":"""",""autoBindScript"":true},{""talentName"":""MasterAccurate"",""bindingScript"":""WModDeviation"",""keyValueList"":[{""key"":""buffDeviation"",""type"":""System.Int32"",""value"":""-7""}],""customData"":"""",""autoBindScript"":true},{""talentName"":""MasterStaff"",""bindingScript"":""WModAtkStaff"",""keyValueList"":[{""key"":""buffAtk"",""type"":""System.Int32"",""value"":""1""}],""customData"":"""",""autoBindScript"":true},{""talentName"":""ElementalStaff"",""bindingScript"":""WModAtkStaff"",""keyValueList"":[{""key"":""buffAtk"",""type"":""System.Int32"",""value"":""1""}],""customData"":"""",""autoBindScript"":true},{""talentName"":""MasterReflection"",""bindingScript"":""WModReflection"",""keyValueList"":[{""key"":""buffReflectCount"",""type"":""System.Int32"",""value"":""1""}],""customData"":"""",""autoBindScript"":false}]"
weapon_118,RGPrefab/Weapon/weapon_118.prefab,,False,True,100,,"[]",False,"[{""item"":""material_wood"",""num"":6},{""item"":""material_magic_red"",""num"":1}]","[{""sourceWeapons"":[{""weapon"":""weapon_069""},{""weapon"":""weapon_118""}],""targetWeapon"":{""weapon"":""weapon_070""}}]","[]","[{""talentName"":""MasterShotgun"",""bindingScript"":""WModCount"",""keyValueList"":[{""key"":""buffCount"",""type"":""System.Int32"",""value"":""2""}],""customData"":"""",""autoBindScript"":true},{""talentName"":""MasterAccurate"",""bindingScript"":""WModDeviation"",""keyValueList"":[{""key"":""buffDeviation"",""type"":""System.Int32"",""value"":""-7""}],""customData"":"""",""autoBindScript"":true},{""talentName"":""MasterStaff"",""bindingScript"":""WModAtkStaff"",""keyValueList"":[{""key"":""buffAtk"",""type"":""System.Int32"",""value"":""1""}],""customData"":"""",""autoBindScript"":true},{""talentName"":""ElementalStaff"",""bindingScript"":""WModAtkStaff"",""keyValueList"":[{""key"":""buffAtk"",""type"":""System.Int32"",""value"":""1""}],""customData"":"""",""autoBindScript"":true},{""talentName"":""MasterReflection"",""bindingScript"":""WModReflection"",""keyValueList"":[{""key"":""buffReflectCount"",""type"":""System.Int32"",""value"":""1""}],""customData"":"""",""autoBindScript"":false}]"
weapon_119,RGPrefab/Weapon/weapon_119.prefab,,False,True,50,,"[{""equipment"":""wi22_upgrade_kit""}]",False,"[{""item"":""material_wood"",""num"":4}]","[]","[]","[{""talentName"":""MasterShotgun"",""bindingScript"":""WModCount"",""keyValueList"":[{""key"":""buffCount"",""type"":""System.Int32"",""value"":""2""}],""customData"":"""",""autoBindScript"":true},{""talentName"":""MasterAccurate"",""bindingScript"":""WModDeviation"",""keyValueList"":[{""key"":""buffDeviation"",""type"":""System.Int32"",""value"":""-7""}],""customData"":"""",""autoBindScript"":true},{""talentName"":""MasterStaff"",""bindingScript"":""WModAtkStaff"",""keyValueList"":[{""key"":""buffAtk"",""type"":""System.Int32"",""value"":""1""}],""customData"":"""",""autoBindScript"":true},{""talentName"":""ElementalStaff"",""bindingScript"":""WModAtkStaff"",""keyValueList"":[{""key"":""buffAtk"",""type"":""System.Int32"",""value"":""1""}],""customData"":"""",""autoBindScript"":true}]"
weapon_120,RGPrefab/Weapon/weapon_120.prefab,,False,True,200,,"[]",False,"[{""item"":""material_iron"",""num"":14},{""item"":""material_wood"",""num"":4},{""item"":""material_magic_red"",""num"":1},{""item"":""material_magic_blue"",""num"":1}]","[]","[]","[{""talentName"":""MasterHold"",""bindingScript"":""WModHoldSpeed"",""keyValueList"":[{""key"":""buffSpeedFactor"",""type"":""System.Single"",""value"":""2""}],""customData"":"""",""autoBindScript"":true},{""talentName"":""MasterSwordRange"",""bindingScript"":""WModBulletSizeMelee"",""keyValueList"":[{""key"":""buffScale"",""type"":""System.Single"",""value"":""1.2""},{""key"":""levelScale"",""type"":""System.Single"",""value"":""1.1""}],""customData"":"""",""autoBindScript"":true},{""talentName"":""MasterSwordRebound"",""bindingScript"":"""",""keyValueList"":[],""customData"":"""",""autoBindScript"":false}]"
weapon_121,RGPrefab/Weapon/weapon_121.prefab,,False,True,100,,"[]",False,"[{""item"":""material_battery"",""num"":4},{""item"":""material_gear"",""num"":2},{""item"":""material_iron"",""num"":2}]","[{""sourceWeapons"":[{""weapon"":""weapon_200""},{""weapon"":""weapon_121""}],""targetWeapon"":{""weapon"":""weapon_278""}}]","[]","[{""talentName"":""MasterShotgun"",""bindingScript"":""WModCount"",""keyValueList"":[{""key"":""buffCount"",""type"":""System.Int32"",""value"":""1""}],""customData"":"""",""autoBindScript"":true},{""talentName"":""MasterAccurate"",""bindingScript"":""WModDeviation"",""keyValueList"":[{""key"":""buffDeviation"",""type"":""System.Int32"",""value"":""-7""}],""customData"":"""",""autoBindScript"":true},{""talentName"":""MasterLaser"",""bindingScript"":""WModMasterLaser"",""keyValueList"":[{""key"":""buffAtk"",""type"":""System.Int32"",""value"":""1""},{""key"":""buffScale"",""type"":""System.Single"",""value"":""1""}],""customData"":""1.5"",""autoBindScript"":true},{""talentName"":""MasterReflection"",""bindingScript"":""WModReflection"",""keyValueList"":[{""key"":""buffReflectCount"",""type"":""System.Int32"",""value"":""1""}],""customData"":"""",""autoBindScript"":true}]"
weapon_122,RGPrefab/Weapon/weapon_122.prefab,,False,True,200,,"[]",False,"[{""item"":""material_wood"",""num"":12},{""item"":""material_iron"",""num"":7},{""item"":""material_magic_blue"",""num"":2},{""item"":""material_magic_green"",""num"":1}]","[]","[]","[{""talentName"":""MasterAccurate"",""bindingScript"":""WModDeviation"",""keyValueList"":[{""key"":""buffDeviation"",""type"":""System.Int32"",""value"":""-10""}],""customData"":"""",""autoBindScript"":true},{""talentName"":""MasterHold"",""bindingScript"":""WModHoldSpeed"",""keyValueList"":[{""key"":""buffSpeedFactor"",""type"":""System.Single"",""value"":""2""}],""customData"":"""",""autoBindScript"":true},{""talentName"":""MasterReflection"",""bindingScript"":""WModReflection"",""keyValueList"":[{""key"":""buffReflectCount"",""type"":""System.Int32"",""value"":""1""}],""customData"":"""",""autoBindScript"":false}]"
weapon_123,RGPrefab/Weapon/weapon_123.prefab,,False,True,200,,"[]",False,"[{""item"":""material_wood"",""num"":20},{""item"":""material_magic_red"",""num"":2},{""item"":""material_magic_green"",""num"":1}]","[]","[]","[{""talentName"":""MasterShotgun"",""bindingScript"":""WModCount"",""keyValueList"":[{""key"":""buffCount"",""type"":""System.Int32"",""value"":""2""}],""customData"":"""",""autoBindScript"":true},{""talentName"":""MasterStaff"",""bindingScript"":""WModAtkStaff"",""keyValueList"":[{""key"":""buffAtk"",""type"":""System.Int32"",""value"":""4""}],""customData"":"""",""autoBindScript"":true},{""talentName"":""ElementalStaff"",""bindingScript"":""WModAtkStaff"",""keyValueList"":[{""key"":""buffAtk"",""type"":""System.Int32"",""value"":""4""}],""customData"":"""",""autoBindScript"":true},{""talentName"":""MasterAccurate"",""bindingScript"":""WModDeviation"",""keyValueList"":[{""key"":""buffDeviation"",""type"":""System.Int32"",""value"":""0""}],""customData"":""2"",""autoBindScript"":false}]"
weapon_124,RGPrefab/Weapon/weapon_124.prefab,,False,True,0,,"[{""equipment"":""wi33_sardine""}]",False,"[{""item"":""material_magic_red"",""num"":1},{""item"":""material_wood"",""num"":3}]","[]","[]","[]"
weapon_125,RGPrefab/Weapon/weapon_125.prefab,,False,True,50,,"[]",False,"[{""item"":""material_wood"",""num"":5}]","[]","[]","[{""talentName"":""MasterAccurate"",""bindingScript"":""WModDeviation"",""keyValueList"":[{""key"":""buffDeviation"",""type"":""System.Int32"",""value"":""-10""}],""customData"":"""",""autoBindScript"":true},{""talentName"":""MasterReflection"",""bindingScript"":""WModReflection"",""keyValueList"":[{""key"":""buffReflectCount"",""type"":""System.Int32"",""value"":""1""}],""customData"":"""",""autoBindScript"":false}]"
weapon_126,RGPrefab/Weapon/weapon_126.prefab,,False,True,50,,"[]",False,"[{""item"":""material_wood"",""num"":2},{""item"":""material_iron"",""num"":2}]","[]","[]","[{""talentName"":""MasterAccurate"",""bindingScript"":""WModDeviation"",""keyValueList"":[{""key"":""buffDeviation"",""type"":""System.Int32"",""value"":""-10""}],""customData"":"""",""autoBindScript"":true}]"
weapon_127,RGPrefab/Weapon/weapon_127.prefab,,False,True,200,,"[]",False,"[{""item"":""material_iron"",""num"":16},{""item"":""material_wood"",""num"":6},{""item"":""material_magic_blue"",""num"":3}]","[]","[]","[{""talentName"":""MasterSwordRange"",""bindingScript"":""WModBulletSizeMelee"",""keyValueList"":[{""key"":""buffScale"",""type"":""System.Single"",""value"":""1.2""},{""key"":""levelScale"",""type"":""System.Single"",""value"":""1.1""}],""customData"":"""",""autoBindScript"":true},{""talentName"":""MasterSwordRebound"",""bindingScript"":"""",""keyValueList"":[],""customData"":"""",""autoBindScript"":false}]"
weapon_128,RGPrefab/Weapon/weapon_128.prefab,,False,True,200,,"[]",False,"[{""item"":""material_iron"",""num"":9},{""item"":""material_gear"",""num"":9},{""item"":""material_magic_red"",""num"":2},{""item"":""material_magic_orange"",""num"":1}]","[]","[]","[{""talentName"":""MasterAccurate"",""bindingScript"":""WModDeviation"",""keyValueList"":[{""key"":""buffDeviation"",""type"":""System.Int32"",""value"":""-10""}],""customData"":"""",""autoBindScript"":true},{""talentName"":""MasterReflection"",""bindingScript"":""WModReflection"",""keyValueList"":[{""key"":""buffReflectCount"",""type"":""System.Int32"",""value"":""1""}],""customData"":"""",""autoBindScript"":true},{""talentName"":""MasterLaser"",""bindingScript"":""WModMasterLaser"",""keyValueList"":[{""key"":""buffAtk"",""type"":""System.Int32"",""value"":""1""},{""key"":""buffScale"",""type"":""System.Single"",""value"":""2""}],""customData"":"""",""autoBindScript"":false}]"
weapon_129,RGPrefab/Weapon/weapon_129.prefab,,False,True,0,,"[]",False,"[{""item"":""material_iron"",""num"":2},{""item"":""material_gear"",""num"":2}]","[]","[]","[{""talentName"":""MasterAccurate"",""bindingScript"":""WModDeviation"",""keyValueList"":[{""key"":""buffDeviation"",""type"":""System.Int32"",""value"":""-10""}],""customData"":"""",""autoBindScript"":true},{""talentName"":""MasterReflection"",""bindingScript"":""WModReflection"",""keyValueList"":[{""key"":""buffReflectCount"",""type"":""System.Int32"",""value"":""1""}],""customData"":"""",""autoBindScript"":false}]"
weapon_130,RGPrefab/Weapon/weapon_130.prefab,,False,True,0,,"[]",False,"[{""item"":""material_iron"",""num"":2},{""item"":""material_gear"",""num"":2}]","[]","[]","[{""talentName"":""MasterAccurate"",""bindingScript"":""WModDeviation"",""keyValueList"":[{""key"":""buffDeviation"",""type"":""System.Int32"",""value"":""-10""}],""customData"":"""",""autoBindScript"":true},{""talentName"":""MasterReflection"",""bindingScript"":""WModReflection"",""keyValueList"":[{""key"":""buffReflectCount"",""type"":""System.Int32"",""value"":""1""}],""customData"":"""",""autoBindScript"":false}]"
weapon_131,RGPrefab/Weapon/weapon_131.prefab,,False,True,200,,"[]",False,"[{""item"":""material_iron"",""num"":12},{""item"":""material_gear"",""num"":10},{""item"":""material_magic_red"",""num"":1},{""item"":""material_magic_green"",""num"":2}]","[]","[]","[{""talentName"":""MasterShotgun"",""bindingScript"":""WModCount"",""keyValueList"":[{""key"":""buffCount"",""type"":""System.Int32"",""value"":""2""}],""customData"":"""",""autoBindScript"":true},{""talentName"":""MasterAccurate"",""bindingScript"":""WModDeviation"",""keyValueList"":[{""key"":""buffDeviation"",""type"":""System.Int32"",""value"":""-7""}],""customData"":"""",""autoBindScript"":true}]"
weapon_132,RGPrefab/Weapon/weapon_132.prefab,,False,True,200,,"[]",False,"[{""item"":""material_iron"",""num"":8},{""item"":""material_gear"",""num"":10},{""item"":""material_magic_purple"",""num"":2},{""item"":""material_magic_green"",""num"":1}]","[]","[]","[{""talentName"":""MasterAccurate"",""bindingScript"":""WModDeviation"",""keyValueList"":[{""key"":""buffDeviation"",""type"":""System.Int32"",""value"":""-10""}],""customData"":"""",""autoBindScript"":true},{""talentName"":""MasterReflection"",""bindingScript"":""WModReflection"",""keyValueList"":[{""key"":""buffReflectCount"",""type"":""System.Int32"",""value"":""1""}],""customData"":"""",""autoBindScript"":false}]"
weapon_133,RGPrefab/Weapon/weapon_133.prefab,,False,True,0,,"[]",False,"[{""item"":""material_wood"",""num"":3},{""item"":""material_iron"",""num"":1}]","[]","[]","[{""talentName"":""MasterSwordRange"",""bindingScript"":""WModBulletSizeMelee"",""keyValueList"":[{""key"":""buffScale"",""type"":""System.Single"",""value"":""1.2""},{""key"":""levelScale"",""type"":""System.Single"",""value"":""1.1""}],""customData"":"""",""autoBindScript"":true},{""talentName"":""MasterSwordRebound"",""bindingScript"":"""",""keyValueList"":[],""customData"":"""",""autoBindScript"":false}]"
weapon_134,RGPrefab/Weapon/weapon_134.prefab,,False,True,200,,"[]",False,"[{""item"":""material_iron"",""num"":10},{""item"":""material_gear"",""num"":10},{""item"":""material_magic_green"",""num"":3}]","[]","[]","[{""talentName"":""MasterShotgun"",""bindingScript"":""WModCount"",""keyValueList"":[{""key"":""buffCount"",""type"":""System.Int32"",""value"":""2""}],""customData"":"""",""autoBindScript"":true},{""talentName"":""MasterAccurate"",""bindingScript"":""WModDeviation"",""keyValueList"":[{""key"":""buffDeviation"",""type"":""System.Int32"",""value"":""-7""}],""customData"":"""",""autoBindScript"":true},{""talentName"":""MasterHold"",""bindingScript"":""WModHoldSpeed"",""keyValueList"":[{""key"":""buffSpeedFactor"",""type"":""System.Single"",""value"":""2""}],""customData"":"""",""autoBindScript"":true},{""talentName"":""MasterReflection"",""bindingScript"":""WModReflection"",""keyValueList"":[{""key"":""buffReflectCount"",""type"":""System.Int32"",""value"":""1""}],""customData"":"""",""autoBindScript"":false}]"
weapon_135,RGPrefab/Weapon/weapon_135.prefab,,False,True,200,,"[]",False,"[{""item"":""material_magic_purple"",""num"":2},{""item"":""material_magic_red"",""num"":2},{""item"":""material_magic_blue"",""num"":1},{""item"":""material_magic_green"",""num"":1}]","[]","[]","[{""talentName"":""MasterHold"",""bindingScript"":""WModHoldSpeed"",""keyValueList"":[{""key"":""buffSpeedFactor"",""type"":""System.Single"",""value"":""2""}],""customData"":"""",""autoBindScript"":true},{""talentName"":""MasterSwordRange"",""bindingScript"":""WModBulletSizeMelee"",""keyValueList"":[{""key"":""buffScale"",""type"":""System.Single"",""value"":""1.2""},{""key"":""levelScale"",""type"":""System.Single"",""value"":""1.1""}],""customData"":"""",""autoBindScript"":true},{""talentName"":""MasterSwordRebound"",""bindingScript"":"""",""keyValueList"":[],""customData"":"""",""autoBindScript"":false}]"
weapon_135x,RGPrefab/Weapon/weapon_135x.prefab,,False,True,0,,"[]",False,"[{""item"":""material_cell"",""num"":3},{""item"":""material_wood"",""num"":3}]","[]","[]","[{""talentName"":""MasterHold"",""bindingScript"":""WModHoldSpeed"",""keyValueList"":[{""key"":""buffSpeedFactor"",""type"":""System.Single"",""value"":""2""}],""customData"":"""",""autoBindScript"":true},{""talentName"":""MasterSwordRange"",""bindingScript"":""WModBulletSizeMelee"",""keyValueList"":[{""key"":""buffScale"",""type"":""System.Single"",""value"":""1.2""},{""key"":""levelScale"",""type"":""System.Single"",""value"":""1.1""}],""customData"":"""",""autoBindScript"":true},{""talentName"":""MasterSwordRebound"",""bindingScript"":"""",""keyValueList"":[],""customData"":"""",""autoBindScript"":false}]"
weapon_136,RGPrefab/Weapon/weapon_136.prefab,,False,True,0,,"[]",False,"[{""item"":""material_iron"",""num"":2},{""item"":""material_gear"",""num"":2}]","[]","[]","[{""talentName"":""MasterAccurate"",""bindingScript"":""WModDeviation"",""keyValueList"":[{""key"":""buffDeviation"",""type"":""System.Int32"",""value"":""-10""}],""customData"":"""",""autoBindScript"":true},{""talentName"":""MasterReflection"",""bindingScript"":""WModReflection"",""keyValueList"":[{""key"":""buffReflectCount"",""type"":""System.Int32"",""value"":""1""}],""customData"":"""",""autoBindScript"":false}]"
weapon_137,RGPrefab/Weapon/weapon_137.prefab,,False,True,200,,"[]",False,"[{""item"":""material_battery"",""num"":3},{""item"":""material_iron"",""num"":3},{""item"":""material_fragment_zulan"",""num"":1}]","[]","[]","[{""talentName"":""MasterAccurate"",""bindingScript"":""WModDeviation"",""keyValueList"":[{""key"":""buffDeviation"",""type"":""System.Int32"",""value"":""-10""}],""customData"":"""",""autoBindScript"":true},{""talentName"":""MasterLaser"",""bindingScript"":""WModMasterLaser"",""keyValueList"":[{""key"":""buffAtk"",""type"":""System.Int32"",""value"":""0""},{""key"":""buffScale"",""type"":""System.Single"",""value"":""0""}],""customData"":"""",""autoBindScript"":false},{""talentName"":""MasterReflection"",""bindingScript"":""WModReflection"",""keyValueList"":[{""key"":""buffReflectCount"",""type"":""System.Int32"",""value"":""1""}],""customData"":"""",""autoBindScript"":false}]"
weapon_138,RGPrefab/Weapon/weapon_138.prefab,,False,True,200,,"[]",False,"[{""item"":""material_iron"",""num"":3},{""item"":""material_battery"",""num"":3},{""item"":""material_fragment_zulan"",""num"":1}]","[]","[]","[{""talentName"":""MasterAccurate"",""bindingScript"":""WModDeviation"",""keyValueList"":[{""key"":""buffDeviation"",""type"":""System.Int32"",""value"":""-10""}],""customData"":"""",""autoBindScript"":true},{""talentName"":""MasterLaser"",""bindingScript"":""WModMasterLaser"",""keyValueList"":[{""key"":""buffAtk"",""type"":""System.Int32"",""value"":""0""},{""key"":""buffScale"",""type"":""System.Single"",""value"":""0""}],""customData"":"""",""autoBindScript"":false},{""talentName"":""MasterReflection"",""bindingScript"":""WModReflection"",""keyValueList"":[{""key"":""buffReflectCount"",""type"":""System.Int32"",""value"":""1""}],""customData"":"""",""autoBindScript"":false}]"
weapon_139,RGPrefab/Weapon/weapon_139.prefab,,False,True,0,,"[]",False,"[{""item"":""material_iron"",""num"":3},{""item"":""material_gear"",""num"":2}]","[]","[]","[{""talentName"":""MasterShotgun"",""bindingScript"":""WModCount"",""keyValueList"":[{""key"":""buffCount"",""type"":""System.Int32"",""value"":""2""}],""customData"":"""",""autoBindScript"":true},{""talentName"":""MasterAccurate"",""bindingScript"":""WModDeviation"",""keyValueList"":[{""key"":""buffDeviation"",""type"":""System.Int32"",""value"":""-7""}],""customData"":"""",""autoBindScript"":true},{""talentName"":""MasterContinuous"",""bindingScript"":""WModContinuousCount"",""keyValueList"":[{""key"":""buffContinuousCount"",""type"":""System.Int32"",""value"":""1""}],""customData"":"""",""autoBindScript"":true},{""talentName"":""MasterReflection"",""bindingScript"":""WModReflection"",""keyValueList"":[{""key"":""buffReflectCount"",""type"":""System.Int32"",""value"":""1""}],""customData"":"""",""autoBindScript"":false}]"
weapon_140,RGPrefab/Weapon/weapon_140.prefab,,False,True,100,,"[]",False,"[{""item"":""material_iron"",""num"":4},{""item"":""material_gear"",""num"":4}]","[]","[{""sourceWeaponsRange"":[{""weapon"":""weapon_170""},{""weapon"":""weapon_014""},{""weapon"":""weapon_013""},{""weapon"":""weapon_012""},{""weapon"":""weapon_011""},{""weapon"":""weapon_010""},{""weapon"":""weapon_182""},{""weapon"":""weapon_257""}],""inRangeCount"":2,""destroyAllWeapon"":true,""sourceWeapons"":[{""weapon"":""weapon_140""}],""targetWeapon"":{""weapon"":""weapon_248""}}]","[{""talentName"":""MasterShotgun"",""bindingScript"":""WModCount"",""keyValueList"":[{""key"":""buffCount"",""type"":""System.Int32"",""value"":""2""}],""customData"":"""",""autoBindScript"":true},{""talentName"":""MasterAccurate"",""bindingScript"":""WModDeviation"",""keyValueList"":[{""key"":""buffDeviation"",""type"":""System.Int32"",""value"":""-7""}],""customData"":"""",""autoBindScript"":true},{""talentName"":""MasterReflection"",""bindingScript"":""WModReflection"",""keyValueList"":[{""key"":""buffReflectCount"",""type"":""System.Int32"",""value"":""1""}],""customData"":"""",""autoBindScript"":false}]"
weapon_141,RGPrefab/Weapon/weapon_141.prefab,,False,True,200,,"[]",False,"[{""item"":""material_gear"",""num"":8},{""item"":""material_iron"",""num"":8},{""item"":""material_magic_red"",""num"":2},{""item"":""material_fragment_c6h8o6"",""num"":2}]","[]","[]","[{""talentName"":""MasterShotgun"",""bindingScript"":""WModCount"",""keyValueList"":[{""key"":""buffCount"",""type"":""System.Int32"",""value"":""1""}],""customData"":"""",""autoBindScript"":true},{""talentName"":""MasterAccurate"",""bindingScript"":""WModDeviation"",""keyValueList"":[{""key"":""buffDeviation"",""type"":""System.Int32"",""value"":""-7""}],""customData"":"""",""autoBindScript"":true},{""talentName"":""MasterHold"",""bindingScript"":""WModHoldSpeed"",""keyValueList"":[{""key"":""buffSpeedFactor"",""type"":""System.Single"",""value"":""2""}],""customData"":"""",""autoBindScript"":true},{""talentName"":""MasterReflection"",""bindingScript"":""WModReflection"",""keyValueList"":[{""key"":""buffReflectCount"",""type"":""System.Int32"",""value"":""1""}],""customData"":"""",""autoBindScript"":false},{""talentName"":""MasterLaser"",""bindingScript"":""WModMasterLaser"",""keyValueList"":[{""key"":""buffAtk"",""type"":""System.Int32"",""value"":""1""},{""key"":""buffScale"",""type"":""System.Single"",""value"":""2""}],""customData"":"""",""autoBindScript"":true}]"
weapon_142,RGPrefab/Weapon/weapon_142.prefab,,False,True,100,,"[]",False,"[{""item"":""material_iron"",""num"":4},{""item"":""material_gear"",""num"":3},{""item"":""material_battery"",""num"":2},{""item"":""material_magic_purple"",""num"":1}]","[]","[]","[{""talentName"":""MasterAccurate"",""bindingScript"":""WModDeviation"",""keyValueList"":[{""key"":""buffDeviation"",""type"":""System.Int32"",""value"":""-10""}],""customData"":"""",""autoBindScript"":true}]"
weapon_143,RGPrefab/Weapon/weapon_143.prefab,,False,True,50,,"[]",False,"[{""item"":""material_iron"",""num"":2},{""item"":""material_gear"",""num"":2}]","[]","[]","[{""talentName"":""MasterAccurate"",""bindingScript"":""WModDeviation"",""keyValueList"":[{""key"":""buffDeviation"",""type"":""System.Int32"",""value"":""-10""}],""customData"":"""",""autoBindScript"":true}]"
weapon_144,RGPrefab/Weapon/weapon_144.prefab,,False,True,50,,"[]",False,"[{""item"":""material_iron"",""num"":6},{""item"":""material_wood"",""num"":3}]","[]","[]","[{""talentName"":""MasterSwordRange"",""bindingScript"":""WModBulletSizeMelee"",""keyValueList"":[{""key"":""buffScale"",""type"":""System.Single"",""value"":""1.2""},{""key"":""levelScale"",""type"":""System.Single"",""value"":""1.1""}],""customData"":"""",""autoBindScript"":true},{""talentName"":""MasterSwordRebound"",""bindingScript"":"""",""keyValueList"":[],""customData"":"""",""autoBindScript"":false}]"
weapon_145,RGPrefab/Weapon/weapon_145.prefab,,False,True,200,,"[]",False,"[{""item"":""material_wood"",""num"":10},{""item"":""material_magic_green"",""num"":1},{""item"":""material_magic_red"",""num"":1},{""item"":""material_magic_blue"",""num"":1}]","[]","[]","[{""talentName"":""MasterShotgun"",""bindingScript"":""WModCount"",""keyValueList"":[{""key"":""buffCount"",""type"":""System.Int32"",""value"":""2""}],""customData"":"""",""autoBindScript"":true},{""talentName"":""MasterAccurate"",""bindingScript"":""WModDeviation"",""keyValueList"":[{""key"":""buffDeviation"",""type"":""System.Int32"",""value"":""-7""}],""customData"":"""",""autoBindScript"":true},{""talentName"":""MasterStaff"",""bindingScript"":""WModAtkStaff"",""keyValueList"":[{""key"":""buffAtk"",""type"":""System.Int32"",""value"":""1""}],""customData"":"""",""autoBindScript"":true},{""talentName"":""ElementalStaff"",""bindingScript"":""WModAtkStaff"",""keyValueList"":[{""key"":""buffAtk"",""type"":""System.Int32"",""value"":""1""}],""customData"":"""",""autoBindScript"":true},{""talentName"":""MasterReflection"",""bindingScript"":""WModReflection"",""keyValueList"":[{""key"":""buffReflectCount"",""type"":""System.Int32"",""value"":""1""}],""customData"":"""",""autoBindScript"":false}]"
weapon_146,RGPrefab/Weapon/weapon_146.prefab,,False,True,100,,"[]",False,"[{""item"":""material_cell"",""num"":5},{""item"":""material_wood"",""num"":5},{""item"":""material_magic_red"",""num"":1}]","[{""sourceWeapons"":[{""weapon"":""weapon_146""},{""weapon"":""weapon_041""}],""targetWeapon"":{""weapon"":""weapon_377""}}]","[]","[{""talentName"":""MasterAccurate"",""bindingScript"":""WModDeviation"",""keyValueList"":[{""key"":""buffDeviation"",""type"":""System.Int32"",""value"":""-10""}],""customData"":"""",""autoBindScript"":true}]"
weapon_147,RGPrefab/Weapon/weapon_147.prefab,,False,True,100,,"[]",False,"[{""item"":""material_iron"",""num"":3},{""item"":""material_gear"",""num"":3},{""item"":""material_battery"",""num"":5},{""item"":""material_magic_green"",""num"":2}]","[]","[]","[{""talentName"":""MasterAccurate"",""bindingScript"":""WModDeviation"",""keyValueList"":[{""key"":""buffDeviation"",""type"":""System.Int32"",""value"":""-7""}],""customData"":"""",""autoBindScript"":true},{""talentName"":""MasterContinuous"",""bindingScript"":""WModContinuousCount"",""keyValueList"":[{""key"":""buffContinuousCount"",""type"":""System.Int32"",""value"":""1""}],""customData"":"""",""autoBindScript"":true},{""talentName"":""MasterHold"",""bindingScript"":""WModHoldSpeed"",""keyValueList"":[{""key"":""buffSpeedFactor"",""type"":""System.Single"",""value"":""2""}],""customData"":"""",""autoBindScript"":true}]"
weapon_148,RGPrefab/Weapon/weapon_148.prefab,,False,True,100,,"[]",False,"[{""item"":""material_iron"",""num"":3},{""item"":""material_gear"",""num"":3},{""item"":""material_battery"",""num"":6},{""item"":""material_magic_blue"",""num"":1}]","[]","[]","[{""talentName"":""MasterShotgun"",""bindingScript"":""WModCount"",""keyValueList"":[{""key"":""buffCount"",""type"":""System.Int32"",""value"":""2""}],""customData"":"""",""autoBindScript"":true},{""talentName"":""MasterAccurate"",""bindingScript"":""WModDeviation"",""keyValueList"":[{""key"":""buffDeviation"",""type"":""System.Int32"",""value"":""-7""}],""customData"":"""",""autoBindScript"":true},{""talentName"":""MasterHold"",""bindingScript"":""WModHoldSpeed"",""keyValueList"":[{""key"":""buffSpeedFactor"",""type"":""System.Single"",""value"":""2""}],""customData"":"""",""autoBindScript"":true}]"
weapon_149,RGPrefab/Weapon/weapon_149.prefab,,False,True,100,,"[{""equipment"":""wi10_flame_stone""},{""equipment"":""wi4_helt""},{""equipment"":""wi4_helt_2""},{""equipment"":""wi4_helt_3""},{""equipment"":""wi9_energy_stone""},{""equipment"":""wi15_auto""}]",True,"[{""item"":""material_magic_green"",""num"":1}]","[{""sourceWeapons"":[{""weapon"":""weapon_074""},{""weapon"":""weapon_075""},{""weapon"":""weapon_149""}],""targetWeapon"":{""weapon"":""weapon_245""}}]","[]","[{""talentName"":""MasterLaser"",""bindingScript"":""WModMasterLaser"",""keyValueList"":[{""key"":""buffAtk"",""type"":""System.Int32"",""value"":""2""},{""key"":""buffScale"",""type"":""System.Single"",""value"":""0.2""}],""customData"":"""",""autoBindScript"":true},{""talentName"":""MasterSwordRange"",""bindingScript"":""WModBulletSizeMelee"",""keyValueList"":[{""key"":""buffScale"",""type"":""System.Single"",""value"":""1.2""},{""key"":""levelScale"",""type"":""System.Single"",""value"":""1.1""}],""customData"":"""",""autoBindScript"":true},{""talentName"":""MasterSwordRebound"",""bindingScript"":"""",""keyValueList"":[],""customData"":"""",""autoBindScript"":false}]"
weapon_150,RGPrefab/Weapon/weapon_150.prefab,,False,True,0,,"[]",False,"[{""item"":""material_wood"",""num"":4}]","[]","[]","[{""talentName"":""MasterAccurate"",""bindingScript"":""WModDeviation"",""keyValueList"":[{""key"":""buffDeviation"",""type"":""System.Int32"",""value"":""-7""}],""customData"":"""",""autoBindScript"":true},{""talentName"":""MasterSwordRange"",""bindingScript"":""WModBulletSizeMelee"",""keyValueList"":[{""key"":""buffScale"",""type"":""System.Single"",""value"":""1.2""},{""key"":""levelScale"",""type"":""System.Single"",""value"":""1.1""}],""customData"":"""",""autoBindScript"":true},{""talentName"":""MasterReflection"",""bindingScript"":""WModReflection"",""keyValueList"":[{""key"":""buffReflectCount"",""type"":""System.Int32"",""value"":""1""}],""customData"":"""",""autoBindScript"":false},{""talentName"":""MasterSwordRebound"",""bindingScript"":"""",""keyValueList"":[],""customData"":"""",""autoBindScript"":false}]"
weapon_151,RGPrefab/Weapon/weapon_151.prefab,,False,True,0,,"[]",False,"[{""item"":""material_iron"",""num"":1},{""item"":""material_gear"",""num"":1}]","[]","[]","[{""talentName"":""MasterAccurate"",""bindingScript"":""WModDeviation"",""keyValueList"":[{""key"":""buffDeviation"",""type"":""System.Int32"",""value"":""-10""}],""customData"":"""",""autoBindScript"":true},{""talentName"":""MasterReflection"",""bindingScript"":""WModReflection"",""keyValueList"":[{""key"":""buffReflectCount"",""type"":""System.Int32"",""value"":""1""}],""customData"":"""",""autoBindScript"":false}]"
weapon_152,RGPrefab/Weapon/weapon_152.prefab,,False,True,0,,"[{""equipment"":""wi21_time_machine""}]",False,"[{""item"":""material_iron"",""num"":2},{""item"":""material_gear"",""num"":1},{""item"":""material_battery"",""num"":1}]","[{""sourceWeapons"":[{""weapon"":""weapon_152""},{""weapon"":""weapon_169""}],""targetWeapon"":{""weapon"":""weapon_216""}}]","[]","[{""talentName"":""MasterAccurate"",""bindingScript"":""WModDeviation"",""keyValueList"":[{""key"":""buffDeviation"",""type"":""System.Int32"",""value"":""-10""}],""customData"":"""",""autoBindScript"":true},{""talentName"":""MasterReflection"",""bindingScript"":""WModReflection"",""keyValueList"":[{""key"":""buffReflectCount"",""type"":""System.Int32"",""value"":""1""}],""customData"":"""",""autoBindScript"":false}]"
weapon_153,RGPrefab/Weapon/weapon_153.prefab,,False,True,0,,"[{""equipment"":""wi21_time_machine""}]",False,"[{""item"":""material_wood"",""num"":1},{""item"":""material_gear"",""num"":1},{""item"":""material_iron"",""num"":1}]","[]","[]","[{""talentName"":""MasterAccurate"",""bindingScript"":""WModDeviation"",""keyValueList"":[{""key"":""buffDeviation"",""type"":""System.Int32"",""value"":""-10""}],""customData"":"""",""autoBindScript"":true}]"
weapon_154,RGPrefab/Weapon/weapon_154.prefab,,False,True,100,,"[]",False,"[{""item"":""material_iron"",""num"":1},{""item"":""material_gear"",""num"":2},{""item"":""material_battery"",""num"":2}]","[]","[]","[{""talentName"":""MasterAccurate"",""bindingScript"":""WModDeviation"",""keyValueList"":[{""key"":""buffDeviation"",""type"":""System.Int32"",""value"":""-10""}],""customData"":"""",""autoBindScript"":true},{""talentName"":""MasterLaser"",""bindingScript"":""WModMasterLaser"",""keyValueList"":[{""key"":""buffAtk"",""type"":""System.Int32"",""value"":""1""},{""key"":""buffScale"",""type"":""System.Single"",""value"":""2""}],""customData"":"""",""autoBindScript"":true},{""talentName"":""MasterReflection"",""bindingScript"":""WModReflection"",""keyValueList"":[{""key"":""buffReflectCount"",""type"":""System.Int32"",""value"":""1""}],""customData"":"""",""autoBindScript"":true}]"
weapon_155,RGPrefab/Weapon/weapon_155.prefab,,False,True,100,,"[]",False,"[{""item"":""material_iron"",""num"":5},{""item"":""material_gear"",""num"":5},{""item"":""material_battery"",""num"":5},{""item"":""material_magic_blue"",""num"":1}]","[]","[]","[{""talentName"":""MasterShotgun"",""bindingScript"":""WModCount"",""keyValueList"":[{""key"":""buffCount"",""type"":""System.Int32"",""value"":""2""}],""customData"":"""",""autoBindScript"":true},{""talentName"":""MasterAccurate"",""bindingScript"":""WModDeviation"",""keyValueList"":[{""key"":""buffDeviation"",""type"":""System.Int32"",""value"":""-7""}],""customData"":"""",""autoBindScript"":true},{""talentName"":""MasterLaser"",""bindingScript"":""WModMasterLaser"",""keyValueList"":[{""key"":""buffAtk"",""type"":""System.Int32"",""value"":""0""},{""key"":""buffScale"",""type"":""System.Single"",""value"":""2""}],""customData"":"""",""autoBindScript"":true},{""talentName"":""MasterReflection"",""bindingScript"":""WModReflection"",""keyValueList"":[{""key"":""buffReflectCount"",""type"":""System.Int32"",""value"":""1""}],""customData"":"""",""autoBindScript"":true}]"
weapon_156,RGPrefab/Weapon/weapon_156.prefab,,False,True,100,,"[{""equipment"":""wi23_blue_paint""}]",False,"[{""item"":""material_iron"",""num"":2},{""item"":""material_gear"",""num"":2},{""item"":""material_battery"",""num"":3}]","[]","[]","[{""talentName"":""MasterShotgun"",""bindingScript"":""WModCount"",""keyValueList"":[{""key"":""buffCount"",""type"":""System.Int32"",""value"":""2""}],""customData"":"""",""autoBindScript"":true},{""talentName"":""MasterAccurate"",""bindingScript"":""WModDeviation"",""keyValueList"":[{""key"":""buffDeviation"",""type"":""System.Int32"",""value"":""-7""}],""customData"":"""",""autoBindScript"":true},{""talentName"":""MasterLaser"",""bindingScript"":""WModMasterLaser"",""keyValueList"":[{""key"":""buffAtk"",""type"":""System.Int32"",""value"":""0""},{""key"":""buffScale"",""type"":""System.Single"",""value"":""2""}],""customData"":"""",""autoBindScript"":true},{""talentName"":""MasterReflection"",""bindingScript"":""WModReflection"",""keyValueList"":[{""key"":""buffReflectCount"",""type"":""System.Int32"",""value"":""1""}],""customData"":"""",""autoBindScript"":true}]"
weapon_157,RGPrefab/Weapon/weapon_157.prefab,,False,True,100,,"[{""equipment"":""wi29_binary_jellyfish""}]",False,"[{""item"":""material_wood"",""num"":1},{""item"":""material_iron"",""num"":2},{""item"":""material_battery"",""num"":2}]","[]","[]","[{""talentName"":""MasterLaser"",""bindingScript"":""WModMasterLaser"",""keyValueList"":[{""key"":""buffAtk"",""type"":""System.Int32"",""value"":""1""},{""key"":""buffScale"",""type"":""System.Single"",""value"":""2""}],""customData"":"""",""autoBindScript"":true},{""talentName"":""MasterReflection"",""bindingScript"":""WModReflection"",""keyValueList"":[{""key"":""buffReflectCount"",""type"":""System.Int32"",""value"":""1""}],""customData"":"""",""autoBindScript"":true},{""talentName"":""MasterSwordRange"",""bindingScript"":""WModBulletSizeMelee"",""keyValueList"":[{""key"":""buffScale"",""type"":""System.Single"",""value"":""1.2""},{""key"":""levelScale"",""type"":""System.Single"",""value"":""1.1""}],""customData"":"""",""autoBindScript"":true},{""talentName"":""MasterSwordRebound"",""bindingScript"":"""",""keyValueList"":[],""customData"":"""",""autoBindScript"":false}]"
weapon_158,RGPrefab/Weapon/weapon_158.prefab,,False,True,100,,"[]",False,"[{""item"":""material_wood"",""num"":10}]","[]","[]","[{""talentName"":""MasterShotgun"",""bindingScript"":""WModCount"",""keyValueList"":[{""key"":""buffCount"",""type"":""System.Int32"",""value"":""2""}],""customData"":"""",""autoBindScript"":true},{""talentName"":""MasterAccurate"",""bindingScript"":""WModDeviation"",""keyValueList"":[{""key"":""buffDeviation"",""type"":""System.Int32"",""value"":""-7""}],""customData"":"""",""autoBindScript"":true},{""talentName"":""MasterStaff"",""bindingScript"":""WModAtkStaff"",""keyValueList"":[{""key"":""buffAtk"",""type"":""System.Int32"",""value"":""1""}],""customData"":"""",""autoBindScript"":true},{""talentName"":""ElementalStaff"",""bindingScript"":""WModAtkStaff"",""keyValueList"":[{""key"":""buffAtk"",""type"":""System.Int32"",""value"":""1""}],""customData"":"""",""autoBindScript"":true}]"
weapon_159,RGPrefab/Weapon/weapon_159.prefab,,False,True,100,,"[]",False,"[{""item"":""material_wood"",""num"":2},{""item"":""material_gear"",""num"":2},{""item"":""material_iron"",""num"":2}]","[]","[]","[{""talentName"":""MasterAccurate"",""bindingScript"":""WModDeviation"",""keyValueList"":[{""key"":""buffDeviation"",""type"":""System.Int32"",""value"":""-10""}],""customData"":"""",""autoBindScript"":true}]"
weapon_160,RGPrefab/Weapon/weapon_160.prefab,,False,True,100,,"[]",False,"[{""item"":""material_wood"",""num"":4},{""item"":""material_gear"",""num"":4},{""item"":""material_iron"",""num"":4},{""item"":""material_magic_black"",""num"":1}]","[]","[]","[{""talentName"":""MasterHold"",""bindingScript"":""WModHoldSpeed"",""keyValueList"":[{""key"":""buffSpeedFactor"",""type"":""System.Single"",""value"":""2""}],""customData"":"""",""autoBindScript"":true}]"
weapon_161,RGPrefab/Weapon/weapon_161.prefab,,False,True,50,,"[{""equipment"":""wi19_portable_oven""}]",False,"[{""item"":""material_cell"",""num"":4}]","[]","[]","[{""talentName"":""MasterSwordRange"",""bindingScript"":""WModBulletSizeMelee"",""keyValueList"":[{""key"":""buffScale"",""type"":""System.Single"",""value"":""1.2""},{""key"":""levelScale"",""type"":""System.Single"",""value"":""1.1""}],""customData"":"""",""autoBindScript"":true},{""talentName"":""MasterSwordRebound"",""bindingScript"":"""",""keyValueList"":[],""customData"":"""",""autoBindScript"":false}]"
weapon_162,RGPrefab/Weapon/weapon_162.prefab,,False,True,0,,"[{""equipment"":""wi22_upgrade_kit""}]",False,"[{""item"":""material_iron"",""num"":3}]","[{""sourceWeapons"":[{""weapon"":""weapon_162""},{""weapon"":""weapon_162""}],""targetWeapon"":{""weapon"":""weapon_187""}}]","[]","[{""talentName"":""MasterShotgun"",""bindingScript"":""WModCount"",""keyValueList"":[{""key"":""buffCount"",""type"":""System.Int32"",""value"":""2""}],""customData"":"""",""autoBindScript"":true},{""talentName"":""MasterAccurate"",""bindingScript"":""WModDeviation"",""keyValueList"":[{""key"":""buffDeviation"",""type"":""System.Int32"",""value"":""-7""}],""customData"":"""",""autoBindScript"":true},{""talentName"":""MasterHold"",""bindingScript"":""WModHoldSpeed"",""keyValueList"":[{""key"":""buffSpeedFactor"",""type"":""System.Single"",""value"":""2""}],""customData"":"""",""autoBindScript"":true},{""talentName"":""MasterReflection"",""bindingScript"":""WModReflection"",""keyValueList"":[{""key"":""buffReflectCount"",""type"":""System.Int32"",""value"":""1""}],""customData"":"""",""autoBindScript"":false}]"
weapon_163,RGPrefab/Weapon/weapon_163.prefab,,False,True,50,,"[]",False,"[{""item"":""material_iron"",""num"":5}]","[]","[]","[{""talentName"":""MasterShotgun"",""bindingScript"":""WModCount"",""keyValueList"":[{""key"":""buffCount"",""type"":""System.Int32"",""value"":""2""}],""customData"":"""",""autoBindScript"":true},{""talentName"":""MasterAccurate"",""bindingScript"":""WModDeviation"",""keyValueList"":[{""key"":""buffDeviation"",""type"":""System.Int32"",""value"":""-7""}],""customData"":"""",""autoBindScript"":true},{""talentName"":""MasterHold"",""bindingScript"":""WModHoldSpeed"",""keyValueList"":[{""key"":""buffSpeedFactor"",""type"":""System.Single"",""value"":""2""}],""customData"":"""",""autoBindScript"":true},{""talentName"":""MasterReflection"",""bindingScript"":""WModReflection"",""keyValueList"":[{""key"":""buffReflectCount"",""type"":""System.Int32"",""value"":""1""}],""customData"":"""",""autoBindScript"":false}]"
weapon_164,RGPrefab/Weapon/weapon_164.prefab,,False,True,50,,"[]",False,"[{""item"":""material_iron"",""num"":7}]","[]","[{""sourceWeaponsRange"":[{""weapon"":""weapon_012""},{""weapon"":""weapon_013""},{""weapon"":""weapon_182""},{""weapon"":""weapon_014""},{""weapon"":""weapon_011""}],""inRangeCount"":1,""destroyAllWeapon"":false,""sourceWeapons"":[{""weapon"":""weapon_164""}],""targetWeapon"":{""weapon"":""weapon_312""}}]","[{""talentName"":""MasterShotgun"",""bindingScript"":""WModCount"",""keyValueList"":[{""key"":""buffCount"",""type"":""System.Int32"",""value"":""2""}],""customData"":"""",""autoBindScript"":true},{""talentName"":""MasterAccurate"",""bindingScript"":""WModDeviation"",""keyValueList"":[{""key"":""buffDeviation"",""type"":""System.Int32"",""value"":""-7""}],""customData"":"""",""autoBindScript"":true},{""talentName"":""MasterHold"",""bindingScript"":""WModHoldSpeed"",""keyValueList"":[{""key"":""buffSpeedFactor"",""type"":""System.Single"",""value"":""2""}],""customData"":"""",""autoBindScript"":true},{""talentName"":""MasterReflection"",""bindingScript"":""WModReflection"",""keyValueList"":[{""key"":""buffReflectCount"",""type"":""System.Int32"",""value"":""1""}],""customData"":"""",""autoBindScript"":false}]"
weapon_165,RGPrefab/Weapon/weapon_165.prefab,,False,True,100,,"[{""equipment"":""wi10_flame_stone""},{""equipment"":""wi11_poison_stone""},{""equipment"":""wi12_lightning_stone""},{""equipment"":""wi9_energy_stone""},{""equipment"":""wi14_ammo""},{""equipment"":""wi31_sea_urchin""},{""equipment"":""wi15_auto""},{""equipment"":""wi37_pitcher_gloves""},{""equipment"":""wi37_pitcher_gloves_1""},{""equipment"":""wi37_pitcher_gloves_2""},{""equipment"":""wi38_legend_pitcher_gloves""},{""equipment"":""wi3_grindstone_special""},{""equipment"":""wi3_grindstone_special_4""}]",True,"[{""item"":""material_magic_blue"",""num"":1}]","[{""sourceWeapons"":[{""weapon"":""weapon_165""},{""weapon"":""weapon_204""}],""targetWeapon"":{""weapon"":""weapon_205""}},{""sourceWeapons"":[{""weapon"":""weapon_202""},{""weapon"":""weapon_165""}],""targetWeapon"":{""weapon"":""weapon_117""}}]","[]","[{""talentName"":""MasterShotgun"",""bindingScript"":""WModCount"",""keyValueList"":[{""key"":""buffCount"",""type"":""System.Int32"",""value"":""2""}],""customData"":"""",""autoBindScript"":true},{""talentName"":""MasterAccurate"",""bindingScript"":""WModDeviation"",""keyValueList"":[{""key"":""buffDeviation"",""type"":""System.Int32"",""value"":""-7""}],""customData"":"""",""autoBindScript"":true},{""talentName"":""MasterHold"",""bindingScript"":""WModHoldSpeed"",""keyValueList"":[{""key"":""buffSpeedFactor"",""type"":""System.Single"",""value"":""2""}],""customData"":"""",""autoBindScript"":true},{""talentName"":""MasterReflection"",""bindingScript"":""WModReflection"",""keyValueList"":[{""key"":""buffReflectCount"",""type"":""System.Int32"",""value"":""1""}],""customData"":"""",""autoBindScript"":false}]"
weapon_166,RGPrefab/Weapon/weapon_166.prefab,,False,True,50,,"[]",False,"[{""item"":""material_wood"",""num"":5}]","[]","[]","[{""talentName"":""MasterShotgun"",""bindingScript"":""WModCount"",""keyValueList"":[{""key"":""buffCount"",""type"":""System.Int32"",""value"":""2""}],""customData"":"""",""autoBindScript"":true},{""talentName"":""MasterAccurate"",""bindingScript"":""WModDeviation"",""keyValueList"":[{""key"":""buffDeviation"",""type"":""System.Int32"",""value"":""-7""}],""customData"":"""",""autoBindScript"":true},{""talentName"":""MasterHold"",""bindingScript"":""WModHoldSpeed"",""keyValueList"":[{""key"":""buffSpeedFactor"",""type"":""System.Single"",""value"":""2""}],""customData"":"""",""autoBindScript"":true}]"
weapon_167,RGPrefab/Weapon/weapon_167.prefab,,False,True,100,,"[{""equipment"":""wi10_flame_stone""},{""equipment"":""wi9_energy_stone""},{""equipment"":""wi6_spiralcoil""},{""equipment"":""wi6_spiralcoil_4""},{""equipment"":""wi14_ammo""},{""equipment"":""wi33_sardine""},{""equipment"":""wi37_pitcher_gloves""},{""equipment"":""wi37_pitcher_gloves_1""},{""equipment"":""wi37_pitcher_gloves_2""},{""equipment"":""wi38_legend_pitcher_gloves""}]",True,"[{""item"":""material_gear"",""num"":3},{""item"":""material_iron"",""num"":3},{""item"":""material_wood"",""num"":3},{""item"":""material_magic_red"",""num"":1}]","[]","[]","[{""talentName"":""MasterShotgun"",""bindingScript"":""WModCount"",""keyValueList"":[{""key"":""buffCount"",""type"":""System.Int32"",""value"":""2""}],""customData"":"""",""autoBindScript"":true},{""talentName"":""MasterAccurate"",""bindingScript"":""WModDeviation"",""keyValueList"":[{""key"":""buffDeviation"",""type"":""System.Int32"",""value"":""-7""}],""customData"":"""",""autoBindScript"":true},{""talentName"":""MasterHold"",""bindingScript"":""WModHoldSpeed"",""keyValueList"":[{""key"":""buffSpeedFactor"",""type"":""System.Single"",""value"":""2""}],""customData"":"""",""autoBindScript"":true},{""talentName"":""MasterReflection"",""bindingScript"":""WModReflection"",""keyValueList"":[{""key"":""buffReflectCount"",""type"":""System.Int32"",""value"":""1""}],""customData"":"""",""autoBindScript"":false}]"
weapon_168,RGPrefab/Weapon/weapon_168.prefab,,False,True,0,,"[{""equipment"":""wi9_energy_stone""},{""equipment"":""wi14_ammo""},{""equipment"":""wi37_pitcher_gloves""},{""equipment"":""wi37_pitcher_gloves_1""},{""equipment"":""wi37_pitcher_gloves_2""},{""equipment"":""wi38_legend_pitcher_gloves""}]",True,"[{""item"":""material_magic_red"",""num"":1}]","[]","[]","[{""talentName"":""MasterShotgun"",""bindingScript"":""WModCount"",""keyValueList"":[{""key"":""buffCount"",""type"":""System.Int32"",""value"":""2""}],""customData"":"""",""autoBindScript"":true},{""talentName"":""MasterAccurate"",""bindingScript"":""WModDeviation"",""keyValueList"":[{""key"":""buffDeviation"",""type"":""System.Int32"",""value"":""-7""}],""customData"":"""",""autoBindScript"":true},{""talentName"":""MasterHold"",""bindingScript"":""WModHoldSpeed"",""keyValueList"":[{""key"":""buffSpeedFactor"",""type"":""System.Single"",""value"":""2""}],""customData"":"""",""autoBindScript"":true}]"
weapon_169,RGPrefab/Weapon/weapon_169.prefab,,False,True,0,,"[]",False,"[{""item"":""material_iron"",""num"":2},{""item"":""material_wood"",""num"":1}]","[]","[]","[{""talentName"":""MasterSwordRange"",""bindingScript"":""WModBulletSizeMelee"",""keyValueList"":[{""key"":""buffScale"",""type"":""System.Single"",""value"":""1.2""},{""key"":""levelScale"",""type"":""System.Single"",""value"":""1.1""}],""customData"":"""",""autoBindScript"":true},{""talentName"":""MasterSwordRebound"",""bindingScript"":"""",""keyValueList"":[],""customData"":"""",""autoBindScript"":false}]"
weapon_170,RGPrefab/Weapon/weapon_170.prefab,,False,True,100,,"[]",False,"[{""item"":""material_wood"",""num"":3},{""item"":""material_iron"",""num"":3}]","[]","[]","[{""talentName"":""MasterAccurate"",""bindingScript"":""WModDeviation"",""keyValueList"":[{""key"":""buffDeviation"",""type"":""System.Int32"",""value"":""-10""}],""customData"":"""",""autoBindScript"":true},{""talentName"":""MasterReflection"",""bindingScript"":""WModReflection"",""keyValueList"":[{""key"":""buffReflectCount"",""type"":""System.Int32"",""value"":""1""}],""customData"":"""",""autoBindScript"":false}]"
weapon_171,RGPrefab/Weapon/weapon_171.prefab,,False,True,0,,"[]",False,"[{""item"":""material_wood"",""num"":3}]","[]","[]","[{""talentName"":""MasterShotgun"",""bindingScript"":""WModCount"",""keyValueList"":[{""key"":""buffCount"",""type"":""System.Int32"",""value"":""2""}],""customData"":"""",""autoBindScript"":true},{""talentName"":""MasterAccurate"",""bindingScript"":""WModDeviation"",""keyValueList"":[{""key"":""buffDeviation"",""type"":""System.Int32"",""value"":""-7""}],""customData"":"""",""autoBindScript"":true},{""talentName"":""MasterHold"",""bindingScript"":""WModHoldSpeed"",""keyValueList"":[{""key"":""buffSpeedFactor"",""type"":""System.Single"",""value"":""2""}],""customData"":"""",""autoBindScript"":true},{""talentName"":""MasterReflection"",""bindingScript"":""WModReflection"",""keyValueList"":[{""key"":""buffReflectCount"",""type"":""System.Int32"",""value"":""1""}],""customData"":"""",""autoBindScript"":false}]"
weapon_172,RGPrefab/Weapon/weapon_172.prefab,,False,True,100,,"[]",False,"[{""item"":""material_wood"",""num"":4},{""item"":""material_iron"",""num"":4},{""item"":""material_magic_green"",""num"":1}]","[{""sourceWeapons"":[{""weapon"":""weapon_172""},{""weapon"":""weapon_222""}],""targetWeapon"":{""weapon"":""weapon_336""}}]","[]","[{""talentName"":""MasterAccurate"",""bindingScript"":""WModDeviation"",""keyValueList"":[{""key"":""buffDeviation"",""type"":""System.Int32"",""value"":""-10""}],""customData"":"""",""autoBindScript"":true},{""talentName"":""MasterHold"",""bindingScript"":""WModHoldSpeed"",""keyValueList"":[{""key"":""buffSpeedFactor"",""type"":""System.Single"",""value"":""2""}],""customData"":"""",""autoBindScript"":true},{""talentName"":""MasterReflection"",""bindingScript"":""WModReflection"",""keyValueList"":[{""key"":""buffReflectCount"",""type"":""System.Int32"",""value"":""1""}],""customData"":"""",""autoBindScript"":false}]"
weapon_173,RGPrefab/Weapon/weapon_173.prefab,,False,True,100,,"[]",False,"[{""item"":""material_magic_purple"",""num"":1},{""item"":""material_magic_red"",""num"":1},{""item"":""material_magic_blue"",""num"":1},{""item"":""material_magic_green"",""num"":1}]","[{""sourceWeapons"":[{""weapon"":""weapon_173""},{""weapon"":""weapon_041""}],""targetWeapon"":{""weapon"":""weapon_290""}}]","[]","[{""talentName"":""MasterShotgun"",""bindingScript"":""WModCount"",""keyValueList"":[{""key"":""buffCount"",""type"":""System.Int32"",""value"":""2""}],""customData"":"""",""autoBindScript"":true},{""talentName"":""MasterAccurate"",""bindingScript"":""WModDeviation"",""keyValueList"":[{""key"":""buffDeviation"",""type"":""System.Int32"",""value"":""-7""}],""customData"":"""",""autoBindScript"":true}]"
weapon_174,RGPrefab/Weapon/weapon_174.prefab,,False,True,150,,"[]",False,"[{""item"":""material_wood"",""num"":14},{""item"":""material_magic_purple"",""num"":1},{""item"":""material_magic_blue"",""num"":1}]","[]","[]","[{""talentName"":""MasterStaff"",""bindingScript"":""WModAtkStaff"",""keyValueList"":[{""key"":""buffAtk"",""type"":""System.Int32"",""value"":""0""}],""customData"":"""",""autoBindScript"":false},{""talentName"":""ElementalStaff"",""bindingScript"":""WModAtkStaff"",""keyValueList"":[{""key"":""buffAtk"",""type"":""System.Int32"",""value"":""0""}],""customData"":"""",""autoBindScript"":false}]"
weapon_175,RGPrefab/Weapon/weapon_175.prefab,,False,True,200,,"[]",False,"[{""item"":""material_wood"",""num"":8},{""item"":""material_iron"",""num"":8},{""item"":""material_magic_blue"",""num"":2}]","[]","[]","[{""talentName"":""MasterAccurate"",""bindingScript"":""WModDeviation"",""keyValueList"":[{""key"":""buffDeviation"",""type"":""System.Int32"",""value"":""-10""}],""customData"":"""",""autoBindScript"":true}]"
weapon_176,RGPrefab/Weapon/weapon_176.prefab,,False,True,200,,"[]",False,"[{""item"":""material_cell"",""num"":6},{""item"":""material_wood"",""num"":6},{""item"":""material_magic_green"",""num"":2}]","[]","[]","[{""talentName"":""MasterSwordRebound"",""bindingScript"":"""",""keyValueList"":[],""customData"":"""",""autoBindScript"":false}]"
weapon_177,RGPrefab/Weapon/weapon_177.prefab,,False,True,50,,"[{""equipment"":""wi19_portable_oven""}]",False,"[{""item"":""material_cell"",""num"":4}]","[]","[]","[{""talentName"":""MasterSwordRange"",""bindingScript"":""WModBulletSizeMelee"",""keyValueList"":[{""key"":""buffScale"",""type"":""System.Single"",""value"":""1.2""},{""key"":""levelScale"",""type"":""System.Single"",""value"":""1.1""}],""customData"":"""",""autoBindScript"":true},{""talentName"":""MasterReflection"",""bindingScript"":""WModReflection"",""keyValueList"":[{""key"":""buffReflectCount"",""type"":""System.Int32"",""value"":""1""}],""customData"":"""",""autoBindScript"":false},{""talentName"":""MasterSwordRebound"",""bindingScript"":"""",""keyValueList"":[],""customData"":"""",""autoBindScript"":false}]"
weapon_178,RGPrefab/Weapon/weapon_178.prefab,,False,True,0,,"[]",False,"[{""item"":""material_iron"",""num"":2},{""item"":""material_gear"",""num"":1}]","[]","[]","[{""talentName"":""MasterAccurate"",""bindingScript"":""WModDeviation"",""keyValueList"":[{""key"":""buffDeviation"",""type"":""System.Int32"",""value"":""-10""}],""customData"":"""",""autoBindScript"":true},{""talentName"":""MasterReflection"",""bindingScript"":""WModReflection"",""keyValueList"":[{""key"":""buffReflectCount"",""type"":""System.Int32"",""value"":""1""}],""customData"":"""",""autoBindScript"":false}]"
weapon_179,RGPrefab/Weapon/weapon_179.prefab,,False,True,100,,"[{""equipment"":""wi22_upgrade_kit""}]",False,"[{""item"":""material_iron"",""num"":3},{""item"":""material_gear"",""num"":3}]","[{""sourceWeapons"":[{""weapon"":""weapon_179""},{""weapon"":""weapon_179""}],""targetWeapon"":{""weapon"":""weapon_318""}}]","[]","[{""talentName"":""MasterAccurate"",""bindingScript"":""WModDeviation"",""keyValueList"":[{""key"":""buffDeviation"",""type"":""System.Int32"",""value"":""-10""}],""customData"":"""",""autoBindScript"":true},{""talentName"":""MasterReflection"",""bindingScript"":""WModReflection"",""keyValueList"":[{""key"":""buffReflectCount"",""type"":""System.Int32"",""value"":""1""}],""customData"":"""",""autoBindScript"":false}]"
weapon_180,RGPrefab/Weapon/weapon_180.prefab,,False,True,50,,"[{""equipment"":""wi10_flame_stone""},{""equipment"":""wi5_missle""},{""equipment"":""wi5_missle_4""},{""equipment"":""wi2_gaussiancoil""},{""equipment"":""wi2_gaussiancoil_smg_2""},{""equipment"":""wi6_spiralcoil""},{""equipment"":""wi6_spiralcoil_4""},{""equipment"":""wi7_telescopic""},{""equipment"":""wi7_telescopic2""},{""equipment"":""wi9_energy_stone""}]",True,"[{""item"":""material_iron"",""num"":2},{""item"":""material_gear"",""num"":2}]","[]","[]","[{""talentName"":""MasterAccurate"",""bindingScript"":""WModDeviation"",""keyValueList"":[{""key"":""buffDeviation"",""type"":""System.Int32"",""value"":""-10""}],""customData"":"""",""autoBindScript"":true},{""talentName"":""MasterReflection"",""bindingScript"":""WModReflection"",""keyValueList"":[{""key"":""buffReflectCount"",""type"":""System.Int32"",""value"":""1""}],""customData"":"""",""autoBindScript"":false}]"
weapon_181,RGPrefab/Weapon/weapon_181.prefab,,False,True,100,,"[{""equipment"":""wi10_flame_stone""},{""equipment"":""wi11_poison_stone""},{""equipment"":""wi12_lightning_stone""},{""equipment"":""wi2_gaussiancoil""},{""equipment"":""wi2_gaussiancoil_smg_2""},{""equipment"":""wi6_spiralcoil""},{""equipment"":""wi6_spiralcoil_4""},{""equipment"":""wi7_telescopic""},{""equipment"":""wi7_telescopic2""},{""equipment"":""wi9_energy_stone""}]",True,"[{""item"":""material_iron"",""num"":4},{""item"":""material_gear"",""num"":3},{""item"":""material_magic_red"",""num"":1}]","[]","[]","[{""talentName"":""MasterShotgun"",""bindingScript"":""WModCount"",""keyValueList"":[{""key"":""buffCount"",""type"":""System.Int32"",""value"":""2""}],""customData"":"""",""autoBindScript"":true},{""talentName"":""MasterAccurate"",""bindingScript"":""WModDeviation"",""keyValueList"":[{""key"":""buffDeviation"",""type"":""System.Int32"",""value"":""-7""}],""customData"":"""",""autoBindScript"":true},{""talentName"":""MasterHold"",""bindingScript"":""WModHoldSpeed"",""keyValueList"":[{""key"":""buffSpeedFactor"",""type"":""System.Single"",""value"":""2""}],""customData"":"""",""autoBindScript"":true},{""talentName"":""MasterReflection"",""bindingScript"":""WModReflection"",""keyValueList"":[{""key"":""buffReflectCount"",""type"":""System.Int32"",""value"":""1""}],""customData"":"""",""autoBindScript"":false}]"
weapon_182,RGPrefab/Weapon/weapon_182.prefab,,False,True,50,,"[]",False,"[{""item"":""material_wood"",""num"":2},{""item"":""material_iron"",""num"":2}]","[]","[]","[{""talentName"":""MasterAccurate"",""bindingScript"":""WModDeviation"",""keyValueList"":[{""key"":""buffDeviation"",""type"":""System.Int32"",""value"":""-10""}],""customData"":"""",""autoBindScript"":true},{""talentName"":""MasterReflection"",""bindingScript"":""WModReflection"",""keyValueList"":[{""key"":""buffReflectCount"",""type"":""System.Int32"",""value"":""1""}],""customData"":"""",""autoBindScript"":false}]"
weapon_183,RGPrefab/Weapon/weapon_183.prefab,,False,True,50,,"[{""equipment"":""wi33_sardine""}]",False,"[{""item"":""material_wood"",""num"":2},{""item"":""material_iron"",""num"":2}]","[]","[]","[{""talentName"":""MasterAccurate"",""bindingScript"":""WModDeviation"",""keyValueList"":[{""key"":""buffDeviation"",""type"":""System.Int32"",""value"":""-10""}],""customData"":"""",""autoBindScript"":true}]"
weapon_184,RGPrefab/Weapon/weapon_184.prefab,,False,True,100,,"[]",False,"[{""item"":""material_iron"",""num"":7},{""item"":""material_gear"",""num"":7},{""item"":""material_magic_green"",""num"":1}]","[{""sourceWeapons"":[{""weapon"":""weapon_184""},{""weapon"":""weapon_184""}],""targetWeapon"":{""weapon"":""weapon_249""}}]","[]","[{""talentName"":""MasterAccurate"",""bindingScript"":""WModDeviation"",""keyValueList"":[{""key"":""buffDeviation"",""type"":""System.Int32"",""value"":""-10""}],""customData"":"""",""autoBindScript"":true},{""talentName"":""MasterContinuous"",""bindingScript"":""WModContinuousCount"",""keyValueList"":[{""key"":""buffContinuousCount"",""type"":""System.Int32"",""value"":""1""}],""customData"":"""",""autoBindScript"":true},{""talentName"":""MasterReflection"",""bindingScript"":""WModReflection"",""keyValueList"":[{""key"":""buffReflectCount"",""type"":""System.Int32"",""value"":""1""}],""customData"":"""",""autoBindScript"":false}]"
weapon_185,RGPrefab/Weapon/weapon_185.prefab,,False,True,100,,"[]",False,"[{""item"":""material_iron"",""num"":1},{""item"":""material_gear"",""num"":1},{""item"":""material_battery"",""num"":3}]","[]","[]","[{""talentName"":""MasterAccurate"",""bindingScript"":""WModDeviation"",""keyValueList"":[{""key"":""buffDeviation"",""type"":""System.Int32"",""value"":""-7""}],""customData"":"""",""autoBindScript"":true},{""talentName"":""MasterHold"",""bindingScript"":""WModHoldSpeed"",""keyValueList"":[{""key"":""buffSpeedFactor"",""type"":""System.Single"",""value"":""2""}],""customData"":"""",""autoBindScript"":true},{""talentName"":""MasterReflection"",""bindingScript"":""WModReflection"",""keyValueList"":[{""key"":""buffReflectCount"",""type"":""System.Int32"",""value"":""1""}],""customData"":"""",""autoBindScript"":false}]"
weapon_186,RGPrefab/Weapon/weapon_186.prefab,,False,True,100,,"[]",False,"[{""item"":""material_wood"",""num"":6}]","[]","[]","[{""talentName"":""MasterSwordRange"",""bindingScript"":""WModBulletSizeMelee"",""keyValueList"":[{""key"":""buffScale"",""type"":""System.Single"",""value"":""1.2""},{""key"":""levelScale"",""type"":""System.Single"",""value"":""1.1""}],""customData"":"""",""autoBindScript"":true},{""talentName"":""MasterReflection"",""bindingScript"":""WModReflection"",""keyValueList"":[{""key"":""buffReflectCount"",""type"":""System.Int32"",""value"":""1""}],""customData"":"""",""autoBindScript"":false},{""talentName"":""MasterSwordRebound"",""bindingScript"":"""",""keyValueList"":[],""customData"":"""",""autoBindScript"":false}]"
weapon_187,RGPrefab/Weapon/weapon_187.prefab,,False,True,100,,"[]",False,"[{""item"":""material_iron"",""num"":12}]","[{""sourceWeapons"":[{""weapon"":""weapon_187""},{""weapon"":""weapon_187""}],""targetWeapon"":{""weapon"":""weapon_303""}}]","[]","[{""talentName"":""MasterShotgun"",""bindingScript"":""WModCount"",""keyValueList"":[{""key"":""buffCount"",""type"":""System.Int32"",""value"":""2""}],""customData"":"""",""autoBindScript"":true},{""talentName"":""MasterAccurate"",""bindingScript"":""WModDeviation"",""keyValueList"":[{""key"":""buffDeviation"",""type"":""System.Int32"",""value"":""-7""}],""customData"":"""",""autoBindScript"":true},{""talentName"":""MasterHold"",""bindingScript"":""WModHoldSpeed"",""keyValueList"":[{""key"":""buffSpeedFactor"",""type"":""System.Single"",""value"":""2""}],""customData"":"""",""autoBindScript"":true},{""talentName"":""MasterReflection"",""bindingScript"":""WModReflection"",""keyValueList"":[{""key"":""buffReflectCount"",""type"":""System.Int32"",""value"":""1""}],""customData"":"""",""autoBindScript"":false}]"
weapon_188,RGPrefab/Weapon/weapon_188.prefab,,False,True,100,,"[]",False,"[{""item"":""material_iron"",""num"":5}]","[]","[]","[{""talentName"":""MasterShotgun"",""bindingScript"":""WModCount"",""keyValueList"":[{""key"":""buffCount"",""type"":""System.Int32"",""value"":""2""}],""customData"":"""",""autoBindScript"":true},{""talentName"":""MasterAccurate"",""bindingScript"":""WModDeviation"",""keyValueList"":[{""key"":""buffDeviation"",""type"":""System.Int32"",""value"":""-7""}],""customData"":"""",""autoBindScript"":true},{""talentName"":""MasterHold"",""bindingScript"":""WModHoldSpeed"",""keyValueList"":[{""key"":""buffSpeedFactor"",""type"":""System.Single"",""value"":""2""}],""customData"":"""",""autoBindScript"":true},{""talentName"":""MasterSwordRebound"",""bindingScript"":"""",""keyValueList"":[],""customData"":"""",""autoBindScript"":false}]"
weapon_189,RGPrefab/Weapon/weapon_189.prefab,,False,True,0,,"[]",False,"[{""item"":""material_iron"",""num"":2},{""item"":""material_wood"",""num"":2}]","[]","[]","[{""talentName"":""MasterSwordRange"",""bindingScript"":""WModBulletSizeMelee"",""keyValueList"":[{""key"":""buffScale"",""type"":""System.Single"",""value"":""1.2""},{""key"":""levelScale"",""type"":""System.Single"",""value"":""1.1""}],""customData"":"""",""autoBindScript"":true},{""talentName"":""MasterSwordRebound"",""bindingScript"":"""",""keyValueList"":[],""customData"":"""",""autoBindScript"":false}]"
weapon_190,RGPrefab/Weapon/weapon_190.prefab,,False,True,50,,"[]",False,"[{""item"":""material_iron"",""num"":3},{""item"":""material_wood"",""num"":3}]","[]","[]","[{""talentName"":""MasterSwordRange"",""bindingScript"":""WModBulletSizeMelee"",""keyValueList"":[{""key"":""buffScale"",""type"":""System.Single"",""value"":""1.2""},{""key"":""levelScale"",""type"":""System.Single"",""value"":""1.1""}],""customData"":"""",""autoBindScript"":true},{""talentName"":""MasterSwordRebound"",""bindingScript"":"""",""keyValueList"":[],""customData"":"""",""autoBindScript"":false}]"
weapon_191,RGPrefab/Weapon/weapon_191.prefab,,False,True,0,,"[]",False,"[{""item"":""material_iron"",""num"":3},{""item"":""material_wood"",""num"":1}]","[{""sourceWeapons"":[{""weapon"":""weapon_124""},{""weapon"":""weapon_191""}],""targetWeapon"":{""weapon"":""weapon_221""}}]","[]","[{""talentName"":""MasterSwordRange"",""bindingScript"":""WModBulletSizeMelee"",""keyValueList"":[{""key"":""buffScale"",""type"":""System.Single"",""value"":""1.2""},{""key"":""levelScale"",""type"":""System.Single"",""value"":""1.1""}],""customData"":"""",""autoBindScript"":true}]"
weapon_192,RGPrefab/Weapon/weapon_192.prefab,,False,True,0,,"[]",False,"[{""item"":""material_wood"",""num"":5}]","[]","[]","[{""talentName"":""MasterSwordRange"",""bindingScript"":""WModBulletSizeMelee"",""keyValueList"":[{""key"":""buffScale"",""type"":""System.Single"",""value"":""1.2""},{""key"":""levelScale"",""type"":""System.Single"",""value"":""1.1""}],""customData"":"""",""autoBindScript"":true}]"
weapon_193,RGPrefab/Weapon/weapon_193.prefab,,False,True,100,,"[]",False,"[{""item"":""material_iron"",""num"":6},{""item"":""material_wood"",""num"":4}]","[]","[]","[{""talentName"":""MasterSwordRange"",""bindingScript"":""WModBulletSizeMelee"",""keyValueList"":[{""key"":""buffScale"",""type"":""System.Single"",""value"":""1.2""},{""key"":""levelScale"",""type"":""System.Single"",""value"":""1.1""}],""customData"":"""",""autoBindScript"":true}]"
weapon_194,RGPrefab/Weapon/weapon_194.prefab,,False,True,100,,"[]",False,"[{""item"":""material_wood"",""num"":8},{""item"":""material_iron"",""num"":4}]","[]","[]","[{""talentName"":""MasterAccurate"",""bindingScript"":""WModDeviation"",""keyValueList"":[{""key"":""buffDeviation"",""type"":""System.Int32"",""value"":""-10""}],""customData"":"""",""autoBindScript"":true},{""talentName"":""MasterHold"",""bindingScript"":""WModHoldSpeed"",""keyValueList"":[{""key"":""buffSpeedFactor"",""type"":""System.Single"",""value"":""2""}],""customData"":"""",""autoBindScript"":true},{""talentName"":""MasterReflection"",""bindingScript"":""WModReflection"",""keyValueList"":[{""key"":""buffReflectCount"",""type"":""System.Int32"",""value"":""1""}],""customData"":"""",""autoBindScript"":false}]"
weapon_195,RGPrefab/Weapon/weapon_195.prefab,,False,True,0,,"[]",False,"[{""item"":""material_iron"",""num"":2},{""item"":""material_wood"",""num"":4}]","[]","[]","[{""talentName"":""MasterShotgun"",""bindingScript"":""WModCount"",""keyValueList"":[{""key"":""buffCount"",""type"":""System.Int32"",""value"":""2""}],""customData"":"""",""autoBindScript"":true},{""talentName"":""MasterAccurate"",""bindingScript"":""WModDeviation"",""keyValueList"":[{""key"":""buffDeviation"",""type"":""System.Int32"",""value"":""-7""}],""customData"":"""",""autoBindScript"":true},{""talentName"":""MasterStaff"",""bindingScript"":""WModAtkStaff"",""keyValueList"":[{""key"":""buffAtk"",""type"":""System.Int32"",""value"":""1""}],""customData"":"""",""autoBindScript"":true},{""talentName"":""ElementalStaff"",""bindingScript"":""WModAtkStaff"",""keyValueList"":[{""key"":""buffAtk"",""type"":""System.Int32"",""value"":""1""}],""customData"":"""",""autoBindScript"":true}]"
weapon_196,RGPrefab/Weapon/weapon_196.prefab,,False,True,100,,"[]",False,"[{""item"":""material_iron"",""num"":6},{""item"":""material_wood"",""num"":2}]","[]","[]","[{""talentName"":""MasterHold"",""bindingScript"":""WModHoldSpeed"",""keyValueList"":[{""key"":""buffSpeedFactor"",""type"":""System.Single"",""value"":""2""}],""customData"":"""",""autoBindScript"":true},{""talentName"":""MasterSwordRange"",""bindingScript"":""WModBulletSizeMelee"",""keyValueList"":[{""key"":""buffScale"",""type"":""System.Single"",""value"":""1.2""},{""key"":""levelScale"",""type"":""System.Single"",""value"":""1.1""}],""customData"":"""",""autoBindScript"":true},{""talentName"":""MasterSwordRebound"",""bindingScript"":"""",""keyValueList"":[],""customData"":"""",""autoBindScript"":false}]"
weapon_197,RGPrefab/Weapon/weapon_197.prefab,,False,True,0,,"[]",False,"[{""item"":""material_iron"",""num"":3},{""item"":""material_wood"",""num"":2}]","[]","[]","[{""talentName"":""MasterContinuous"",""bindingScript"":""WModContinuousCount"",""keyValueList"":[{""key"":""buffContinuousCount"",""type"":""System.Int32"",""value"":""1""}],""customData"":"""",""autoBindScript"":true},{""talentName"":""MasterHold"",""bindingScript"":""WModHoldSpeed"",""keyValueList"":[{""key"":""buffSpeedFactor"",""type"":""System.Single"",""value"":""2""}],""customData"":"""",""autoBindScript"":true},{""talentName"":""MasterSwordRange"",""bindingScript"":""WModBulletSizeMelee"",""keyValueList"":[{""key"":""buffScale"",""type"":""System.Single"",""value"":""1.2""},{""key"":""levelScale"",""type"":""System.Single"",""value"":""1.1""}],""customData"":"""",""autoBindScript"":true},{""talentName"":""MasterSwordRebound"",""bindingScript"":"""",""keyValueList"":[],""customData"":"""",""autoBindScript"":false}]"
weapon_198,RGPrefab/Weapon/weapon_198.prefab,,False,True,100,,"[]",False,"[{""item"":""material_iron"",""num"":6},{""item"":""material_wood"",""num"":4}]","[{""sourceWeapons"":[{""weapon"":""weapon_198""},{""weapon"":""weapon_init_trapmasterx""}],""targetWeapon"":{""weapon"":""weapon_364""}}]","[]","[{""talentName"":""MasterContinuous"",""bindingScript"":""WModContinuousCount"",""keyValueList"":[{""key"":""buffContinuousCount"",""type"":""System.Int32"",""value"":""1""}],""customData"":"""",""autoBindScript"":true},{""talentName"":""MasterHold"",""bindingScript"":""WModHoldSpeed"",""keyValueList"":[{""key"":""buffSpeedFactor"",""type"":""System.Single"",""value"":""2""}],""customData"":"""",""autoBindScript"":true},{""talentName"":""MasterSwordRange"",""bindingScript"":""WModBulletSizeMelee"",""keyValueList"":[{""key"":""buffScale"",""type"":""System.Single"",""value"":""1.2""},{""key"":""levelScale"",""type"":""System.Single"",""value"":""1.1""}],""customData"":"""",""autoBindScript"":true},{""talentName"":""MasterSwordRebound"",""bindingScript"":"""",""keyValueList"":[],""customData"":"""",""autoBindScript"":false}]"
weapon_199,RGPrefab/Weapon/weapon_199.prefab,,False,True,50,,"[]",False,"[{""item"":""material_iron"",""num"":3},{""item"":""material_wood"",""num"":2}]","[]","[]","[{""talentName"":""MasterContinuous"",""bindingScript"":""WModContinuousCount"",""keyValueList"":[{""key"":""buffContinuousCount"",""type"":""System.Int32"",""value"":""1""}],""customData"":"""",""autoBindScript"":true},{""talentName"":""MasterHold"",""bindingScript"":""WModHoldSpeed"",""keyValueList"":[{""key"":""buffSpeedFactor"",""type"":""System.Single"",""value"":""2""}],""customData"":"""",""autoBindScript"":true},{""talentName"":""MasterSwordRange"",""bindingScript"":""WModBulletSizeMelee"",""keyValueList"":[{""key"":""buffScale"",""type"":""System.Single"",""value"":""1.2""},{""key"":""levelScale"",""type"":""System.Single"",""value"":""1.1""}],""customData"":"""",""autoBindScript"":true},{""talentName"":""MasterSwordRebound"",""bindingScript"":"""",""keyValueList"":[],""customData"":"""",""autoBindScript"":false}]"
weapon_200,RGPrefab/Weapon/weapon_200.prefab,,False,True,100,,"[]",False,"[{""item"":""material_battery"",""num"":4},{""item"":""material_gear"",""num"":2},{""item"":""material_iron"",""num"":2}]","[{""sourceWeapons"":[{""weapon"":""weapon_200""},{""weapon"":""weapon_121""}],""targetWeapon"":{""weapon"":""weapon_278""}}]","[]","[{""talentName"":""MasterShotgun"",""bindingScript"":""WModCount"",""keyValueList"":[{""key"":""buffCount"",""type"":""System.Int32"",""value"":""2""}],""customData"":"""",""autoBindScript"":true},{""talentName"":""MasterAccurate"",""bindingScript"":""WModDeviation"",""keyValueList"":[{""key"":""buffDeviation"",""type"":""System.Int32"",""value"":""-7""}],""customData"":"""",""autoBindScript"":true},{""talentName"":""MasterLaser"",""bindingScript"":""WModMasterLaser"",""keyValueList"":[{""key"":""buffAtk"",""type"":""System.Int32"",""value"":""1""},{""key"":""buffScale"",""type"":""System.Single"",""value"":""1""}],""customData"":""1.5"",""autoBindScript"":true},{""talentName"":""MasterReflection"",""bindingScript"":""WModReflection"",""keyValueList"":[{""key"":""buffReflectCount"",""type"":""System.Int32"",""value"":""1""}],""customData"":"""",""autoBindScript"":true}]"
weapon_201,RGPrefab/Weapon/weapon_201.prefab,,False,True,50,,"[]",False,"[{""item"":""material_wood"",""num"":6},{""item"":""material_iron"",""num"":3}]","[]","[]","[{""talentName"":""MasterSwordRange"",""bindingScript"":""WModBulletSizeMelee"",""keyValueList"":[{""key"":""buffScale"",""type"":""System.Single"",""value"":""1.2""},{""key"":""levelScale"",""type"":""System.Single"",""value"":""1.1""}],""customData"":"""",""autoBindScript"":true},{""talentName"":""MasterSwordRebound"",""bindingScript"":"""",""keyValueList"":[],""customData"":"""",""autoBindScript"":false}]"
weapon_202,RGPrefab/Weapon/weapon_202.prefab,,False,True,0,,"[]",False,"[{""item"":""material_wood"",""num"":3}]","[]","[]","[{""talentName"":""MasterSwordRange"",""bindingScript"":""WModBulletSizeMelee"",""keyValueList"":[{""key"":""buffScale"",""type"":""System.Single"",""value"":""1.2""},{""key"":""levelScale"",""type"":""System.Single"",""value"":""1.1""}],""customData"":"""",""autoBindScript"":true},{""talentName"":""MasterSwordRebound"",""bindingScript"":"""",""keyValueList"":[],""customData"":"""",""autoBindScript"":false}]"
weapon_203,RGPrefab/Weapon/weapon_203.prefab,,False,True,50,,"[]",False,"[{""item"":""material_wood"",""num"":6}]","[]","[]","[{""talentName"":""MasterAccurate"",""bindingScript"":""WModDeviation"",""keyValueList"":[{""key"":""buffDeviation"",""type"":""System.Int32"",""value"":""-10""}],""customData"":"""",""autoBindScript"":true},{""talentName"":""MasterSwordRange"",""bindingScript"":""WModBulletSizeMelee"",""keyValueList"":[{""key"":""buffScale"",""type"":""System.Single"",""value"":""1.2""},{""key"":""levelScale"",""type"":""System.Single"",""value"":""1.1""}],""customData"":"""",""autoBindScript"":true},{""talentName"":""MasterReflection"",""bindingScript"":""WModReflection"",""keyValueList"":[{""key"":""buffReflectCount"",""type"":""System.Int32"",""value"":""1""}],""customData"":"""",""autoBindScript"":false},{""talentName"":""MasterSwordRebound"",""bindingScript"":"""",""keyValueList"":[],""customData"":"""",""autoBindScript"":false}]"
weapon_204,RGPrefab/Weapon/weapon_204.prefab,,False,True,0,,"[]",False,"[{""item"":""material_iron"",""num"":1},{""item"":""material_wood"",""num"":3}]","[{""sourceWeapons"":[{""weapon"":""weapon_204""},{""weapon"":""weapon_103""}],""targetWeapon"":{""weapon"":""weapon_157""}}]","[]","[{""talentName"":""MasterAccurate"",""bindingScript"":""WModDeviation"",""keyValueList"":[{""key"":""buffDeviation"",""type"":""System.Int32"",""value"":""-10""}],""customData"":"""",""autoBindScript"":true},{""talentName"":""MasterSwordRange"",""bindingScript"":""WModBulletSizeMelee"",""keyValueList"":[{""key"":""buffScale"",""type"":""System.Single"",""value"":""1.2""},{""key"":""levelScale"",""type"":""System.Single"",""value"":""1.1""}],""customData"":"""",""autoBindScript"":true},{""talentName"":""MasterReflection"",""bindingScript"":""WModReflection"",""keyValueList"":[{""key"":""buffReflectCount"",""type"":""System.Int32"",""value"":""1""}],""customData"":"""",""autoBindScript"":false},{""talentName"":""MasterSwordRebound"",""bindingScript"":"""",""keyValueList"":[],""customData"":"""",""autoBindScript"":false}]"
weapon_205,RGPrefab/Weapon/weapon_205.prefab,,False,True,100,,"[]",False,"[{""item"":""material_magic_blue"",""num"":1}]","[]","[]","[{""talentName"":""MasterAccurate"",""bindingScript"":""WModDeviation"",""keyValueList"":[{""key"":""buffDeviation"",""type"":""System.Int32"",""value"":""-10""}],""customData"":"""",""autoBindScript"":true},{""talentName"":""MasterSwordRange"",""bindingScript"":""WModBulletSizeMelee"",""keyValueList"":[{""key"":""buffScale"",""type"":""System.Single"",""value"":""1.2""},{""key"":""levelScale"",""type"":""System.Single"",""value"":""1.1""}],""customData"":"""",""autoBindScript"":true},{""talentName"":""MasterReflection"",""bindingScript"":""WModReflection"",""keyValueList"":[{""key"":""buffReflectCount"",""type"":""System.Int32"",""value"":""1""}],""customData"":"""",""autoBindScript"":false},{""talentName"":""MasterSwordRebound"",""bindingScript"":"""",""keyValueList"":[],""customData"":"""",""autoBindScript"":false}]"
weapon_206,RGPrefab/Weapon/weapon_206.prefab,,False,True,0,,"[]",False,"[{""item"":""material_iron"",""num"":3},{""item"":""material_wood"",""num"":2}]","[]","[]","[{""talentName"":""MasterAccurate"",""bindingScript"":""WModDeviation"",""keyValueList"":[{""key"":""buffDeviation"",""type"":""System.Int32"",""value"":""-10""}],""customData"":"""",""autoBindScript"":true},{""talentName"":""MasterSwordRange"",""bindingScript"":""WModBulletSizeMelee"",""keyValueList"":[{""key"":""buffScale"",""type"":""System.Single"",""value"":""1.2""},{""key"":""levelScale"",""type"":""System.Single"",""value"":""1.1""}],""customData"":"""",""autoBindScript"":true},{""talentName"":""MasterReflection"",""bindingScript"":""WModReflection"",""keyValueList"":[{""key"":""buffReflectCount"",""type"":""System.Int32"",""value"":""1""}],""customData"":"""",""autoBindScript"":false},{""talentName"":""MasterSwordRebound"",""bindingScript"":"""",""keyValueList"":[],""customData"":"""",""autoBindScript"":false}]"
weapon_207,RGPrefab/Weapon/weapon_207.prefab,,False,True,100,,"[]",False,"[{""item"":""material_iron"",""num"":7}]","[]","[]","[{""talentName"":""MasterAccurate"",""bindingScript"":""WModDeviation"",""keyValueList"":[{""key"":""buffDeviation"",""type"":""System.Int32"",""value"":""-10""}],""customData"":"""",""autoBindScript"":true},{""talentName"":""MasterSwordRange"",""bindingScript"":""WModBulletSizeMelee"",""keyValueList"":[{""key"":""buffScale"",""type"":""System.Single"",""value"":""1.2""},{""key"":""levelScale"",""type"":""System.Single"",""value"":""1.1""}],""customData"":"""",""autoBindScript"":true},{""talentName"":""MasterReflection"",""bindingScript"":""WModReflection"",""keyValueList"":[{""key"":""buffReflectCount"",""type"":""System.Int32"",""value"":""1""}],""customData"":"""",""autoBindScript"":false},{""talentName"":""MasterSwordRebound"",""bindingScript"":"""",""keyValueList"":[],""customData"":"""",""autoBindScript"":false}]"
weapon_208,RGPrefab/Weapon/weapon_208.prefab,,False,True,50,,"[]",False,"[{""item"":""material_wood"",""num"":2},{""item"":""material_cell"",""num"":2}]","[]","[]","[{""talentName"":""MasterSwordRange"",""bindingScript"":""WModBulletSizeMelee"",""keyValueList"":[{""key"":""buffScale"",""type"":""System.Single"",""value"":""1.2""},{""key"":""levelScale"",""type"":""System.Single"",""value"":""1.1""}],""customData"":"""",""autoBindScript"":true},{""talentName"":""MasterSwordRebound"",""bindingScript"":"""",""keyValueList"":[],""customData"":"""",""autoBindScript"":false}]"
weapon_209,RGPrefab/Weapon/weapon_209.prefab,,False,True,50,,"[]",False,"[{""item"":""material_wood"",""num"":2},{""item"":""material_iron"",""num"":2}]","[]","[]","[{""talentName"":""MasterAccurate"",""bindingScript"":""WModDeviation"",""keyValueList"":[{""key"":""buffDeviation"",""type"":""System.Int32"",""value"":""-10""}],""customData"":"""",""autoBindScript"":true},{""talentName"":""MasterContinuous"",""bindingScript"":""WModContinuousCount"",""keyValueList"":[{""key"":""buffContinuousCount"",""type"":""System.Int32"",""value"":""1""}],""customData"":"""",""autoBindScript"":true},{""talentName"":""MasterReflection"",""bindingScript"":""WModReflection"",""keyValueList"":[{""key"":""buffReflectCount"",""type"":""System.Int32"",""value"":""1""}],""customData"":"""",""autoBindScript"":false}]"
weapon_210,RGPrefab/Weapon/weapon_210.prefab,,False,True,0,,"[]",False,"[{""item"":""material_wood"",""num"":4}]","[{""sourceWeapons"":[{""weapon"":""weapon_210""},{""weapon"":""weapon_098""}],""targetWeapon"":{""weapon"":""weapon_308""}}]","[]","[{""talentName"":""MasterShotgun"",""bindingScript"":""WModCount"",""keyValueList"":[{""key"":""buffCount"",""type"":""System.Int32"",""value"":""2""}],""customData"":"""",""autoBindScript"":true},{""talentName"":""MasterAccurate"",""bindingScript"":""WModDeviation"",""keyValueList"":[{""key"":""buffDeviation"",""type"":""System.Int32"",""value"":""-7""}],""customData"":"""",""autoBindScript"":true},{""talentName"":""MasterStaff"",""bindingScript"":""WModAtkStaff"",""keyValueList"":[{""key"":""buffAtk"",""type"":""System.Int32"",""value"":""1""}],""customData"":"""",""autoBindScript"":true},{""talentName"":""ElementalStaff"",""bindingScript"":""WModAtkStaff"",""keyValueList"":[{""key"":""buffAtk"",""type"":""System.Int32"",""value"":""1""}],""customData"":"""",""autoBindScript"":true},{""talentName"":""MasterReflection"",""bindingScript"":""WModReflection"",""keyValueList"":[{""key"":""buffReflectCount"",""type"":""System.Int32"",""value"":""1""}],""customData"":"""",""autoBindScript"":false}]"
weapon_211,RGPrefab/Weapon/weapon_211.prefab,,False,True,50,,"[]",False,"[{""item"":""material_cell"",""num"":6}]","[{""sourceWeapons"":[{""weapon"":""weapon_211""},{""weapon"":""weapon_212""}],""targetWeapon"":{""weapon"":""weapon_213""}}]","[]","[{""talentName"":""MasterReflection"",""bindingScript"":""WModReflection"",""keyValueList"":[{""key"":""buffReflectCount"",""type"":""System.Int32"",""value"":""1""}],""customData"":"""",""autoBindScript"":false}]"
weapon_212,RGPrefab/Weapon/weapon_212.prefab,,False,True,50,,"[]",False,"[{""item"":""material_cell"",""num"":6}]","[]","[]","[{""talentName"":""MasterReflection"",""bindingScript"":""WModReflection"",""keyValueList"":[{""key"":""buffReflectCount"",""type"":""System.Int32"",""value"":""1""}],""customData"":"""",""autoBindScript"":false}]"
weapon_213,RGPrefab/Weapon/weapon_213.prefab,,False,True,100,,"[]",False,"[{""item"":""material_cell"",""num"":8}]","[]","[]","[{""talentName"":""MasterReflection"",""bindingScript"":""WModReflection"",""keyValueList"":[{""key"":""buffReflectCount"",""type"":""System.Int32"",""value"":""1""}],""customData"":"""",""autoBindScript"":false}]"
weapon_214,RGPrefab/Weapon/weapon_214.prefab,,False,True,200,,"[]",False,"[{""item"":""material_iron"",""num"":8},{""item"":""material_magic_blue"",""num"":1},{""item"":""material_magic_green"",""num"":2},{""item"":""material_gear"",""num"":4}]","[]","[]","[]"
weapon_215,RGPrefab/Weapon/weapon_215.prefab,,False,True,200,,"[]",False,"[{""item"":""material_battery"",""num"":8},{""item"":""material_magic_blue"",""num"":2},{""item"":""material_gear"",""num"":5},{""item"":""material_magic_green"",""num"":1}]","[]","[]","[{""talentName"":""MasterShotgun"",""bindingScript"":""WModCount"",""keyValueList"":[{""key"":""buffCount"",""type"":""System.Int32"",""value"":""2""}],""customData"":"""",""autoBindScript"":true},{""talentName"":""MasterAccurate"",""bindingScript"":""WModDeviation"",""keyValueList"":[{""key"":""buffDeviation"",""type"":""System.Int32"",""value"":""-7""}],""customData"":"""",""autoBindScript"":true},{""talentName"":""MasterLaser"",""bindingScript"":""WModMasterLaser"",""keyValueList"":[{""key"":""buffAtk"",""type"":""System.Int32"",""value"":""1""},{""key"":""buffScale"",""type"":""System.Single"",""value"":""0.75""}],""customData"":"""",""autoBindScript"":true},{""talentName"":""MasterReflection"",""bindingScript"":""WModReflection"",""keyValueList"":[{""key"":""buffReflectCount"",""type"":""System.Int32"",""value"":""1""}],""customData"":"""",""autoBindScript"":true}]"
weapon_216,RGPrefab/Weapon/weapon_216.prefab,,False,True,50,,"[]",False,"[{""item"":""material_wood"",""num"":3},{""item"":""material_gear"",""num"":3}]","[]","[]","[{""talentName"":""MasterAccurate"",""bindingScript"":""WModDeviation"",""keyValueList"":[{""key"":""buffDeviation"",""type"":""System.Int32"",""value"":""-10""}],""customData"":"""",""autoBindScript"":true},{""talentName"":""MasterSwordRange"",""bindingScript"":""WModBulletSizeMelee"",""keyValueList"":[{""key"":""buffScale"",""type"":""System.Single"",""value"":""1.2""},{""key"":""levelScale"",""type"":""System.Single"",""value"":""1.1""}],""customData"":"""",""autoBindScript"":true},{""talentName"":""MasterReflection"",""bindingScript"":""WModReflection"",""keyValueList"":[{""key"":""buffReflectCount"",""type"":""System.Int32"",""value"":""1""}],""customData"":"""",""autoBindScript"":false},{""talentName"":""MasterSwordRebound"",""bindingScript"":"""",""keyValueList"":[],""customData"":"""",""autoBindScript"":false}]"
weapon_217,RGPrefab/Weapon/weapon_217.prefab,,False,True,233,,"[]",False,"[{""item"":""material_magic_purple"",""num"":2},{""item"":""material_iron"",""num"":5},{""item"":""material_cell"",""num"":5}]","[]","[]","[{""talentName"":""MasterShotgun"",""bindingScript"":""WModCount"",""keyValueList"":[{""key"":""buffCount"",""type"":""System.Int32"",""value"":""2""}],""customData"":"""",""autoBindScript"":true},{""talentName"":""MasterAccurate"",""bindingScript"":""WModDeviation"",""keyValueList"":[{""key"":""buffDeviation"",""type"":""System.Int32"",""value"":""-7""}],""customData"":"""",""autoBindScript"":true},{""talentName"":""MasterReflection"",""bindingScript"":""WModReflection"",""keyValueList"":[{""key"":""buffReflectCount"",""type"":""System.Int32"",""value"":""1""}],""customData"":"""",""autoBindScript"":false}]"
weapon_218,RGPrefab/Weapon/weapon_218.prefab,,False,True,50,,"[]",False,"[{""item"":""material_iron"",""num"":3},{""item"":""material_gear"",""num"":3},{""item"":""material_battery"",""num"":2}]","[]","[]","[{""talentName"":""MasterAccurate"",""bindingScript"":""WModDeviation"",""keyValueList"":[{""key"":""buffDeviation"",""type"":""System.Int32"",""value"":""-10""}],""customData"":"""",""autoBindScript"":true},{""talentName"":""MasterReflection"",""bindingScript"":""WModReflection"",""keyValueList"":[{""key"":""buffReflectCount"",""type"":""System.Int32"",""value"":""1""}],""customData"":"""",""autoBindScript"":false}]"
weapon_219,RGPrefab/Weapon/weapon_219.prefab,,False,True,100,,"[{""equipment"":""wi10_flame_stone""},{""equipment"":""wi11_poison_stone""},{""equipment"":""wi9_energy_stone""},{""equipment"":""wi2_gaussiancoil""},{""equipment"":""wi2_gaussiancoil_smg_2""}]",True,"[{""item"":""material_battery"",""num"":3},{""item"":""material_iron"",""num"":5},{""item"":""material_gear"",""num"":3}]","[]","[]","[{""talentName"":""MasterAccurate"",""bindingScript"":""WModDeviation"",""keyValueList"":[{""key"":""buffDeviation"",""type"":""System.Int32"",""value"":""-10""}],""customData"":"""",""autoBindScript"":true},{""talentName"":""MasterReflection"",""bindingScript"":""WModReflection"",""keyValueList"":[{""key"":""buffReflectCount"",""type"":""System.Int32"",""value"":""1""}],""customData"":"""",""autoBindScript"":false}]"
weapon_220,RGPrefab/Weapon/weapon_220.prefab,,False,True,150,,"[{""equipment"":""wi33_sardine""}]",False,"[{""item"":""material_battery"",""num"":4},{""item"":""material_magic_red"",""num"":1},{""item"":""material_cell"",""num"":4},{""item"":""material_wood"",""num"":4}]","[]","[]","[{""talentName"":""MasterAccurate"",""bindingScript"":""WModDeviation"",""keyValueList"":[{""key"":""buffDeviation"",""type"":""System.Int32"",""value"":""-10""}],""customData"":"""",""autoBindScript"":true}]"
weapon_221,RGPrefab/Weapon/weapon_221.prefab,,False,True,100,,"[{""equipment"":""wi3_grindstone""},{""equipment"":""wi9_energy_stone""},{""equipment"":""wi33_sardine""},{""equipment"":""wi34_tortoise_grandfather""},{""equipment"":""wi35_water_monkey_ornaments""}]",True,"[{""item"":""material_iron"",""num"":5},{""item"":""material_wood"",""num"":5},{""item"":""material_magic_red"",""num"":1},{""item"":""material_battery"",""num"":1}]","[]","[]","[{""talentName"":""MasterShotgun"",""bindingScript"":""WModCount"",""keyValueList"":[{""key"":""buffCount"",""type"":""System.Int32"",""value"":""2""}],""customData"":"""",""autoBindScript"":true},{""talentName"":""MasterSwordRange"",""bindingScript"":""WModBulletSizeMelee"",""keyValueList"":[{""key"":""buffScale"",""type"":""System.Single"",""value"":""1.2""},{""key"":""levelScale"",""type"":""System.Single"",""value"":""1.1""}],""customData"":"""",""autoBindScript"":true}]"
weapon_222,RGPrefab/Weapon/weapon_222.prefab,,False,True,100,,"[{""equipment"":""wi3_grindstone""},{""equipment"":""wi9_energy_stone""},{""equipment"":""wi22_upgrade_kit""}]",True,"[{""item"":""material_iron"",""num"":5},{""item"":""material_wood"",""num"":5},{""item"":""material_magic_blue"",""num"":1},{""item"":""material_battery"",""num"":1}]","[{""sourceWeapons"":[{""weapon"":""weapon_222""},{""weapon"":""weapon_224""}],""targetWeapon"":{""weapon"":""weapon_311""}}]","[]","[{""talentName"":""MasterShotgun"",""bindingScript"":""WModCount"",""keyValueList"":[{""key"":""buffCount"",""type"":""System.Int32"",""value"":""2""}],""customData"":"""",""autoBindScript"":true},{""talentName"":""MasterSwordRange"",""bindingScript"":""WModBulletSizeMelee"",""keyValueList"":[{""key"":""buffScale"",""type"":""System.Single"",""value"":""1.2""},{""key"":""levelScale"",""type"":""System.Single"",""value"":""1.1""}],""customData"":"""",""autoBindScript"":true}]"
weapon_223,RGPrefab/Weapon/weapon_223.prefab,,False,True,50,,"[]",False,"[{""item"":""material_wood"",""num"":5}]","[]","[]","[{""talentName"":""MasterAccurate"",""bindingScript"":""WModDeviation"",""keyValueList"":[{""key"":""buffDeviation"",""type"":""System.Int32"",""value"":""-10""}],""customData"":"""",""autoBindScript"":true},{""talentName"":""MasterSwordRange"",""bindingScript"":""WModBulletSizeMelee"",""keyValueList"":[{""key"":""buffScale"",""type"":""System.Single"",""value"":""1.2""},{""key"":""levelScale"",""type"":""System.Single"",""value"":""1.1""}],""customData"":"""",""autoBindScript"":true},{""talentName"":""MasterReflection"",""bindingScript"":""WModReflection"",""keyValueList"":[{""key"":""buffReflectCount"",""type"":""System.Int32"",""value"":""1""}],""customData"":"""",""autoBindScript"":false},{""talentName"":""MasterSwordRebound"",""bindingScript"":"""",""keyValueList"":[],""customData"":"""",""autoBindScript"":false}]"
weapon_224,RGPrefab/Weapon/weapon_224.prefab,,False,True,100,,"[{""equipment"":""wi22_upgrade_kit""}]",False,"[{""item"":""material_iron"",""num"":8},{""item"":""material_battery"",""num"":5},{""item"":""material_magic_blue"",""num"":1}]","[{""sourceWeapons"":[{""weapon"":""weapon_224""},{""weapon"":""weapon_224""}],""targetWeapon"":{""weapon"":""weapon_309""}}]","[]","[{""talentName"":""MasterShotgun"",""bindingScript"":""WModCount"",""keyValueList"":[{""key"":""buffCount"",""type"":""System.Int32"",""value"":""2""}],""customData"":"""",""autoBindScript"":true},{""talentName"":""MasterAccurate"",""bindingScript"":""WModDeviation"",""keyValueList"":[{""key"":""buffDeviation"",""type"":""System.Int32"",""value"":""-7""}],""customData"":"""",""autoBindScript"":true},{""talentName"":""MasterHold"",""bindingScript"":""WModHoldSpeed"",""keyValueList"":[{""key"":""buffSpeedFactor"",""type"":""System.Single"",""value"":""2""}],""customData"":"""",""autoBindScript"":true},{""talentName"":""MasterLaser"",""bindingScript"":""WModMasterLaser"",""keyValueList"":[{""key"":""buffAtk"",""type"":""System.Int32"",""value"":""2""},{""key"":""buffScale"",""type"":""System.Single"",""value"":""0""}],""customData"":"""",""autoBindScript"":false}]"
weapon_230,RGPrefab/Weapon/weapon_230.prefab,,False,True,0,,"[{""equipment"":""wi22_upgrade_kit""}]",False,"[{""item"":""material_iron"",""num"":1},{""item"":""material_gear"",""num"":2},{""item"":""material_wood"",""num"":2}]","[]","[]","[{""talentName"":""MasterSwordRange"",""bindingScript"":""WModBulletSizeMelee"",""keyValueList"":[{""key"":""buffScale"",""type"":""System.Single"",""value"":""1.2""},{""key"":""levelScale"",""type"":""System.Single"",""value"":""1.1""}],""customData"":"""",""autoBindScript"":true}]"
weapon_231,RGPrefab/Weapon/weapon_231.prefab,,False,True,0,,"[]",False,"[{""item"":""material_wood"",""num"":16},{""item"":""material_iron"",""num"":16}]","[]","[]","[{""talentName"":""MasterAccurate"",""bindingScript"":""WModDeviation"",""keyValueList"":[{""key"":""buffDeviation"",""type"":""System.Int32"",""value"":""-10""}],""customData"":"""",""autoBindScript"":true},{""talentName"":""MasterReflection"",""bindingScript"":""WModReflection"",""keyValueList"":[{""key"":""buffReflectCount"",""type"":""System.Int32"",""value"":""1""}],""customData"":"""",""autoBindScript"":false}]"
weapon_233,RGPrefab/Weapon/weapon_233.prefab,,False,True,150,,"[{""equipment"":""wi29_binary_jellyfish""}]",False,"[{""item"":""material_cell"",""num"":8}]","[]","[]","[{""talentName"":""MasterAccurate"",""bindingScript"":""WModDeviation"",""keyValueList"":[{""key"":""buffDeviation"",""type"":""System.Int32"",""value"":""-10""}],""customData"":"""",""autoBindScript"":true},{""talentName"":""MasterLaser"",""bindingScript"":""WModMasterLaser"",""keyValueList"":[{""key"":""buffAtk"",""type"":""System.Int32"",""value"":""0""},{""key"":""buffScale"",""type"":""System.Single"",""value"":""2""}],""customData"":"""",""autoBindScript"":true},{""talentName"":""MasterHold"",""bindingScript"":""WModHoldSpeed"",""keyValueList"":[{""key"":""buffSpeedFactor"",""type"":""System.Single"",""value"":""2""}],""customData"":"""",""autoBindScript"":true},{""talentName"":""MasterReflection"",""bindingScript"":""WModReflection"",""keyValueList"":[{""key"":""buffReflectCount"",""type"":""System.Int32"",""value"":""1""}],""customData"":"""",""autoBindScript"":true}]"
weapon_234,RGPrefab/Weapon/weapon_234.prefab,,False,True,150,,"[]",False,"[{""item"":""material_iron"",""num"":5},{""item"":""material_gear"",""num"":5},{""item"":""material_battery"",""num"":5},{""item"":""material_magic_purple"",""num"":1}]","[]","[]","[{""talentName"":""MasterLaser"",""bindingScript"":""WModMasterLaser"",""keyValueList"":[{""key"":""buffAtk"",""type"":""System.Int32"",""value"":""2""},{""key"":""buffScale"",""type"":""System.Single"",""value"":""2""}],""customData"":"""",""autoBindScript"":true},{""talentName"":""MasterHold"",""bindingScript"":""WModHoldSpeed"",""keyValueList"":[{""key"":""buffSpeedFactor"",""type"":""System.Single"",""value"":""2""}],""customData"":"""",""autoBindScript"":true},{""talentName"":""MasterReflection"",""bindingScript"":""WModReflection"",""keyValueList"":[{""key"":""buffReflectCount"",""type"":""System.Int32"",""value"":""1""}],""customData"":"""",""autoBindScript"":true}]"
weapon_235,RGPrefab/Weapon/weapon_235.prefab,,False,True,0,,"[{""equipment"":""wi9_energy_stone""}]",False,"[{""item"":""material_cell"",""num"":4}]","[]","[]","[{""talentName"":""MasterShotgun"",""bindingScript"":""WModCount"",""keyValueList"":[{""key"":""buffCount"",""type"":""System.Int32"",""value"":""2""}],""customData"":"""",""autoBindScript"":true},{""talentName"":""MasterAccurate"",""bindingScript"":""WModDeviation"",""keyValueList"":[{""key"":""buffDeviation"",""type"":""System.Int32"",""value"":""-7""}],""customData"":"""",""autoBindScript"":true},{""talentName"":""MasterHold"",""bindingScript"":""WModHoldSpeed"",""keyValueList"":[{""key"":""buffSpeedFactor"",""type"":""System.Single"",""value"":""2""}],""customData"":"""",""autoBindScript"":true}]"
weapon_236,RGPrefab/Weapon/weapon_236.prefab,,False,True,0,,"[]",False,"[{""item"":""material_gear"",""num"":4}]","[]","[]","[{""talentName"":""MasterAccurate"",""bindingScript"":""WModDeviation"",""keyValueList"":[{""key"":""buffDeviation"",""type"":""System.Int32"",""value"":""-10""}],""customData"":"""",""autoBindScript"":true}]"
weapon_237,RGPrefab/Weapon/weapon_237.prefab,,False,True,0,,"[]",False,"[{""item"":""material_gear"",""num"":2},{""item"":""material_battery"",""num"":2}]","[{""sourceWeapons"":[{""weapon"":""weapon_300""},{""weapon"":""weapon_237""}],""targetWeapon"":{""weapon"":""weapon_401""}}]","[]","[{""talentName"":""MasterAccurate"",""bindingScript"":""WModDeviation"",""keyValueList"":[{""key"":""buffDeviation"",""type"":""System.Int32"",""value"":""-10""}],""customData"":"""",""autoBindScript"":true},{""talentName"":""MasterContinuous"",""bindingScript"":""WModContinuousCount"",""keyValueList"":[{""key"":""buffContinuousCount"",""type"":""System.Int32"",""value"":""1""}],""customData"":"""",""autoBindScript"":true},{""talentName"":""MasterReflection"",""bindingScript"":""WModReflection"",""keyValueList"":[{""key"":""buffReflectCount"",""type"":""System.Int32"",""value"":""1""}],""customData"":"""",""autoBindScript"":false}]"
weapon_238,RGPrefab/Weapon/weapon_238.prefab,,False,True,0,,"[]",False,"[{""item"":""material_gear"",""num"":2},{""item"":""material_wood"",""num"":1},{""item"":""material_battery"",""num"":1}]","[]","[]","[{""talentName"":""MasterLaser"",""bindingScript"":""WModMasterLaser"",""keyValueList"":[{""key"":""buffAtk"",""type"":""System.Int32"",""value"":""1""},{""key"":""buffScale"",""type"":""System.Single"",""value"":""1""}],""customData"":"""",""autoBindScript"":true}]"
weapon_239,RGPrefab/Weapon/weapon_239.prefab,,False,True,50,,"[]",False,"[{""item"":""material_iron"",""num"":3},{""item"":""material_wood"",""num"":2},{""item"":""material_gear"",""num"":2}]","[]","[]","[{""talentName"":""MasterAccurate"",""bindingScript"":""WModDeviation"",""keyValueList"":[{""key"":""buffDeviation"",""type"":""System.Int32"",""value"":""-5""}],""customData"":"""",""autoBindScript"":true},{""talentName"":""MasterReflection"",""bindingScript"":""WModReflection"",""keyValueList"":[{""key"":""buffReflectCount"",""type"":""System.Int32"",""value"":""1""}],""customData"":"""",""autoBindScript"":false}]"
weapon_240,RGPrefab/Weapon/weapon_240.prefab,,False,True,200,,"[]",False,"[{""item"":""material_magic_blue"",""num"":1},{""item"":""material_magic_green"",""num"":1},{""item"":""material_magic_purple"",""num"":1},{""item"":""material_magic_red"",""num"":1}]","[]","[]","[{""talentName"":""MasterAccurate"",""bindingScript"":""WModDeviation"",""keyValueList"":[{""key"":""buffDeviation"",""type"":""System.Int32"",""value"":""-10""}],""customData"":"""",""autoBindScript"":true},{""talentName"":""MasterLaser"",""bindingScript"":""WModMasterLaser"",""keyValueList"":[{""key"":""buffAtk"",""type"":""System.Int32"",""value"":""2""},{""key"":""buffScale"",""type"":""System.Single"",""value"":""0""}],""customData"":"""",""autoBindScript"":false},{""talentName"":""MasterReflection"",""bindingScript"":""WModReflection"",""keyValueList"":[{""key"":""buffReflectCount"",""type"":""System.Int32"",""value"":""1""}],""customData"":"""",""autoBindScript"":false}]"
weapon_241,RGPrefab/Weapon/weapon_241.prefab,,False,True,0,,"[]",False,"[{""item"":""material_wood"",""num"":2},{""item"":""material_iron"",""num"":8}]","[{""sourceWeapons"":[{""weapon"":""weapon_241""},{""weapon"":""weapon_241""}],""targetWeapon"":{""weapon"":""weapon_376""}}]","[]","[{""talentName"":""MasterSwordRange"",""bindingScript"":""WModBulletSizeMelee"",""keyValueList"":[{""key"":""buffScale"",""type"":""System.Single"",""value"":""1.2""},{""key"":""levelScale"",""type"":""System.Single"",""value"":""1.1""}],""customData"":"""",""autoBindScript"":true},{""talentName"":""MasterSwordRebound"",""bindingScript"":"""",""keyValueList"":[],""customData"":"""",""autoBindScript"":false}]"
weapon_242,RGPrefab/Weapon/weapon_242.prefab,,False,True,0,,"[]",False,"[{""item"":""material_wood"",""num"":5}]","[]","[]","[]"
weapon_243,RGPrefab/Weapon/weapon_243.prefab,,False,True,50,,"[{""equipment"":""wi21_time_machine""}]",False,"[{""item"":""material_wood"",""num"":6}]","[]","[]","[{""talentName"":""MasterShotgun"",""bindingScript"":""WModCount"",""keyValueList"":[{""key"":""buffCount"",""type"":""System.Int32"",""value"":""2""}],""customData"":"""",""autoBindScript"":true},{""talentName"":""MasterAccurate"",""bindingScript"":""WModDeviation"",""keyValueList"":[{""key"":""buffDeviation"",""type"":""System.Int32"",""value"":""-7""}],""customData"":"""",""autoBindScript"":true},{""talentName"":""MasterStaff"",""bindingScript"":""WModAtkStaff"",""keyValueList"":[{""key"":""buffAtk"",""type"":""System.Int32"",""value"":""1""}],""customData"":"""",""autoBindScript"":true},{""talentName"":""ElementalStaff"",""bindingScript"":""WModAtkStaff"",""keyValueList"":[{""key"":""buffAtk"",""type"":""System.Int32"",""value"":""1""}],""customData"":"""",""autoBindScript"":true},{""talentName"":""MasterReflection"",""bindingScript"":""WModReflection"",""keyValueList"":[{""key"":""buffReflectCount"",""type"":""System.Int32"",""value"":""1""}],""customData"":"""",""autoBindScript"":false}]"
weapon_244,RGPrefab/Weapon/weapon_244.prefab,,False,True,1000,,"[]",False,"[{""item"":""material_magic_orange"",""num"":1}]","[]","[]","[]"
weapon_245,RGPrefab/Weapon/weapon_245.prefab,,False,True,150,,"[{""equipment"":""wi10_flame_stone""},{""equipment"":""wi4_helt""},{""equipment"":""wi4_helt_2""},{""equipment"":""wi4_helt_3""},{""equipment"":""wi9_energy_stone""},{""equipment"":""wi15_auto""}]",True,"[{""item"":""material_gear"",""num"":8},{""item"":""material_battery"",""num"":9},{""item"":""material_magic_orange"",""num"":2}]","[]","[]","[{""talentName"":""MasterLaser"",""bindingScript"":""WModMasterLaser"",""keyValueList"":[{""key"":""buffAtk"",""type"":""System.Int32"",""value"":""2""},{""key"":""buffScale"",""type"":""System.Single"",""value"":""0.2""}],""customData"":"""",""autoBindScript"":true},{""talentName"":""MasterSwordRange"",""bindingScript"":""WModBulletSizeMelee"",""keyValueList"":[{""key"":""buffScale"",""type"":""System.Single"",""value"":""1.2""},{""key"":""levelScale"",""type"":""System.Single"",""value"":""1.1""}],""customData"":"""",""autoBindScript"":true},{""talentName"":""MasterSwordRebound"",""bindingScript"":"""",""keyValueList"":[],""customData"":"""",""autoBindScript"":false}]"
weapon_246,RGPrefab/Weapon/weapon_246.prefab,,False,True,200,,"[{""equipment"":""wi3_grindstone""},{""equipment"":""wi9_energy_stone""}]",True,"[{""item"":""material_iron"",""num"":11},{""item"":""material_battery"",""num"":11},{""item"":""material_magic_black"",""num"":4}]","[]","[]","[{""talentName"":""MasterShotgun"",""bindingScript"":""WModCount"",""keyValueList"":[{""key"":""buffCount"",""type"":""System.Int32"",""value"":""2""}],""customData"":"""",""autoBindScript"":true},{""talentName"":""MasterLaser"",""bindingScript"":""WModMasterLaser"",""keyValueList"":[{""key"":""buffAtk"",""type"":""System.Int32"",""value"":""0""},{""key"":""buffScale"",""type"":""System.Single"",""value"":""2""}],""customData"":"""",""autoBindScript"":true},{""talentName"":""MasterSwordRange"",""bindingScript"":""WModBulletSizeMelee"",""keyValueList"":[{""key"":""buffScale"",""type"":""System.Single"",""value"":""1.2""},{""key"":""levelScale"",""type"":""System.Single"",""value"":""1.1""}],""customData"":"""",""autoBindScript"":true},{""talentName"":""MasterReflection"",""bindingScript"":""WModReflection"",""keyValueList"":[{""key"":""buffReflectCount"",""type"":""System.Int32"",""value"":""0""}],""customData"":"""",""autoBindScript"":false},{""talentName"":""MasterSwordRebound"",""bindingScript"":"""",""keyValueList"":[],""customData"":"""",""autoBindScript"":false},{""talentName"":""MasterShotgun"",""bindingScript"":""WModCount"",""keyValueList"":[{""key"":""buffCount"",""type"":""System.Int32"",""value"":""2""}],""customData"":"""",""autoBindScript"":false}]"
weapon_247,RGPrefab/Weapon/weapon_247.prefab,,False,True,150,,"[]",False,"[{""item"":""material_gear"",""num"":6},{""item"":""material_battery"",""num"":6},{""item"":""material_iron"",""num"":6},{""item"":""material_magic_black"",""num"":3}]","[]","[]","[{""talentName"":""MasterAccurate"",""bindingScript"":""WModDeviation"",""keyValueList"":[{""key"":""buffDeviation"",""type"":""System.Int32"",""value"":""-10""}],""customData"":"""",""autoBindScript"":true},{""talentName"":""MasterHold"",""bindingScript"":""WModHoldSpeed"",""keyValueList"":[{""key"":""buffSpeedFactor"",""type"":""System.Single"",""value"":""2""}],""customData"":"""",""autoBindScript"":true}]"
weapon_248,RGPrefab/Weapon/weapon_248.prefab,,False,True,100,,"[]",False,"[{""item"":""material_gear"",""num"":4},{""item"":""material_wood"",""num"":4},{""item"":""material_battery"",""num"":4},{""item"":""material_cell"",""num"":4},{""item"":""material_magic_purple"",""num"":1}]","[]","[]","[{""talentName"":""MasterAccurate"",""bindingScript"":""WModDeviation"",""keyValueList"":[{""key"":""buffDeviation"",""type"":""System.Int32"",""value"":""-10""}],""customData"":"""",""autoBindScript"":true},{""talentName"":""MasterReflection"",""bindingScript"":""WModReflection"",""keyValueList"":[{""key"":""buffReflectCount"",""type"":""System.Int32"",""value"":""1""}],""customData"":"""",""autoBindScript"":false}]"
weapon_249,RGPrefab/Weapon/weapon_249.prefab,,False,True,150,,"[]",False,"[{""item"":""material_iron"",""num"":6},{""item"":""material_gear"",""num"":6},{""item"":""material_battery"",""num"":6},{""item"":""material_magic_orange"",""num"":1},{""item"":""material_magic_red"",""num"":1}]","[]","[]","[{""talentName"":""MasterAccurate"",""bindingScript"":""WModDeviation"",""keyValueList"":[{""key"":""buffDeviation"",""type"":""System.Int32"",""value"":""-10""}],""customData"":"""",""autoBindScript"":true},{""talentName"":""MasterLaser"",""bindingScript"":""WModMasterLaser"",""keyValueList"":[{""key"":""buffAtk"",""type"":""System.Int32"",""value"":""1""},{""key"":""buffScale"",""type"":""System.Single"",""value"":""2""}],""customData"":"""",""autoBindScript"":true},{""talentName"":""MasterContinuous"",""bindingScript"":""WModContinuousCount"",""keyValueList"":[{""key"":""buffContinuousCount"",""type"":""System.Int32"",""value"":""1""}],""customData"":"""",""autoBindScript"":true},{""talentName"":""MasterReflection"",""bindingScript"":""WModReflection"",""keyValueList"":[{""key"":""buffReflectCount"",""type"":""System.Int32"",""value"":""1""}],""customData"":"""",""autoBindScript"":true}]"
weapon_250,RGPrefab/Weapon/weapon_250.prefab,,False,True,150,,"[]",False,"[{""item"":""material_iron"",""num"":15},{""item"":""material_gear"",""num"":15}]","[]","[]","[{""talentName"":""MasterShotgun"",""bindingScript"":""WModCount"",""keyValueList"":[{""key"":""buffCount"",""type"":""System.Int32"",""value"":""2""}],""customData"":"""",""autoBindScript"":true},{""talentName"":""MasterAccurate"",""bindingScript"":""WModDeviation"",""keyValueList"":[{""key"":""buffDeviation"",""type"":""System.Int32"",""value"":""-7""}],""customData"":"""",""autoBindScript"":true},{""talentName"":""MasterContinuous"",""bindingScript"":""WModContinuousCount"",""keyValueList"":[{""key"":""buffContinuousCount"",""type"":""System.Int32"",""value"":""1""}],""customData"":"""",""autoBindScript"":true},{""talentName"":""MasterReflection"",""bindingScript"":""WModReflection"",""keyValueList"":[{""key"":""buffReflectCount"",""type"":""System.Int32"",""value"":""1""}],""customData"":"""",""autoBindScript"":false}]"
weapon_251,RGPrefab/Weapon/weapon_251.prefab,,False,True,100,,"[]",False,"[{""item"":""material_wood"",""num"":4},{""item"":""material_iron"",""num"":4}]","[]","[]","[{""talentName"":""MasterSwordRange"",""bindingScript"":""WModBulletSizeMelee"",""keyValueList"":[{""key"":""buffScale"",""type"":""System.Single"",""value"":""1.2""},{""key"":""levelScale"",""type"":""System.Single"",""value"":""1.1""}],""customData"":"""",""autoBindScript"":true},{""talentName"":""MasterSwordRebound"",""bindingScript"":"""",""keyValueList"":[],""customData"":"""",""autoBindScript"":false}]"
weapon_252,RGPrefab/Weapon/weapon_252.prefab,,False,True,200,,"[]",False,"[{""item"":""material_iron"",""num"":6},{""item"":""material_battery"",""num"":6},{""item"":""material_magic_orange"",""num"":2},{""item"":""material_magic_red"",""num"":2}]","[]","[]","[]"
weapon_253,RGPrefab/Weapon/weapon_253.prefab,,False,True,200,,"[]",False,"[{""item"":""material_magic_green"",""num"":2},{""item"":""material_magic_red"",""num"":2}]","[]","[]","[{""talentName"":""MasterShotgun"",""bindingScript"":""WModCount"",""keyValueList"":[{""key"":""buffCount"",""type"":""System.Int32"",""value"":""2""}],""customData"":"""",""autoBindScript"":true},{""talentName"":""MasterAccurate"",""bindingScript"":""WModDeviation"",""keyValueList"":[{""key"":""buffDeviation"",""type"":""System.Int32"",""value"":""-7""}],""customData"":"""",""autoBindScript"":true},{""talentName"":""MasterReflection"",""bindingScript"":""WModReflection"",""keyValueList"":[{""key"":""buffReflectCount"",""type"":""System.Int32"",""value"":""1""}],""customData"":"""",""autoBindScript"":false}]"
weapon_254,RGPrefab/Weapon/weapon_254.prefab,,False,True,200,,"[]",False,"[{""item"":""material_magic_orange"",""num"":2},{""item"":""material_wood"",""num"":14},{""item"":""material_magic_red"",""num"":1}]","[]","[]","[{""talentName"":""MasterShotgun"",""bindingScript"":""WModCount"",""keyValueList"":[{""key"":""buffCount"",""type"":""System.Int32"",""value"":""2""}],""customData"":"""",""autoBindScript"":true},{""talentName"":""MasterAccurate"",""bindingScript"":""WModDeviation"",""keyValueList"":[{""key"":""buffDeviation"",""type"":""System.Int32"",""value"":""-7""}],""customData"":"""",""autoBindScript"":true},{""talentName"":""MasterReflection"",""bindingScript"":""WModReflection"",""keyValueList"":[{""key"":""buffReflectCount"",""type"":""System.Int32"",""value"":""1""}],""customData"":"""",""autoBindScript"":false},{""talentName"":""ElementalStaff"",""bindingScript"":""WModAtkStaff"",""keyValueList"":[{""key"":""buffAtk"",""type"":""System.Int32"",""value"":""0""}],""customData"":"""",""autoBindScript"":false},{""talentName"":""MasterStaff"",""bindingScript"":""WModAtkStaff"",""keyValueList"":[{""key"":""buffAtk"",""type"":""System.Int32"",""value"":""0""}],""customData"":"""",""autoBindScript"":false}]"
weapon_255,RGPrefab/Weapon/weapon_255.prefab,,False,True,200,,"[]",False,"[{""item"":""material_magic_blue"",""num"":2},{""item"":""material_magic_orange"",""num"":1},{""item"":""material_magic_black"",""num"":1},{""item"":""material_battery"",""num"":6}]","[]","[]","[{""talentName"":""MasterAccurate"",""bindingScript"":""WModDeviation"",""keyValueList"":[{""key"":""buffDeviation"",""type"":""System.Int32"",""value"":""-10""}],""customData"":"""",""autoBindScript"":true},{""talentName"":""MasterLaser"",""bindingScript"":""WModMasterLaser"",""keyValueList"":[{""key"":""buffAtk"",""type"":""System.Int32"",""value"":""1""},{""key"":""buffScale"",""type"":""System.Single"",""value"":""2""}],""customData"":"""",""autoBindScript"":true},{""talentName"":""MasterReflection"",""bindingScript"":""WModReflection"",""keyValueList"":[{""key"":""buffReflectCount"",""type"":""System.Int32"",""value"":""1""}],""customData"":"""",""autoBindScript"":true}]"
weapon_256,RGPrefab/Weapon/weapon_256.prefab,,False,True,0,,"[]",False,"[{""item"":""material_iron"",""num"":2},{""item"":""material_wood"",""num"":2},{""item"":""material_gear"",""num"":3}]","[]","[]","[{""talentName"":""MasterAccurate"",""bindingScript"":""WModDeviation"",""keyValueList"":[{""key"":""buffDeviation"",""type"":""System.Int32"",""value"":""-10""}],""customData"":"""",""autoBindScript"":true},{""talentName"":""MasterSwordRange"",""bindingScript"":""WModBulletSizeMelee"",""keyValueList"":[{""key"":""buffScale"",""type"":""System.Single"",""value"":""1.2""},{""key"":""levelScale"",""type"":""System.Single"",""value"":""1.1""}],""customData"":"""",""autoBindScript"":true},{""talentName"":""MasterReflection"",""bindingScript"":""WModReflection"",""keyValueList"":[{""key"":""buffReflectCount"",""type"":""System.Int32"",""value"":""1""}],""customData"":"""",""autoBindScript"":false},{""talentName"":""MasterSwordRebound"",""bindingScript"":"""",""keyValueList"":[],""customData"":"""",""autoBindScript"":false}]"
weapon_257,RGPrefab/Weapon/weapon_257.prefab,,False,True,0,,"[]",False,"[{""item"":""material_iron"",""num"":2},{""item"":""material_wood"",""num"":1},{""item"":""material_gear"",""num"":2}]","[]","[]","[{""talentName"":""MasterAccurate"",""bindingScript"":""WModDeviation"",""keyValueList"":[{""key"":""buffDeviation"",""type"":""System.Int32"",""value"":""-10""}],""customData"":"""",""autoBindScript"":true},{""talentName"":""MasterReflection"",""bindingScript"":""WModReflection"",""keyValueList"":[{""key"":""buffReflectCount"",""type"":""System.Int32"",""value"":""1""}],""customData"":"""",""autoBindScript"":false}]"
weapon_258,RGPrefab/Weapon/weapon_258.prefab,,False,True,100,,"[]",False,"[{""item"":""material_iron"",""num"":10},{""item"":""material_gear"",""num"":10},{""item"":""material_magic_black"",""num"":2}]","[]","[]","[{""talentName"":""MasterShotgun"",""bindingScript"":""WModCount"",""keyValueList"":[{""key"":""buffCount"",""type"":""System.Int32"",""value"":""2""}],""customData"":"""",""autoBindScript"":true},{""talentName"":""MasterAccurate"",""bindingScript"":""WModDeviation"",""keyValueList"":[{""key"":""buffDeviation"",""type"":""System.Int32"",""value"":""-7""}],""customData"":"""",""autoBindScript"":true},{""talentName"":""MasterReflection"",""bindingScript"":""WModReflection"",""keyValueList"":[{""key"":""buffReflectCount"",""type"":""System.Int32"",""value"":""1""}],""customData"":"""",""autoBindScript"":false}]"
weapon_259,RGPrefab/Weapon/weapon_259.prefab,,False,True,0,,"[]",False,"[{""item"":""material_iron"",""num"":1},{""item"":""material_gear"",""num"":1},{""item"":""material_battery"",""num"":2}]","[]","[]","[{""talentName"":""MasterAccurate"",""bindingScript"":""WModDeviation"",""keyValueList"":[{""key"":""buffDeviation"",""type"":""System.Int32"",""value"":""-10""}],""customData"":"""",""autoBindScript"":true},{""talentName"":""MasterLaser"",""bindingScript"":""WModMasterLaser"",""keyValueList"":[{""key"":""buffAtk"",""type"":""System.Int32"",""value"":""2""},{""key"":""buffScale"",""type"":""System.Single"",""value"":""1""}],""customData"":"""",""autoBindScript"":true}]"
weapon_260,RGPrefab/Weapon/weapon_260.prefab,,False,True,100,,"[]",False,"[{""item"":""material_iron"",""num"":3},{""item"":""material_gear"",""num"":3},{""item"":""material_wood"",""num"":3}]","[]","[]","[{""talentName"":""MasterShotgun"",""bindingScript"":""WModCount"",""keyValueList"":[{""key"":""buffCount"",""type"":""System.Int32"",""value"":""2""}],""customData"":"""",""autoBindScript"":true},{""talentName"":""MasterAccurate"",""bindingScript"":""WModDeviation"",""keyValueList"":[{""key"":""buffDeviation"",""type"":""System.Int32"",""value"":""-7""}],""customData"":"""",""autoBindScript"":true},{""talentName"":""MasterLaser"",""bindingScript"":""WModMasterLaser"",""keyValueList"":[{""key"":""buffAtk"",""type"":""System.Int32"",""value"":""2""},{""key"":""buffScale"",""type"":""System.Single"",""value"":""1""}],""customData"":"""",""autoBindScript"":true},{""talentName"":""MasterReflection"",""bindingScript"":""WModReflection"",""keyValueList"":[{""key"":""buffReflectCount"",""type"":""System.Int32"",""value"":""1""}],""customData"":"""",""autoBindScript"":false}]"
weapon_261,RGPrefab/Weapon/weapon_261.prefab,,False,True,50,,"[]",False,"[{""item"":""material_iron"",""num"":1},{""item"":""material_gear"",""num"":2},{""item"":""material_battery"",""num"":3}]","[]","[]","[{""talentName"":""MasterAccurate"",""bindingScript"":""WModDeviation"",""keyValueList"":[{""key"":""buffDeviation"",""type"":""System.Int32"",""value"":""-10""}],""customData"":"""",""autoBindScript"":true},{""talentName"":""MasterLaser"",""bindingScript"":""WModMasterLaser"",""keyValueList"":[{""key"":""buffAtk"",""type"":""System.Int32"",""value"":""2""},{""key"":""buffScale"",""type"":""System.Single"",""value"":""1""}],""customData"":"""",""autoBindScript"":true}]"
weapon_264,RGPrefab/Weapon/weapon_264.prefab,,False,True,100,,"[]",False,"[{""item"":""material_iron"",""num"":4},{""item"":""material_gear"",""num"":4},{""item"":""material_fertilize"",""num"":1}]","[]","[]","[{""talentName"":""MasterShotgun"",""bindingScript"":""WModCount"",""keyValueList"":[{""key"":""buffCount"",""type"":""System.Int32"",""value"":""2""}],""customData"":"""",""autoBindScript"":true}]"
weapon_265,RGPrefab/Weapon/weapon_265.prefab,,False,True,50,,"[]",False,"[{""item"":""material_iron"",""num"":4},{""item"":""material_wood"",""num"":2}]","[{""sourceWeapons"":[{""weapon"":""weapon_265""},{""weapon"":""weapon_198""}],""targetWeapon"":{""weapon"":""weapon_364""}}]","[]","[{""talentName"":""MasterAccurate"",""bindingScript"":""WModDeviation"",""keyValueList"":[{""key"":""buffDeviation"",""type"":""System.Int32"",""value"":""-10""}],""customData"":"""",""autoBindScript"":true}]"
weapon_266,RGPrefab/Weapon/weapon_266.prefab,,False,True,0,,"[]",False,"[{""item"":""material_iron"",""num"":3},{""item"":""material_wood"",""num"":1}]","[{""sourceWeapons"":[{""weapon"":""weapon_266""},{""weapon"":""weapon_267""}],""targetWeapon"":{""weapon"":""weapon_268""}}]","[]","[{""talentName"":""MasterSwordRange"",""bindingScript"":""WModBulletSizeMelee"",""keyValueList"":[{""key"":""buffScale"",""type"":""System.Single"",""value"":""1.2""},{""key"":""levelScale"",""type"":""System.Single"",""value"":""1.1""}],""customData"":"""",""autoBindScript"":true},{""talentName"":""MasterSwordRebound"",""bindingScript"":"""",""keyValueList"":[],""customData"":"""",""autoBindScript"":false}]"
weapon_267,RGPrefab/Weapon/weapon_267.prefab,,False,True,0,,"[]",False,"[{""item"":""material_iron"",""num"":4}]","[]","[]","[{""talentName"":""MasterShotgun"",""bindingScript"":""WModCount"",""keyValueList"":[{""key"":""buffCount"",""type"":""System.Int32"",""value"":""2""}],""customData"":"""",""autoBindScript"":true},{""talentName"":""MasterAccurate"",""bindingScript"":""WModDeviation"",""keyValueList"":[{""key"":""buffDeviation"",""type"":""System.Int32"",""value"":""-7""}],""customData"":"""",""autoBindScript"":true},{""talentName"":""MasterHold"",""bindingScript"":""WModHoldSpeed"",""keyValueList"":[{""key"":""buffSpeedFactor"",""type"":""System.Single"",""value"":""2""}],""customData"":"""",""autoBindScript"":true},{""talentName"":""MasterReflection"",""bindingScript"":""WModReflection"",""keyValueList"":[{""key"":""buffReflectCount"",""type"":""System.Int32"",""value"":""1""}],""customData"":"""",""autoBindScript"":false}]"
weapon_268,RGPrefab/Weapon/weapon_268.prefab,,False,True,100,,"[]",False,"[{""item"":""material_iron"",""num"":10},{""item"":""material_wood"",""num"":5},{""item"":""material_magic_black"",""num"":1}]","[]","[]","[{""talentName"":""MasterSwordRange"",""bindingScript"":""WModBulletSizeMelee"",""keyValueList"":[{""key"":""buffScale"",""type"":""System.Single"",""value"":""1.2""},{""key"":""levelScale"",""type"":""System.Single"",""value"":""1.1""}],""customData"":"""",""autoBindScript"":true},{""talentName"":""MasterSwordRebound"",""bindingScript"":"""",""keyValueList"":[],""customData"":"""",""autoBindScript"":false}]"
weapon_270,RGPrefab/Weapon/weapon_270.prefab,,False,True,100,,"[]",False,"[{""item"":""material_iron"",""num"":10},{""item"":""material_wood"",""num"":5},{""item"":""material_magic_red"",""num"":1}]","[]","[]","[{""talentName"":""SkillCd"",""bindingScript"":"""",""keyValueList"":[],""customData"":"""",""autoBindScript"":false},{""talentName"":""MasterWeapon"",""bindingScript"":"""",""keyValueList"":[],""customData"":"""",""autoBindScript"":false}]"
weapon_273,RGPrefab/Weapon/weapon_273.prefab,,False,True,0,,"[]",False,"[{""item"":""material_cell"",""num"":2},{""item"":""material_magic_black"",""num"":1}]","[]","[]","[{""talentName"":""SkillCd"",""bindingScript"":"""",""keyValueList"":[],""customData"":""9"",""autoBindScript"":false}]"
weapon_274,RGPrefab/Weapon/weapon_274.prefab,,False,True,150,,"[]",False,"[{""item"":""material_iron"",""num"":4},{""item"":""material_gear"",""num"":4},{""item"":""material_battery"",""num"":8},{""item"":""material_magic_blue"",""num"":1}]","[]","[]","[{""talentName"":""MasterShotgun"",""bindingScript"":""WModCount"",""keyValueList"":[{""key"":""buffCount"",""type"":""System.Int32"",""value"":""2""}],""customData"":"""",""autoBindScript"":true},{""talentName"":""MasterAccurate"",""bindingScript"":""WModDeviation"",""keyValueList"":[{""key"":""buffDeviation"",""type"":""System.Int32"",""value"":""-7""}],""customData"":"""",""autoBindScript"":true},{""talentName"":""MasterHold"",""bindingScript"":""WModHoldSpeed"",""keyValueList"":[{""key"":""buffSpeedFactor"",""type"":""System.Single"",""value"":""2""}],""customData"":"""",""autoBindScript"":true},{""talentName"":""MasterReflection"",""bindingScript"":""WModReflection"",""keyValueList"":[{""key"":""buffReflectCount"",""type"":""System.Int32"",""value"":""1""}],""customData"":"""",""autoBindScript"":false}]"
weapon_275,RGPrefab/Weapon/weapon_275.prefab,,False,True,100,,"[{""equipment"":""wi10_flame_stone""},{""equipment"":""wi11_poison_stone""},{""equipment"":""wi12_lightning_stone""},{""equipment"":""wi2_gaussiancoil""},{""equipment"":""wi2_gaussiancoil_smg_2""},{""equipment"":""wi6_spiralcoil""},{""equipment"":""wi6_spiralcoil_4""},{""equipment"":""wi7_telescopic""},{""equipment"":""wi7_telescopic2""},{""equipment"":""wi9_energy_stone""},{""equipment"":""wi33_sardine""},{""equipment"":""wi35_water_monkey_ornaments""},{""equipment"":""wi34_tortoise_grandfather""},{""equipment"":""wi28_starfish_sword""}]",True,"[{""item"":""material_iron"",""num"":3},{""item"":""material_gear"",""num"":3}]","[]","[]","[{""talentName"":""MasterAccurate"",""bindingScript"":""WModDeviation"",""keyValueList"":[{""key"":""buffDeviation"",""type"":""System.Int32"",""value"":""-10""}],""customData"":"""",""autoBindScript"":true}]"
weapon_276,RGPrefab/Weapon/weapon_276.prefab,,False,True,200,,"[]",False,"[{""item"":""material_cell"",""num"":7},{""item"":""material_wood"",""num"":7},{""item"":""material_gem"",""num"":7},{""item"":""material_magic_black"",""num"":2}]","[]","[]","[]"
weapon_277,RGPrefab/Weapon/weapon_277.prefab,,False,True,100,,"[]",False,"[{""item"":""material_iron"",""num"":4},{""item"":""material_gear"",""num"":4}]","[]","[]","[{""talentName"":""MasterAccurate"",""bindingScript"":""WModDeviation"",""keyValueList"":[{""key"":""buffDeviation"",""type"":""System.Int32"",""value"":""-5""}],""customData"":"""",""autoBindScript"":true}]"
weapon_278,RGPrefab/Weapon/weapon_278.prefab,,False,True,150,,"[]",False,"[{""item"":""material_battery"",""num"":5},{""item"":""material_gear"",""num"":3},{""item"":""material_iron"",""num"":3}]","[]","[]","[{""talentName"":""MasterShotgun"",""bindingScript"":""WModCount"",""keyValueList"":[{""key"":""buffCount"",""type"":""System.Int32"",""value"":""2""}],""customData"":"""",""autoBindScript"":true},{""talentName"":""MasterAccurate"",""bindingScript"":""WModDeviation"",""keyValueList"":[{""key"":""buffDeviation"",""type"":""System.Int32"",""value"":""-7""}],""customData"":"""",""autoBindScript"":true},{""talentName"":""MasterLaser"",""bindingScript"":""WModMasterLaser"",""keyValueList"":[{""key"":""buffAtk"",""type"":""System.Int32"",""value"":""1""},{""key"":""buffScale"",""type"":""System.Single"",""value"":""1""}],""customData"":""1.5"",""autoBindScript"":true},{""talentName"":""MasterReflection"",""bindingScript"":""WModReflection"",""keyValueList"":[{""key"":""buffReflectCount"",""type"":""System.Int32"",""value"":""1""}],""customData"":"""",""autoBindScript"":true}]"
weapon_279,RGPrefab/Weapon/weapon_279.prefab,,False,True,100,,"[]",False,"[{""item"":""material_cell"",""num"":5}]","[]","[]","[{""talentName"":""MasterAccurate"",""bindingScript"":""WModDeviation"",""keyValueList"":[{""key"":""buffDeviation"",""type"":""System.Int32"",""value"":""-7""}],""customData"":"""",""autoBindScript"":true},{""talentName"":""MasterHold"",""bindingScript"":""WModHoldSpeed"",""keyValueList"":[{""key"":""buffSpeedFactor"",""type"":""System.Single"",""value"":""2""}],""customData"":"""",""autoBindScript"":true}]"
weapon_280,RGPrefab/Weapon/weapon_280.prefab,,False,True,150,,"[{""equipment"":""wi29_binary_jellyfish""}]",False,"[{""item"":""material_cell"",""num"":10}]","[]","[]","[{""talentName"":""MasterAccurate"",""bindingScript"":""WModDeviation"",""keyValueList"":[{""key"":""buffDeviation"",""type"":""System.Int32"",""value"":""-10""}],""customData"":"""",""autoBindScript"":true},{""talentName"":""MasterLaser"",""bindingScript"":""WModMasterLaser"",""keyValueList"":[{""key"":""buffAtk"",""type"":""System.Int32"",""value"":""0""},{""key"":""buffScale"",""type"":""System.Single"",""value"":""2""}],""customData"":"""",""autoBindScript"":true},{""talentName"":""MasterHold"",""bindingScript"":""WModHoldSpeed"",""keyValueList"":[{""key"":""buffSpeedFactor"",""type"":""System.Single"",""value"":""2""}],""customData"":"""",""autoBindScript"":true},{""talentName"":""MasterReflection"",""bindingScript"":""WModReflection"",""keyValueList"":[{""key"":""buffReflectCount"",""type"":""System.Int32"",""value"":""1""}],""customData"":"""",""autoBindScript"":true}]"
weapon_281,RGPrefab/Weapon/weapon_281.prefab,,False,True,50,,"[]",False,"[{""item"":""material_cell"",""num"":4}]","[]","[]","[{""talentName"":""MasterSwordRange"",""bindingScript"":""WModBulletSizeMelee"",""keyValueList"":[{""key"":""buffScale"",""type"":""System.Single"",""value"":""1.2""},{""key"":""levelScale"",""type"":""System.Single"",""value"":""1.1""}],""customData"":"""",""autoBindScript"":true},{""talentName"":""MasterReflection"",""bindingScript"":""WModReflection"",""keyValueList"":[{""key"":""buffReflectCount"",""type"":""System.Int32"",""value"":""1""}],""customData"":"""",""autoBindScript"":false},{""talentName"":""MasterSwordRebound"",""bindingScript"":"""",""keyValueList"":[],""customData"":"""",""autoBindScript"":false}]"
weapon_282,RGPrefab/Weapon/weapon_282.prefab,,False,True,50,,"[]",False,"[{""item"":""material_cell"",""num"":4}]","[]","[]","[{""talentName"":""MasterSwordRange"",""bindingScript"":""WModBulletSizeMelee"",""keyValueList"":[{""key"":""buffScale"",""type"":""System.Single"",""value"":""1.2""},{""key"":""levelScale"",""type"":""System.Single"",""value"":""1.1""}],""customData"":"""",""autoBindScript"":true},{""talentName"":""MasterSwordRebound"",""bindingScript"":"""",""keyValueList"":[],""customData"":"""",""autoBindScript"":false}]"
weapon_283,RGPrefab/Weapon/weapon_283.prefab,,False,True,100,,"[]",False,"[{""item"":""material_cell"",""num"":5}]","[]","[]","[{""talentName"":""MasterShotgun"",""bindingScript"":""WModCount"",""keyValueList"":[{""key"":""buffCount"",""type"":""System.Int32"",""value"":""2""}],""customData"":"""",""autoBindScript"":true},{""talentName"":""MasterSwordRange"",""bindingScript"":""WModBulletSizeMelee"",""keyValueList"":[{""key"":""buffScale"",""type"":""System.Single"",""value"":""1.2""},{""key"":""levelScale"",""type"":""System.Single"",""value"":""1.1""}],""customData"":"""",""autoBindScript"":true},{""talentName"":""MasterReflection"",""bindingScript"":""WModReflection"",""keyValueList"":[{""key"":""buffReflectCount"",""type"":""System.Int32"",""value"":""1""}],""customData"":"""",""autoBindScript"":false},{""talentName"":""MasterSwordRebound"",""bindingScript"":"""",""keyValueList"":[],""customData"":"""",""autoBindScript"":false}]"
weapon_284,RGPrefab/Weapon/weapon_284.prefab,,False,True,50,,"[]",False,"[{""item"":""material_cell"",""num"":4}]","[]","[]","[{""talentName"":""MasterSwordRange"",""bindingScript"":""WModBulletSizeMelee"",""keyValueList"":[{""key"":""buffScale"",""type"":""System.Single"",""value"":""1.2""},{""key"":""levelScale"",""type"":""System.Single"",""value"":""1.1""}],""customData"":"""",""autoBindScript"":true},{""talentName"":""MasterReflection"",""bindingScript"":""WModReflection"",""keyValueList"":[{""key"":""buffReflectCount"",""type"":""System.Int32"",""value"":""1""}],""customData"":"""",""autoBindScript"":false},{""talentName"":""MasterSwordRebound"",""bindingScript"":"""",""keyValueList"":[],""customData"":"""",""autoBindScript"":false}]"
weapon_285,RGPrefab/Weapon/weapon_285.prefab,,False,True,100,,"[{""equipment"":""wi22_upgrade_kit""}]",False,"[{""item"":""material_wood"",""num"":5}]","[]","[]","[{""talentName"":""MasterStaff"",""bindingScript"":""WModAtkStaff"",""keyValueList"":[{""key"":""buffAtk"",""type"":""System.Int32"",""value"":""1""}],""customData"":"""",""autoBindScript"":true},{""talentName"":""ElementalStaff"",""bindingScript"":""WModAtkStaff"",""keyValueList"":[{""key"":""buffAtk"",""type"":""System.Int32"",""value"":""1""}],""customData"":"""",""autoBindScript"":true},{""talentName"":""MasterSwordRebound"",""bindingScript"":"""",""keyValueList"":[],""customData"":"""",""autoBindScript"":false}]"
weapon_286,RGPrefab/Weapon/weapon_286.prefab,,False,True,200,,"[]",False,"[{""item"":""material_wood"",""num"":10}]","[]","[]","[{""talentName"":""MasterStaff"",""bindingScript"":""WModAtkStaff"",""keyValueList"":[{""key"":""buffAtk"",""type"":""System.Int32"",""value"":""1""}],""customData"":"""",""autoBindScript"":true},{""talentName"":""ElementalStaff"",""bindingScript"":""WModAtkStaff"",""keyValueList"":[{""key"":""buffAtk"",""type"":""System.Int32"",""value"":""1""}],""customData"":"""",""autoBindScript"":true},{""talentName"":""MasterSwordRebound"",""bindingScript"":"""",""keyValueList"":[],""customData"":"""",""autoBindScript"":false}]"
weapon_287,RGPrefab/Weapon/weapon_287.prefab,,False,True,100,,"[]",False,"[{""item"":""material_iron"",""num"":2},{""item"":""material_gear"",""num"":2},{""item"":""material_wood"",""num"":2}]","[]","[]","[{""talentName"":""MasterAccurate"",""bindingScript"":""WModDeviation"",""keyValueList"":[{""key"":""buffDeviation"",""type"":""System.Int32"",""value"":""-10""}],""customData"":"""",""autoBindScript"":true},{""talentName"":""MasterContinuous"",""bindingScript"":""WModContinuousCount"",""keyValueList"":[{""key"":""buffContinuousCount"",""type"":""System.Int32"",""value"":""1""}],""customData"":"""",""autoBindScript"":true},{""talentName"":""MasterReflection"",""bindingScript"":""WModReflection"",""keyValueList"":[{""key"":""buffReflectCount"",""type"":""System.Int32"",""value"":""1""}],""customData"":"""",""autoBindScript"":false}]"
weapon_288,RGPrefab/Weapon/weapon_288.prefab,,False,True,50,,"[{""equipment"":""wi22_upgrade_kit""}]",False,"[{""item"":""material_iron"",""num"":3},{""item"":""material_gear"",""num"":3},{""item"":""material_battery"",""num"":2}]","[{""sourceWeapons"":[{""weapon"":""weapon_288""},{""weapon"":""weapon_169""}],""targetWeapon"":{""weapon"":""weapon_216""}}]","[]","[{""talentName"":""MasterAccurate"",""bindingScript"":""WModDeviation"",""keyValueList"":[{""key"":""buffDeviation"",""type"":""System.Int32"",""value"":""-10""}],""customData"":"""",""autoBindScript"":true},{""talentName"":""MasterReflection"",""bindingScript"":""WModReflection"",""keyValueList"":[{""key"":""buffReflectCount"",""type"":""System.Int32"",""value"":""1""}],""customData"":"""",""autoBindScript"":false}]"
weapon_289,RGPrefab/Weapon/weapon_289.prefab,,False,True,100,,"[]",False,"[{""item"":""material_iron"",""num"":4},{""item"":""material_gear"",""num"":4},{""item"":""material_battery"",""num"":2}]","[{""sourceWeapons"":[{""weapon"":""weapon_289""},{""weapon"":""weapon_169""}],""targetWeapon"":{""weapon"":""weapon_216""}}]","[]","[{""talentName"":""MasterAccurate"",""bindingScript"":""WModDeviation"",""keyValueList"":[{""key"":""buffDeviation"",""type"":""System.Int32"",""value"":""-10""}],""customData"":"""",""autoBindScript"":true},{""talentName"":""MasterReflection"",""bindingScript"":""WModReflection"",""keyValueList"":[{""key"":""buffReflectCount"",""type"":""System.Int32"",""value"":""1""}],""customData"":"""",""autoBindScript"":false}]"
weapon_290,RGPrefab/Weapon/weapon_290.prefab,,False,True,100,,"[]",False,"[{""item"":""material_iron"",""num"":10},{""item"":""material_gear"",""num"":10},{""item"":""material_magic_black"",""num"":2}]","[]","[]","[{""talentName"":""MasterShotgun"",""bindingScript"":""WModCount"",""keyValueList"":[{""key"":""buffCount"",""type"":""System.Int32"",""value"":""2""}],""customData"":"""",""autoBindScript"":true},{""talentName"":""MasterAccurate"",""bindingScript"":""WModDeviation"",""keyValueList"":[{""key"":""buffDeviation"",""type"":""System.Int32"",""value"":""-7""}],""customData"":"""",""autoBindScript"":true},{""talentName"":""MasterReflection"",""bindingScript"":""WModReflection"",""keyValueList"":[{""key"":""buffReflectCount"",""type"":""System.Int32"",""value"":""1""}],""customData"":"""",""autoBindScript"":false}]"
weapon_291,RGPrefab/Weapon/weapon_291.prefab,,False,True,200,,"[]",False,"[{""item"":""material_magic_orange"",""num"":2},{""item"":""material_cell"",""num"":3},{""item"":""material_magic_green"",""num"":1},{""item"":""material_iron"",""num"":3}]","[]","[]","[{""talentName"":""MasterHold"",""bindingScript"":""WModHoldSpeed"",""keyValueList"":[{""key"":""buffSpeedFactor"",""type"":""System.Single"",""value"":""2""}],""customData"":"""",""autoBindScript"":true},{""talentName"":""MasterSwordRebound"",""bindingScript"":"""",""keyValueList"":[],""customData"":"""",""autoBindScript"":false}]"
weapon_292,RGPrefab/Weapon/weapon_292.prefab,,False,True,100,,"[]",False,"[{""item"":""material_cell"",""num"":4},{""item"":""material_magic_red"",""num"":3},{""item"":""material_magic_orange"",""num"":3},{""item"":""material_iron"",""num"":4}]","[]","[]","[{""talentName"":""MasterAccurate"",""bindingScript"":""WModDeviation"",""keyValueList"":[{""key"":""buffDeviation"",""type"":""System.Int32"",""value"":""-7""}],""customData"":"""",""autoBindScript"":true},{""talentName"":""MasterHold"",""bindingScript"":""WModHoldSpeed"",""keyValueList"":[{""key"":""buffSpeedFactor"",""type"":""System.Single"",""value"":""2""}],""customData"":"""",""autoBindScript"":true}]"
weapon_293,RGPrefab/Weapon/weapon_293.prefab,,False,True,0,,"[]",False,"[{""item"":""material_cell"",""num"":2},{""item"":""material_battery"",""num"":2},{""item"":""material_wood"",""num"":2},{""item"":""material_magic_purple"",""num"":1}]","[]","[]","[{""talentName"":""MasterAccurate"",""bindingScript"":""WModDeviation"",""keyValueList"":[{""key"":""buffDeviation"",""type"":""System.Int32"",""value"":""-7""}],""customData"":"""",""autoBindScript"":true},{""talentName"":""MasterHold"",""bindingScript"":""WModHoldSpeed"",""keyValueList"":[{""key"":""buffSpeedFactor"",""type"":""System.Single"",""value"":""2""}],""customData"":"""",""autoBindScript"":true},{""talentName"":""MasterReflection"",""bindingScript"":""WModReflection"",""keyValueList"":[{""key"":""buffReflectCount"",""type"":""System.Int32"",""value"":""1""}],""customData"":"""",""autoBindScript"":false}]"
weapon_294,RGPrefab/Weapon/weapon_294.prefab,,False,True,150,,"[]",False,"[{""item"":""material_iron"",""num"":4},{""item"":""material_gear"",""num"":2},{""item"":""material_magic_blue"",""num"":2},{""item"":""material_magic_purple"",""num"":1}]","[]","[]","[{""talentName"":""MasterAccurate"",""bindingScript"":""WModDeviation"",""keyValueList"":[{""key"":""buffDeviation"",""type"":""System.Int32"",""value"":""-10""}],""customData"":"""",""autoBindScript"":true},{""talentName"":""MasterContinuous"",""bindingScript"":""WModContinuousCount"",""keyValueList"":[{""key"":""buffContinuousCount"",""type"":""System.Int32"",""value"":""1""}],""customData"":"""",""autoBindScript"":true},{""talentName"":""MasterReflection"",""bindingScript"":""WModReflection"",""keyValueList"":[{""key"":""buffReflectCount"",""type"":""System.Int32"",""value"":""1""}],""customData"":"""",""autoBindScript"":false}]"
weapon_295,RGPrefab/Weapon/weapon_295.prefab,,False,True,100,,"[]",False,"[{""item"":""material_iron"",""num"":2},{""item"":""material_gear"",""num"":3},{""item"":""material_battery"",""num"":5}]","[]","[]","[{""talentName"":""MasterShotgun"",""bindingScript"":""WModCount"",""keyValueList"":[{""key"":""buffCount"",""type"":""System.Int32"",""value"":""2""}],""customData"":"""",""autoBindScript"":true},{""talentName"":""MasterAccurate"",""bindingScript"":""WModDeviation"",""keyValueList"":[{""key"":""buffDeviation"",""type"":""System.Int32"",""value"":""-7""}],""customData"":"""",""autoBindScript"":true},{""talentName"":""MasterLaser"",""bindingScript"":""WModMasterLaser"",""keyValueList"":[{""key"":""buffAtk"",""type"":""System.Int32"",""value"":""0""},{""key"":""buffScale"",""type"":""System.Single"",""value"":""2""}],""customData"":"""",""autoBindScript"":true},{""talentName"":""MasterReflection"",""bindingScript"":""WModReflection"",""keyValueList"":[{""key"":""buffReflectCount"",""type"":""System.Int32"",""value"":""1""}],""customData"":"""",""autoBindScript"":true}]"
weapon_296,RGPrefab/Weapon/weapon_296.prefab,,False,True,150,,"[]",False,"[{""item"":""material_wood"",""num"":15}]","[]","[]","[{""talentName"":""MasterSwordRange"",""bindingScript"":""WModBulletSizeMelee"",""keyValueList"":[{""key"":""buffScale"",""type"":""System.Single"",""value"":""1.2""},{""key"":""levelScale"",""type"":""System.Single"",""value"":""1.1""}],""customData"":"""",""autoBindScript"":true}]"
weapon_297,RGPrefab/Weapon/weapon_297.prefab,,False,True,100,,"[]",False,"[{""item"":""material_iron"",""num"":2},{""item"":""material_gear"",""num"":2},{""item"":""material_battery"",""num"":5}]","[]","[]","[{""talentName"":""MasterAccurate"",""bindingScript"":""WModDeviation"",""keyValueList"":[{""key"":""buffDeviation"",""type"":""System.Int32"",""value"":""-7""}],""customData"":"""",""autoBindScript"":true},{""talentName"":""MasterHold"",""bindingScript"":""WModHoldSpeed"",""keyValueList"":[{""key"":""buffSpeedFactor"",""type"":""System.Single"",""value"":""2""}],""customData"":"""",""autoBindScript"":true}]"
weapon_298,RGPrefab/Weapon/weapon_298.prefab,,False,True,100,,"[]",False,"[{""item"":""material_iron"",""num"":2},{""item"":""material_gear"",""num"":2},{""item"":""material_battery"",""num"":5}]","[]","[]","[{""talentName"":""MasterAccurate"",""bindingScript"":""WModDeviation"",""keyValueList"":[{""key"":""buffDeviation"",""type"":""System.Int32"",""value"":""-7""}],""customData"":"""",""autoBindScript"":true},{""talentName"":""MasterHold"",""bindingScript"":""WModHoldSpeed"",""keyValueList"":[{""key"":""buffSpeedFactor"",""type"":""System.Single"",""value"":""2""}],""customData"":"""",""autoBindScript"":true}]"
weapon_299,RGPrefab/Weapon/weapon_299.prefab,,False,True,100,,"[]",False,"[{""item"":""material_gear"",""num"":3},{""item"":""material_iron"",""num"":3},{""item"":""material_wood"",""num"":2}]","[]","[]","[{""talentName"":""MasterSwordRange"",""bindingScript"":""WModBulletSizeMelee"",""keyValueList"":[{""key"":""buffScale"",""type"":""System.Single"",""value"":""1.2""},{""key"":""levelScale"",""type"":""System.Single"",""value"":""1.1""}],""customData"":"""",""autoBindScript"":true},{""talentName"":""MasterReflection"",""bindingScript"":""WModReflection"",""keyValueList"":[{""key"":""buffReflectCount"",""type"":""System.Int32"",""value"":""1""}],""customData"":"""",""autoBindScript"":false},{""talentName"":""MasterSwordRebound"",""bindingScript"":"""",""keyValueList"":[],""customData"":"""",""autoBindScript"":false}]"
weapon_300,RGPrefab/Weapon/weapon_300.prefab,,False,True,100,,"[]",False,"[{""item"":""material_cell"",""num"":3},{""item"":""material_gear"",""num"":3},{""item"":""material_iron"",""num"":3},{""item"":""material_magic_red"",""num"":2}]","[{""sourceWeapons"":[{""weapon"":""weapon_300""},{""weapon"":""weapon_237""}],""targetWeapon"":{""weapon"":""weapon_401""}}]","[]","[{""talentName"":""MasterAccurate"",""bindingScript"":""WModDeviation"",""keyValueList"":[{""key"":""buffDeviation"",""type"":""System.Int32"",""value"":""-7""}],""customData"":"""",""autoBindScript"":true},{""talentName"":""MasterContinuous"",""bindingScript"":""WModContinuousCount"",""keyValueList"":[{""key"":""buffContinuousCount"",""type"":""System.Int32"",""value"":""1""}],""customData"":"""",""autoBindScript"":true},{""talentName"":""MasterReflection"",""bindingScript"":""WModReflection"",""keyValueList"":[{""key"":""buffReflectCount"",""type"":""System.Int32"",""value"":""1""}],""customData"":"""",""autoBindScript"":false}]"
weapon_301,RGPrefab/Weapon/weapon_301.prefab,,False,True,200,,"[]",False,"[{""item"":""material_wood"",""num"":10},{""item"":""material_iron"",""num"":5}]","[]","[]","[{""talentName"":""MasterShotgun"",""bindingScript"":""WModCount"",""keyValueList"":[{""key"":""buffCount"",""type"":""System.Int32"",""value"":""2""}],""customData"":"""",""autoBindScript"":true},{""talentName"":""MasterSwordRange"",""bindingScript"":""WModBulletSizeMelee"",""keyValueList"":[{""key"":""buffScale"",""type"":""System.Single"",""value"":""1.2""},{""key"":""levelScale"",""type"":""System.Single"",""value"":""1.1""}],""customData"":"""",""autoBindScript"":true},{""talentName"":""MasterSwordRebound"",""bindingScript"":"""",""keyValueList"":[],""customData"":"""",""autoBindScript"":false}]"
weapon_302,RGPrefab/Weapon/weapon_302.prefab,,False,True,100,,"[]",False,"[{""item"":""material_iron"",""num"":4},{""item"":""material_gear"",""num"":4}]","[]","[]","[{""talentName"":""MasterShotgun"",""bindingScript"":""WModCount"",""keyValueList"":[{""key"":""buffCount"",""type"":""System.Int32"",""value"":""1""}],""customData"":"""",""autoBindScript"":true},{""talentName"":""MasterAccurate"",""bindingScript"":""WModDeviation"",""keyValueList"":[{""key"":""buffDeviation"",""type"":""System.Int32"",""value"":""-10""}],""customData"":"""",""autoBindScript"":true},{""talentName"":""MasterReflection"",""bindingScript"":""WModReflection"",""keyValueList"":[{""key"":""buffReflectCount"",""type"":""System.Int32"",""value"":""1""}],""customData"":"""",""autoBindScript"":false}]"
weapon_303,RGPrefab/Weapon/weapon_303.prefab,,False,True,100,,"[]",False,"[{""item"":""material_iron"",""num"":10}]","[]","[]","[{""talentName"":""MasterShotgun"",""bindingScript"":""WModCount"",""keyValueList"":[{""key"":""buffCount"",""type"":""System.Int32"",""value"":""2""}],""customData"":"""",""autoBindScript"":true},{""talentName"":""MasterAccurate"",""bindingScript"":""WModDeviation"",""keyValueList"":[{""key"":""buffDeviation"",""type"":""System.Int32"",""value"":""-7""}],""customData"":"""",""autoBindScript"":true},{""talentName"":""MasterHold"",""bindingScript"":""WModHoldSpeed"",""keyValueList"":[{""key"":""buffSpeedFactor"",""type"":""System.Single"",""value"":""2""}],""customData"":"""",""autoBindScript"":true},{""talentName"":""MasterReflection"",""bindingScript"":""WModReflection"",""keyValueList"":[{""key"":""buffReflectCount"",""type"":""System.Int32"",""value"":""1""}],""customData"":"""",""autoBindScript"":false}]"
weapon_304,RGPrefab/Weapon/weapon_304.prefab,,False,True,100,,"[]",False,"[{""item"":""material_cell"",""num"":5}]","[]","[]","[{""talentName"":""MasterSwordRange"",""bindingScript"":""WModBulletSizeMelee"",""keyValueList"":[{""key"":""buffScale"",""type"":""System.Single"",""value"":""1.2""},{""key"":""levelScale"",""type"":""System.Single"",""value"":""1.1""}],""customData"":"""",""autoBindScript"":true},{""talentName"":""MasterReflection"",""bindingScript"":""WModReflection"",""keyValueList"":[{""key"":""buffReflectCount"",""type"":""System.Int32"",""value"":""1""}],""customData"":"""",""autoBindScript"":false},{""talentName"":""MasterSwordRebound"",""bindingScript"":"""",""keyValueList"":[],""customData"":"""",""autoBindScript"":false}]"
weapon_305,RGPrefab/Weapon/weapon_305.prefab,,False,True,100,,"[]",False,"[{""item"":""material_wood"",""num"":16}]","[]","[]","[{""talentName"":""MasterAccurate"",""bindingScript"":""WModDeviation"",""keyValueList"":[{""key"":""buffDeviation"",""type"":""System.Int32"",""value"":""-10""}],""customData"":"""",""autoBindScript"":true},{""talentName"":""MasterSwordRange"",""bindingScript"":""WModBulletSizeMelee"",""keyValueList"":[{""key"":""buffScale"",""type"":""System.Single"",""value"":""1.2""},{""key"":""levelScale"",""type"":""System.Single"",""value"":""1.1""}],""customData"":"""",""autoBindScript"":true},{""talentName"":""MasterReflection"",""bindingScript"":""WModReflection"",""keyValueList"":[{""key"":""buffReflectCount"",""type"":""System.Int32"",""value"":""1""}],""customData"":"""",""autoBindScript"":false},{""talentName"":""MasterSwordRebound"",""bindingScript"":"""",""keyValueList"":[],""customData"":"""",""autoBindScript"":false}]"
weapon_306,RGPrefab/Weapon/weapon_306.prefab,,False,True,200,,"[]",False,"[{""item"":""material_iron"",""num"":3},{""item"":""material_magic_orange"",""num"":3}]","[]","[]","[{""talentName"":""MasterSwordRange"",""bindingScript"":""WModBulletSizeMelee"",""keyValueList"":[{""key"":""buffScale"",""type"":""System.Single"",""value"":""1.2""},{""key"":""levelScale"",""type"":""System.Single"",""value"":""1.1""}],""customData"":"""",""autoBindScript"":true}]"
weapon_307,RGPrefab/Weapon/weapon_307.prefab,,False,True,200,,"[]",False,"[{""item"":""material_iron"",""num"":10},{""item"":""material_wood"",""num"":4},{""item"":""material_magic_red"",""num"":2},{""item"":""material_magic_green"",""num"":1}]","[]","[]","[{""talentName"":""MasterShotgun"",""bindingScript"":""WModCount"",""keyValueList"":[{""key"":""buffCount"",""type"":""System.Int32"",""value"":""0""}],""customData"":"""",""autoBindScript"":false},{""talentName"":""MasterSwordRange"",""bindingScript"":""WModBulletSizeMelee"",""keyValueList"":[{""key"":""buffScale"",""type"":""System.Single"",""value"":""1.2""},{""key"":""levelScale"",""type"":""System.Single"",""value"":""1.1""}],""customData"":"""",""autoBindScript"":true},{""talentName"":""MasterSwordRebound"",""bindingScript"":"""",""keyValueList"":[],""customData"":"""",""autoBindScript"":false}]"
weapon_308,RGPrefab/Weapon/weapon_308.prefab,,False,True,100,,"[]",False,"[{""item"":""material_wood"",""num"":6}]","[]","[]","[{""talentName"":""MasterShotgun"",""bindingScript"":""WModCount"",""keyValueList"":[{""key"":""buffCount"",""type"":""System.Int32"",""value"":""2""}],""customData"":"""",""autoBindScript"":true},{""talentName"":""MasterAccurate"",""bindingScript"":""WModDeviation"",""keyValueList"":[{""key"":""buffDeviation"",""type"":""System.Int32"",""value"":""-7""}],""customData"":"""",""autoBindScript"":true},{""talentName"":""MasterStaff"",""bindingScript"":""WModAtkStaff"",""keyValueList"":[{""key"":""buffAtk"",""type"":""System.Int32"",""value"":""1""}],""customData"":"""",""autoBindScript"":true},{""talentName"":""ElementalStaff"",""bindingScript"":""WModAtkStaff"",""keyValueList"":[{""key"":""buffAtk"",""type"":""System.Int32"",""value"":""1""}],""customData"":"""",""autoBindScript"":true},{""talentName"":""MasterReflection"",""bindingScript"":""WModReflection"",""keyValueList"":[{""key"":""buffReflectCount"",""type"":""System.Int32"",""value"":""1""}],""customData"":"""",""autoBindScript"":false}]"
weapon_309,RGPrefab/Weapon/weapon_309.prefab,,False,True,150,,"[]",False,"[{""item"":""material_iron"",""num"":10}]","[]","[]","[{""talentName"":""MasterShotgun"",""bindingScript"":""WModCount"",""keyValueList"":[{""key"":""buffCount"",""type"":""System.Int32"",""value"":""2""}],""customData"":"""",""autoBindScript"":true},{""talentName"":""MasterAccurate"",""bindingScript"":""WModDeviation"",""keyValueList"":[{""key"":""buffDeviation"",""type"":""System.Int32"",""value"":""-7""}],""customData"":"""",""autoBindScript"":true},{""talentName"":""MasterReflection"",""bindingScript"":""WModReflection"",""keyValueList"":[{""key"":""buffReflectCount"",""type"":""System.Int32"",""value"":""1""}],""customData"":"""",""autoBindScript"":false},{""talentName"":""MasterContinuous"",""bindingScript"":""WModContinuousCount"",""keyValueList"":[{""key"":""buffContinuousCount"",""type"":""System.Int32"",""value"":""1""}],""customData"":"""",""autoBindScript"":false},{""talentName"":""MasterHold"",""bindingScript"":""WModHoldSpeed"",""keyValueList"":[{""key"":""buffSpeedFactor"",""type"":""System.Single"",""value"":""2""}],""customData"":"""",""autoBindScript"":true}]"
weapon_310,RGPrefab/Weapon/weapon_310.prefab,,False,True,100,,"[]",False,"[{""item"":""material_iron"",""num"":5},{""item"":""material_wood"",""num"":2}]","[]","[]","[{""talentName"":""MasterContinuous"",""bindingScript"":""WModContinuousCount"",""keyValueList"":[{""key"":""buffContinuousCount"",""type"":""System.Int32"",""value"":""2""}],""customData"":"""",""autoBindScript"":true},{""talentName"":""MasterSwordRange"",""bindingScript"":""WModBulletSizeMelee"",""keyValueList"":[{""key"":""buffScale"",""type"":""System.Single"",""value"":""1.2""},{""key"":""levelScale"",""type"":""System.Single"",""value"":""1.1""}],""customData"":"""",""autoBindScript"":true},{""talentName"":""MasterSwordRebound"",""bindingScript"":"""",""keyValueList"":[],""customData"":"""",""autoBindScript"":false}]"
weapon_311,RGPrefab/Weapon/weapon_311.prefab,,False,True,150,,"[]",False,"[{""item"":""material_iron"",""num"":5},{""item"":""material_battery"",""num"":4},{""item"":""material_magic_cyan"",""num"":2}]","[]","[]","[{""talentName"":""MasterAccurate"",""bindingScript"":""WModDeviation"",""keyValueList"":[{""key"":""buffDeviation"",""type"":""System.Int32"",""value"":""-10""}],""customData"":"""",""autoBindScript"":true},{""talentName"":""MasterSwordRange"",""bindingScript"":""WModBulletSizeMelee"",""keyValueList"":[{""key"":""buffScale"",""type"":""System.Single"",""value"":""1.2""},{""key"":""levelScale"",""type"":""System.Single"",""value"":""1.1""}],""customData"":"""",""autoBindScript"":true},{""talentName"":""MasterReflection"",""bindingScript"":""WModReflection"",""keyValueList"":[{""key"":""buffReflectCount"",""type"":""System.Int32"",""value"":""1""}],""customData"":"""",""autoBindScript"":false},{""talentName"":""MasterSwordRebound"",""bindingScript"":"""",""keyValueList"":[],""customData"":"""",""autoBindScript"":false}]"
weapon_312,RGPrefab/Weapon/weapon_312.prefab,,False,True,100,,"[]",False,"[{""item"":""material_iron"",""num"":12}]","[]","[]","[{""talentName"":""MasterShotgun"",""bindingScript"":""WModCount"",""keyValueList"":[{""key"":""buffCount"",""type"":""System.Int32"",""value"":""6""}],""customData"":"""",""autoBindScript"":true},{""talentName"":""MasterAccurate"",""bindingScript"":""WModDeviation"",""keyValueList"":[{""key"":""buffDeviation"",""type"":""System.Int32"",""value"":""-7""}],""customData"":"""",""autoBindScript"":true},{""talentName"":""MasterHold"",""bindingScript"":""WModHoldSpeed"",""keyValueList"":[{""key"":""buffSpeedFactor"",""type"":""System.Single"",""value"":""2""}],""customData"":"""",""autoBindScript"":true},{""talentName"":""MasterReflection"",""bindingScript"":""WModReflection"",""keyValueList"":[{""key"":""buffReflectCount"",""type"":""System.Int32"",""value"":""1""}],""customData"":"""",""autoBindScript"":false}]"
weapon_313,RGPrefab/Weapon/weapon_313.prefab,,False,True,100,,"[]",False,"[{""item"":""material_wood"",""num"":4}]","[]","[]","[{""talentName"":""MasterShotgun"",""bindingScript"":""WModCount"",""keyValueList"":[{""key"":""buffCount"",""type"":""System.Int32"",""value"":""2""}],""customData"":"""",""autoBindScript"":true},{""talentName"":""MasterStaff"",""bindingScript"":""WModAtkStaff"",""keyValueList"":[{""key"":""buffAtk"",""type"":""System.Int32"",""value"":""1""}],""customData"":"""",""autoBindScript"":true},{""talentName"":""ElementalStaff"",""bindingScript"":""WModAtkStaff"",""keyValueList"":[{""key"":""buffAtk"",""type"":""System.Int32"",""value"":""1""}],""customData"":"""",""autoBindScript"":true}]"
weapon_314,RGPrefab/Weapon/weapon_314.prefab,,False,True,100,,"[]",False,"[{""item"":""material_iron"",""num"":5},{""item"":""material_gear"",""num"":5}]","[]","[]","[{""talentName"":""MasterShotgun"",""bindingScript"":""WModCount"",""keyValueList"":[{""key"":""buffCount"",""type"":""System.Int32"",""value"":""2""}],""customData"":"""",""autoBindScript"":true},{""talentName"":""MasterAccurate"",""bindingScript"":""WModDeviation"",""keyValueList"":[{""key"":""buffDeviation"",""type"":""System.Int32"",""value"":""-7""}],""customData"":"""",""autoBindScript"":true},{""talentName"":""MasterReflection"",""bindingScript"":""WModReflection"",""keyValueList"":[{""key"":""buffReflectCount"",""type"":""System.Int32"",""value"":""1""}],""customData"":"""",""autoBindScript"":false}]"
weapon_315,RGPrefab/Weapon/weapon_315.prefab,,False,True,100,,"[]",False,"[{""item"":""material_iron"",""num"":5},{""item"":""material_gear"",""num"":5},{""item"":""material_wood"",""num"":5}]","[]","[]","[{""talentName"":""MasterSwordRange"",""bindingScript"":""WModBulletSizeMelee"",""keyValueList"":[{""key"":""buffScale"",""type"":""System.Single"",""value"":""1.2""},{""key"":""levelScale"",""type"":""System.Single"",""value"":""1.1""}],""customData"":"""",""autoBindScript"":true}]"
weapon_316,RGPrefab/Weapon/weapon_316.prefab,,False,True,100,,"[]",False,"[{""item"":""material_wood"",""num"":5},{""item"":""material_iron"",""num"":2}]","[]","[]","[{""talentName"":""MasterAccurate"",""bindingScript"":""WModDeviation"",""keyValueList"":[{""key"":""buffDeviation"",""type"":""System.Int32"",""value"":""-10""}],""customData"":"""",""autoBindScript"":true},{""talentName"":""MasterHold"",""bindingScript"":""WModHoldSpeed"",""keyValueList"":[{""key"":""buffSpeedFactor"",""type"":""System.Single"",""value"":""2""}],""customData"":"""",""autoBindScript"":true},{""talentName"":""MasterReflection"",""bindingScript"":""WModReflection"",""keyValueList"":[{""key"":""buffReflectCount"",""type"":""System.Int32"",""value"":""1""}],""customData"":"""",""autoBindScript"":false}]"
weapon_317,RGPrefab/Weapon/weapon_317.prefab,,False,True,200,,"[]",False,"[{""item"":""material_iron"",""num"":14}]","[]","[]","[{""talentName"":""MasterShotgun"",""bindingScript"":""WModCount"",""keyValueList"":[{""key"":""buffCount"",""type"":""System.Int32"",""value"":""2""}],""customData"":"""",""autoBindScript"":true},{""talentName"":""MasterAccurate"",""bindingScript"":""WModDeviation"",""keyValueList"":[{""key"":""buffDeviation"",""type"":""System.Int32"",""value"":""-7""}],""customData"":"""",""autoBindScript"":true},{""talentName"":""MasterHold"",""bindingScript"":""WModHoldSpeed"",""keyValueList"":[{""key"":""buffSpeedFactor"",""type"":""System.Single"",""value"":""2""}],""customData"":"""",""autoBindScript"":true},{""talentName"":""MasterSwordRange"",""bindingScript"":""WModBulletSizeMelee"",""keyValueList"":[{""key"":""buffScale"",""type"":""System.Single"",""value"":""1.2""},{""key"":""levelScale"",""type"":""System.Single"",""value"":""1.1""}],""customData"":"""",""autoBindScript"":true},{""talentName"":""MasterReflection"",""bindingScript"":""WModReflection"",""keyValueList"":[{""key"":""buffReflectCount"",""type"":""System.Int32"",""value"":""1""}],""customData"":"""",""autoBindScript"":false},{""talentName"":""MasterSwordRebound"",""bindingScript"":"""",""keyValueList"":[],""customData"":"""",""autoBindScript"":false}]"
weapon_318,RGPrefab/Weapon/weapon_318.prefab,,False,True,100,,"[]",False,"[{""item"":""material_iron"",""num"":4},{""item"":""material_gear"",""num"":4}]","[]","[]","[{""talentName"":""MasterAccurate"",""bindingScript"":""WModDeviation"",""keyValueList"":[{""key"":""buffDeviation"",""type"":""System.Int32"",""value"":""-10""}],""customData"":"""",""autoBindScript"":true},{""talentName"":""MasterReflection"",""bindingScript"":""WModReflection"",""keyValueList"":[{""key"":""buffReflectCount"",""type"":""System.Int32"",""value"":""1""}],""customData"":"""",""autoBindScript"":false}]"
weapon_319,RGPrefab/Weapon/weapon_319.prefab,,False,True,100,,"[{""equipment"":""wi10_flame_stone""},{""equipment"":""wi11_poison_stone""},{""equipment"":""wi12_lightning_stone""},{""equipment"":""wi2_gaussiancoil""},{""equipment"":""wi2_gaussiancoil_smg_2""},{""equipment"":""wi6_spiralcoil""},{""equipment"":""wi6_spiralcoil_4""},{""equipment"":""wi7_telescopic""},{""equipment"":""wi7_telescopic2""},{""equipment"":""wi9_energy_stone""}]",True,"[{""item"":""material_iron"",""num"":4},{""item"":""material_gear"",""num"":3},{""item"":""material_magic_red"",""num"":1}]","[]","[]","[{""talentName"":""MasterShotgun"",""bindingScript"":""WModCount"",""keyValueList"":[{""key"":""buffCount"",""type"":""System.Int32"",""value"":""2""}],""customData"":"""",""autoBindScript"":true},{""talentName"":""MasterAccurate"",""bindingScript"":""WModDeviation"",""keyValueList"":[{""key"":""buffDeviation"",""type"":""System.Int32"",""value"":""-7""}],""customData"":"""",""autoBindScript"":true},{""talentName"":""MasterLaser"",""bindingScript"":""WModMasterLaser"",""keyValueList"":[{""key"":""buffAtk"",""type"":""System.Int32"",""value"":""1""},{""key"":""buffScale"",""type"":""System.Single"",""value"":""1""}],""customData"":"""",""autoBindScript"":true}]"
weapon_320,RGPrefab/Weapon/weapon_320.prefab,,False,True,200,,"[]",False,"[{""item"":""material_cell"",""num"":7},{""item"":""material_magic_blue"",""num"":1},{""item"":""material_magic_green"",""num"":2},{""item"":""material_battery"",""num"":2}]","[]","[]","[{""talentName"":""MasterShotgun"",""bindingScript"":""WModCount"",""keyValueList"":[{""key"":""buffCount"",""type"":""System.Int32"",""value"":""4""}],""customData"":"""",""autoBindScript"":true},{""talentName"":""MasterAccurate"",""bindingScript"":""WModDeviation"",""keyValueList"":[{""key"":""buffDeviation"",""type"":""System.Int32"",""value"":""0""}],""customData"":""0.7"",""autoBindScript"":false}]"
weapon_321,RGPrefab/Weapon/weapon_321.prefab,,False,True,100,,"[]",False,"[{""item"":""material_gear"",""num"":2},{""item"":""material_battery"",""num"":2},{""item"":""material_magic_orange"",""num"":1}]","[]","[]","[{""talentName"":""MasterSwordRange"",""bindingScript"":""WModBulletSizeMelee"",""keyValueList"":[{""key"":""buffScale"",""type"":""System.Single"",""value"":""1.2""},{""key"":""levelScale"",""type"":""System.Single"",""value"":""1.1""}],""customData"":"""",""autoBindScript"":true},{""talentName"":""MasterSwordRebound"",""bindingScript"":"""",""keyValueList"":[],""customData"":"""",""autoBindScript"":false}]"
weapon_322,RGPrefab/Weapon/weapon_322.prefab,,False,True,0,,"[]",False,"[{""item"":""material_wood"",""num"":2},{""item"":""material_cell"",""num"":1}]","[]","[]","[{""talentName"":""MasterAccurate"",""bindingScript"":""WModDeviation"",""keyValueList"":[{""key"":""buffDeviation"",""type"":""System.Int32"",""value"":""-10""}],""customData"":"""",""autoBindScript"":true},{""talentName"":""MasterHold"",""bindingScript"":""WModHoldSpeed"",""keyValueList"":[{""key"":""buffSpeedFactor"",""type"":""System.Single"",""value"":""2""}],""customData"":"""",""autoBindScript"":true},{""talentName"":""MasterReflection"",""bindingScript"":""WModReflection"",""keyValueList"":[{""key"":""buffReflectCount"",""type"":""System.Int32"",""value"":""1""}],""customData"":"""",""autoBindScript"":false}]"
weapon_323,RGPrefab/Weapon/weapon_323.prefab,,False,True,150,,"[]",False,"[{""item"":""material_cell"",""num"":16},{""item"":""material_magic_black"",""num"":1}]","[]","[]","[{""talentName"":""MasterSwordRange"",""bindingScript"":""WModBulletSizeMelee"",""keyValueList"":[{""key"":""buffScale"",""type"":""System.Single"",""value"":""1.2""},{""key"":""levelScale"",""type"":""System.Single"",""value"":""1.1""}],""customData"":"""",""autoBindScript"":true},{""talentName"":""MasterSwordRebound"",""bindingScript"":"""",""keyValueList"":[],""customData"":"""",""autoBindScript"":false}]"
weapon_324,RGPrefab/Weapon/weapon_324.prefab,,False,True,100,,"[]",False,"[{""item"":""material_wood"",""num"":4},{""item"":""material_gear"",""num"":4},{""item"":""material_magic_green"",""num"":1}]","[]","[]","[{""talentName"":""MasterAccurate"",""bindingScript"":""WModDeviation"",""keyValueList"":[{""key"":""buffDeviation"",""type"":""System.Int32"",""value"":""-10""}],""customData"":"""",""autoBindScript"":true}]"
weapon_325,RGPrefab/Weapon/weapon_325.prefab,,False,True,100,,"[{""equipment"":""wi10_flame_stone""},{""equipment"":""wi4_helt""},{""equipment"":""wi4_helt_2""},{""equipment"":""wi4_helt_3""},{""equipment"":""wi9_energy_stone""}]",True,"[{""item"":""material_magic_purple"",""num"":2}]","[]","[]","[{""talentName"":""MasterLaser"",""bindingScript"":""WModMasterLaser"",""keyValueList"":[{""key"":""buffAtk"",""type"":""System.Int32"",""value"":""2""},{""key"":""buffScale"",""type"":""System.Single"",""value"":""3""}],""customData"":"""",""autoBindScript"":true},{""talentName"":""MasterHold"",""bindingScript"":""WModHoldSpeed"",""keyValueList"":[{""key"":""buffSpeedFactor"",""type"":""System.Single"",""value"":""2""}],""customData"":"""",""autoBindScript"":true},{""talentName"":""MasterSwordRange"",""bindingScript"":""WModBulletSizeMelee"",""keyValueList"":[{""key"":""buffScale"",""type"":""System.Single"",""value"":""1.2""},{""key"":""levelScale"",""type"":""System.Single"",""value"":""1.1""}],""customData"":"""",""autoBindScript"":true},{""talentName"":""MasterSwordRebound"",""bindingScript"":"""",""keyValueList"":[],""customData"":"""",""autoBindScript"":false}]"
weapon_326,RGPrefab/Weapon/weapon_326.prefab,,False,True,100,,"[]",False,"[{""item"":""material_iron"",""num"":9},{""item"":""material_gear"",""num"":9},{""item"":""material_magic_blue"",""num"":1}]","[{""sourceWeapons"":[{""weapon"":""weapon_326""},{""weapon"":""weapon_043""}],""targetWeapon"":{""weapon"":""weapon_379""}}]","[]","[{""talentName"":""MasterAccurate"",""bindingScript"":""WModDeviation"",""keyValueList"":[{""key"":""buffDeviation"",""type"":""System.Int32"",""value"":""-10""}],""customData"":"""",""autoBindScript"":true},{""talentName"":""MasterShotgun"",""bindingScript"":""WModCount"",""keyValueList"":[{""key"":""buffCount"",""type"":""System.Int32"",""value"":""2""}],""customData"":"""",""autoBindScript"":true}]"
weapon_327,RGPrefab/Weapon/weapon_327.prefab,,False,True,50,,"[]",False,"[{""item"":""material_wood"",""num"":2},{""item"":""material_iron"",""num"":2}]","[]","[]","[{""talentName"":""MasterShotgun"",""bindingScript"":""WModCount"",""keyValueList"":[{""key"":""buffCount"",""type"":""System.Int32"",""value"":""1""}],""customData"":"""",""autoBindScript"":true},{""talentName"":""MasterAccurate"",""bindingScript"":""WModDeviation"",""keyValueList"":[{""key"":""buffDeviation"",""type"":""System.Int32"",""value"":""-10""}],""customData"":"""",""autoBindScript"":true},{""talentName"":""MasterContinuous"",""bindingScript"":""WModContinuousCount"",""keyValueList"":[{""key"":""buffContinuousCount"",""type"":""System.Int32"",""value"":""1""}],""customData"":"""",""autoBindScript"":true},{""talentName"":""MasterReflection"",""bindingScript"":""WModReflection"",""keyValueList"":[{""key"":""buffReflectCount"",""type"":""System.Int32"",""value"":""1""}],""customData"":"""",""autoBindScript"":false}]"
weapon_328,RGPrefab/Weapon/weapon_328.prefab,,False,True,100,,"[]",False,"[{""item"":""material_battery"",""num"":2},{""item"":""material_gear"",""num"":2},{""item"":""material_iron"",""num"":2}]","[]","[]","[{""talentName"":""MasterAccurate"",""bindingScript"":""WModDeviation"",""keyValueList"":[{""key"":""buffDeviation"",""type"":""System.Int32"",""value"":""-10""}],""customData"":"""",""autoBindScript"":true},{""talentName"":""MasterReflection"",""bindingScript"":""WModReflection"",""keyValueList"":[{""key"":""buffReflectCount"",""type"":""System.Int32"",""value"":""1""}],""customData"":"""",""autoBindScript"":false}]"
weapon_329,RGPrefab/Weapon/weapon_329.prefab,,False,True,100,,"[{""equipment"":""wi33_sardine""}]",False,"[{""item"":""material_iron"",""num"":7}]","[]","[]","[{""talentName"":""MasterShotgun"",""bindingScript"":""WModCount"",""keyValueList"":[{""key"":""buffCount"",""type"":""System.Int32"",""value"":""2""}],""customData"":"""",""autoBindScript"":true},{""talentName"":""MasterAccurate"",""bindingScript"":""WModDeviation"",""keyValueList"":[{""key"":""buffDeviation"",""type"":""System.Int32"",""value"":""-7""}],""customData"":"""",""autoBindScript"":true},{""talentName"":""MasterHold"",""bindingScript"":""WModHoldSpeed"",""keyValueList"":[{""key"":""buffSpeedFactor"",""type"":""System.Single"",""value"":""2""}],""customData"":"""",""autoBindScript"":true}]"
weapon_330,RGPrefab/Weapon/weapon_330.prefab,,False,True,100,,"[]",False,"[{""item"":""material_battery"",""num"":4},{""item"":""material_gear"",""num"":2},{""item"":""material_iron"",""num"":2}]","[]","[]","[{""talentName"":""MasterShotgun"",""bindingScript"":""WModCount"",""keyValueList"":[{""key"":""buffCount"",""type"":""System.Int32"",""value"":""2""}],""customData"":"""",""autoBindScript"":true},{""talentName"":""MasterLaser"",""bindingScript"":""WModMasterLaser"",""keyValueList"":[{""key"":""buffAtk"",""type"":""System.Int32"",""value"":""2""},{""key"":""buffScale"",""type"":""System.Single"",""value"":""2""}],""customData"":"""",""autoBindScript"":true},{""talentName"":""MasterHold"",""bindingScript"":""WModHoldSpeed"",""keyValueList"":[{""key"":""buffSpeedFactor"",""type"":""System.Single"",""value"":""2""}],""customData"":"""",""autoBindScript"":true},{""talentName"":""MasterReflection"",""bindingScript"":""WModReflection"",""keyValueList"":[{""key"":""buffReflectCount"",""type"":""System.Int32"",""value"":""1""}],""customData"":"""",""autoBindScript"":true}]"
weapon_331,RGPrefab/Weapon/weapon_331.prefab,,False,True,200,,"[]",False,"[{""item"":""material_cell"",""num"":18},{""item"":""material_magic_green"",""num"":2}]","[]","[]","[{""talentName"":""MasterReflection"",""bindingScript"":""WModReflection"",""keyValueList"":[{""key"":""buffReflectCount"",""type"":""System.Int32"",""value"":""1""}],""customData"":"""",""autoBindScript"":false}]"
weapon_332,RGPrefab/Weapon/weapon_332.prefab,,False,True,0,,"[]",False,"[{""item"":""material_wood"",""num"":4}]","[]","[]","[{""talentName"":""MasterReflection"",""bindingScript"":""WModReflection"",""keyValueList"":[{""key"":""buffReflectCount"",""type"":""System.Int32"",""value"":""1""}],""customData"":"""",""autoBindScript"":false}]"
weapon_333,RGPrefab/Weapon/weapon_333.prefab,,False,True,0,,"[{""equipment"":""wi10_flame_stone""},{""equipment"":""wi15_auto""}]",False,"[{""item"":""material_iron"",""num"":1},{""item"":""material_gear"",""num"":2},{""item"":""material_wood"",""num"":1}]","[]","[]","[{""talentName"":""MasterAccurate"",""bindingScript"":""WModDeviation"",""keyValueList"":[{""key"":""buffDeviation"",""type"":""System.Int32"",""value"":""-10""}],""customData"":"""",""autoBindScript"":true},{""talentName"":""MasterReflection"",""bindingScript"":""WModReflection"",""keyValueList"":[{""key"":""buffReflectCount"",""type"":""System.Int32"",""value"":""1""}],""customData"":"""",""autoBindScript"":false}]"
weapon_334,RGPrefab/Weapon/weapon_334.prefab,,False,True,200,,"[]",False,"[{""item"":""material_cell"",""num"":5},{""item"":""material_wood"",""num"":5},{""item"":""material_magic_purple"",""num"":2},{""item"":""material_battery"",""num"":2}]","[]","[]","[{""talentName"":""MasterSwordRange"",""bindingScript"":""WModBulletSizeMelee"",""keyValueList"":[{""key"":""buffScale"",""type"":""System.Single"",""value"":""1.2""},{""key"":""levelScale"",""type"":""System.Single"",""value"":""1.1""}],""customData"":"""",""autoBindScript"":true}]"
weapon_335,RGPrefab/Weapon/weapon_335.prefab,,False,True,200,,"[]",False,"[{""item"":""material_iron"",""num"":10},{""item"":""material_wood"",""num"":8},{""item"":""material_magic_red"",""num"":1},{""item"":""material_magic_blue"",""num"":1}]","[]","[]","[{""talentName"":""MasterContinuous"",""bindingScript"":""WModContinuousCount"",""keyValueList"":[{""key"":""buffContinuousCount"",""type"":""System.Int32"",""value"":""1""}],""customData"":"""",""autoBindScript"":true},{""talentName"":""MasterHold"",""bindingScript"":""WModHoldSpeed"",""keyValueList"":[{""key"":""buffSpeedFactor"",""type"":""System.Single"",""value"":""2""}],""customData"":"""",""autoBindScript"":true},{""talentName"":""MasterSwordRange"",""bindingScript"":""WModBulletSizeMelee"",""keyValueList"":[{""key"":""buffScale"",""type"":""System.Single"",""value"":""1.2""},{""key"":""levelScale"",""type"":""System.Single"",""value"":""1.1""}],""customData"":"""",""autoBindScript"":true},{""talentName"":""MasterSwordRebound"",""bindingScript"":"""",""keyValueList"":[],""customData"":"""",""autoBindScript"":false}]"
weapon_336,RGPrefab/Weapon/weapon_336.prefab,,False,True,100,,"[]",False,"[{""item"":""material_wood"",""num"":8},{""item"":""material_iron"",""num"":5},{""item"":""material_magic_green"",""num"":1}]","[]","[]","[{""talentName"":""MasterAccurate"",""bindingScript"":""WModDeviation"",""keyValueList"":[{""key"":""buffDeviation"",""type"":""System.Int32"",""value"":""-10""}],""customData"":"""",""autoBindScript"":true},{""talentName"":""MasterHold"",""bindingScript"":""WModHoldSpeed"",""keyValueList"":[{""key"":""buffSpeedFactor"",""type"":""System.Single"",""value"":""2""}],""customData"":"""",""autoBindScript"":true},{""talentName"":""MasterReflection"",""bindingScript"":""WModReflection"",""keyValueList"":[{""key"":""buffReflectCount"",""type"":""System.Int32"",""value"":""1""}],""customData"":"""",""autoBindScript"":false}]"
weapon_337,RGPrefab/Weapon/weapon_337.prefab,,False,True,100,,"[]",False,"[{""item"":""material_iron"",""num"":6},{""item"":""material_gear"",""num"":6}]","[]","[]","[{""talentName"":""MasterAccurate"",""bindingScript"":""WModDeviation"",""keyValueList"":[{""key"":""buffDeviation"",""type"":""System.Int32"",""value"":""-10""}],""customData"":"""",""autoBindScript"":true},{""talentName"":""MasterReflection"",""bindingScript"":""WModReflection"",""keyValueList"":[{""key"":""buffReflectCount"",""type"":""System.Int32"",""value"":""1""}],""customData"":"""",""autoBindScript"":false}]"
weapon_338,RGPrefab/Weapon/weapon_338.prefab,,False,True,100,,"[]",False,"[{""item"":""material_iron"",""num"":5},{""item"":""material_wood"",""num"":4},{""item"":""material_magic_blue"",""num"":1}]","[{""sourceWeapons"":[{""weapon"":""weapon_338""},{""weapon"":""weapon_070""}],""targetWeapon"":{""weapon"":""weapon_400""}}]","[]","[{""talentName"":""MasterShotgun"",""bindingScript"":""WModCount"",""keyValueList"":[{""key"":""buffCount"",""type"":""System.Int32"",""value"":""2""}],""customData"":"""",""autoBindScript"":true},{""talentName"":""MasterContinuous"",""bindingScript"":""WModContinuousCount"",""keyValueList"":[{""key"":""buffContinuousCount"",""type"":""System.Int32"",""value"":""1""}],""customData"":"""",""autoBindScript"":true},{""talentName"":""MasterHold"",""bindingScript"":""WModHoldSpeed"",""keyValueList"":[{""key"":""buffSpeedFactor"",""type"":""System.Single"",""value"":""2""}],""customData"":"""",""autoBindScript"":true},{""talentName"":""MasterSwordRange"",""bindingScript"":""WModBulletSizeMelee"",""keyValueList"":[{""key"":""buffScale"",""type"":""System.Single"",""value"":""1.2""},{""key"":""levelScale"",""type"":""System.Single"",""value"":""1.1""}],""customData"":"""",""autoBindScript"":true},{""talentName"":""MasterReflection"",""bindingScript"":""WModReflection"",""keyValueList"":[{""key"":""buffReflectCount"",""type"":""System.Int32"",""value"":""1""}],""customData"":"""",""autoBindScript"":false},{""talentName"":""MasterSwordRebound"",""bindingScript"":"""",""keyValueList"":[],""customData"":"""",""autoBindScript"":false}]"
weapon_339,RGPrefab/Weapon/weapon_339.prefab,,False,True,100,,"[]",False,"[{""item"":""material_iron"",""num"":7}]","[]","[]","[{""talentName"":""MasterShotgun"",""bindingScript"":""WModCount"",""keyValueList"":[{""key"":""buffCount"",""type"":""System.Int32"",""value"":""2""}],""customData"":"""",""autoBindScript"":true},{""talentName"":""MasterAccurate"",""bindingScript"":""WModDeviation"",""keyValueList"":[{""key"":""buffDeviation"",""type"":""System.Int32"",""value"":""-7""}],""customData"":"""",""autoBindScript"":true},{""talentName"":""MasterHold"",""bindingScript"":""WModHoldSpeed"",""keyValueList"":[{""key"":""buffSpeedFactor"",""type"":""System.Single"",""value"":""2""}],""customData"":"""",""autoBindScript"":true},{""talentName"":""MasterReflection"",""bindingScript"":""WModReflection"",""keyValueList"":[{""key"":""buffReflectCount"",""type"":""System.Int32"",""value"":""1""}],""customData"":"""",""autoBindScript"":false}]"
weapon_340,RGPrefab/Weapon/weapon_340.prefab,,False,True,100,,"[]",False,"[{""item"":""material_cell"",""num"":3},{""item"":""material_gear"",""num"":3},{""item"":""material_magic_purple"",""num"":1}]","[]","[]","[]"
weapon_341,RGPrefab/Weapon/weapon_341.prefab,,False,True,100,,"[]",False,"[{""item"":""material_battery"",""num"":3},{""item"":""material_wood"",""num"":3},{""item"":""material_magic_purple"",""num"":1}]","[]","[]","[{""talentName"":""MasterShotgun"",""bindingScript"":""WModCount"",""keyValueList"":[{""key"":""buffCount"",""type"":""System.Int32"",""value"":""2""}],""customData"":"""",""autoBindScript"":true},{""talentName"":""MasterStaff"",""bindingScript"":""WModAtkStaff"",""keyValueList"":[{""key"":""buffAtk"",""type"":""System.Int32"",""value"":""1""}],""customData"":"""",""autoBindScript"":true},{""talentName"":""ElementalStaff"",""bindingScript"":""WModAtkStaff"",""keyValueList"":[{""key"":""buffAtk"",""type"":""System.Int32"",""value"":""1""}],""customData"":"""",""autoBindScript"":true},{""talentName"":""MasterReflection"",""bindingScript"":""WModReflection"",""keyValueList"":[{""key"":""buffReflectCount"",""type"":""System.Int32"",""value"":""1""}],""customData"":"""",""autoBindScript"":false}]"
weapon_342,RGPrefab/Weapon/weapon_342.prefab,,False,True,100,,"[{""equipment"":""wi10_flame_stone""},{""equipment"":""wi9_energy_stone""},{""equipment"":""wi3_grindstone""},{""equipment"":""wi3_grindstone_2""},{""equipment"":""wi3_grindstone_3""},{""equipment"":""wi15_auto""},{""equipment"":""wi28_starfish_sword""}]",True,"[{""item"":""material_iron"",""num"":3},{""item"":""material_wood"",""num"":3},{""item"":""material_magic_blue"",""num"":1}]","[]","[]","[{""talentName"":""MasterHold"",""bindingScript"":""WModHoldSpeed"",""keyValueList"":[{""key"":""buffSpeedFactor"",""type"":""System.Single"",""value"":""2""}],""customData"":"""",""autoBindScript"":true},{""talentName"":""MasterSwordRange"",""bindingScript"":""WModBulletSizeMelee"",""keyValueList"":[{""key"":""buffScale"",""type"":""System.Single"",""value"":""1.2""},{""key"":""levelScale"",""type"":""System.Single"",""value"":""1.1""}],""customData"":"""",""autoBindScript"":true},{""talentName"":""MasterSwordRebound"",""bindingScript"":"""",""keyValueList"":[],""customData"":"""",""autoBindScript"":false}]"
weapon_343,RGPrefab/Weapon/weapon_343.prefab,,False,True,100,,"[{""equipment"":""wi8_effecientreactor""},{""equipment"":""wi8_effecientreactor_2""},{""equipment"":""wi8_effecientreactor_3""},{""equipment"":""wi7_telescopic""},{""equipment"":""wi7_telescopic2""}]",False,"[{""item"":""material_iron"",""num"":3},{""item"":""material_gear"",""num"":5},{""item"":""material_magic_cyan"",""num"":1}]","[{""sourceWeapons"":[{""weapon"":""weapon_343""},{""weapon"":""weapon_343""}],""targetWeapon"":{""weapon"":""weapon_378""}}]","[]","[{""talentName"":""MasterShotgun"",""bindingScript"":""WModCount"",""keyValueList"":[{""key"":""buffCount"",""type"":""System.Int32"",""value"":""2""}],""customData"":"""",""autoBindScript"":true},{""talentName"":""MasterAccurate"",""bindingScript"":""WModDeviation"",""keyValueList"":[{""key"":""buffDeviation"",""type"":""System.Int32"",""value"":""-15""}],""customData"":"""",""autoBindScript"":true},{""talentName"":""MasterLaser"",""bindingScript"":""WModMasterLaser"",""keyValueList"":[{""key"":""buffAtk"",""type"":""System.Int32"",""value"":""1""},{""key"":""buffScale"",""type"":""System.Single"",""value"":""1""}],""customData"":"""",""autoBindScript"":true},{""talentName"":""MasterHold"",""bindingScript"":""WModHoldSpeed"",""keyValueList"":[{""key"":""buffSpeedFactor"",""type"":""System.Single"",""value"":""2""}],""customData"":"""",""autoBindScript"":true}]"
weapon_344,RGPrefab/Weapon/weapon_344.prefab,,False,True,200,,"[{""equipment"":""wi21_time_machine""}]",False,"[{""item"":""material_magic_cyan"",""num"":2},{""item"":""material_magic_black"",""num"":2},{""item"":""material_magic_red"",""num"":2},{""item"":""material_gem"",""num"":100}]","[]","[]","[{""talentName"":""MasterShotgun"",""bindingScript"":""WModCount"",""keyValueList"":[{""key"":""buffCount"",""type"":""System.Int32"",""value"":""2""}],""customData"":"""",""autoBindScript"":true},{""talentName"":""MasterAccurate"",""bindingScript"":""WModDeviation"",""keyValueList"":[{""key"":""buffDeviation"",""type"":""System.Int32"",""value"":""-7""}],""customData"":"""",""autoBindScript"":true},{""talentName"":""MasterStaff"",""bindingScript"":""WModAtkStaff"",""keyValueList"":[{""key"":""buffAtk"",""type"":""System.Int32"",""value"":""1""}],""customData"":"""",""autoBindScript"":true},{""talentName"":""ElementalStaff"",""bindingScript"":""WModAtkStaff"",""keyValueList"":[{""key"":""buffAtk"",""type"":""System.Int32"",""value"":""1""}],""customData"":"""",""autoBindScript"":true},{""talentName"":""MasterReflection"",""bindingScript"":""WModReflection"",""keyValueList"":[{""key"":""buffReflectCount"",""type"":""System.Int32"",""value"":""1""}],""customData"":"""",""autoBindScript"":false}]"
weapon_345,RGPrefab/Weapon/weapon_345.prefab,,False,True,150,,"[]",False,"[{""item"":""material_magic_red"",""num"":2},{""item"":""material_magic_blue"",""num"":2},{""item"":""material_gem"",""num"":150},{""item"":""material_gear"",""num"":10}]","[]","[]","[{""talentName"":""MasterContinuous"",""bindingScript"":""WModContinuousCount"",""keyValueList"":[{""key"":""buffContinuousCount"",""type"":""System.Int32"",""value"":""1""}],""customData"":"""",""autoBindScript"":true},{""talentName"":""MasterReflection"",""bindingScript"":""WModReflection"",""keyValueList"":[{""key"":""buffReflectCount"",""type"":""System.Int32"",""value"":""1""}],""customData"":"""",""autoBindScript"":false}]"
weapon_346,RGPrefab/Weapon/weapon_346.prefab,,False,True,100,,"[{""equipment"":""wi6_spiralcoil""},{""equipment"":""wi6_spiralcoil_1""},{""equipment"":""wi6_spiralcoil_4""}]",True,"[{""item"":""material_magic_red"",""num"":1},{""item"":""material_battery"",""num"":4},{""item"":""material_gem"",""num"":100},{""item"":""material_iron"",""num"":4}]","[]","[]","[]"
weapon_347,RGPrefab/Weapon/weapon_347.prefab,,False,True,100,,"[]",False,"[{""item"":""material_magic_blue"",""num"":2},{""item"":""material_magic_cyan"",""num"":2},{""item"":""material_gear"",""num"":4},{""item"":""material_gem"",""num"":100}]","[]","[]","[{""talentName"":""MasterSwordRebound"",""bindingScript"":"""",""keyValueList"":[],""customData"":"""",""autoBindScript"":false}]"
weapon_348,RGPrefab/Weapon/weapon_348.prefab,,False,True,0,weapon_349,"[]",False,"[{""item"":""material_wood"",""num"":3},{""item"":""material_iron"",""num"":2},{""item"":""material_gem"",""num"":50}]","[]","[]","[{""talentName"":""MasterAccurate"",""bindingScript"":""WModDeviation"",""keyValueList"":[{""key"":""buffDeviation"",""type"":""System.Int32"",""value"":""-10""}],""customData"":"""",""autoBindScript"":true},{""talentName"":""MasterHold"",""bindingScript"":""WModHoldSpeed"",""keyValueList"":[{""key"":""buffSpeedFactor"",""type"":""System.Single"",""value"":""2""}],""customData"":"""",""autoBindScript"":true},{""talentName"":""MasterReflection"",""bindingScript"":""WModReflection"",""keyValueList"":[{""key"":""buffReflectCount"",""type"":""System.Int32"",""value"":""1""}],""customData"":"""",""autoBindScript"":false},{""talentName"":""MasterSwordRebound"",""bindingScript"":"""",""keyValueList"":[],""customData"":"""",""autoBindScript"":false}]"
weapon_349,RGPrefab/Weapon/weapon_349.prefab,,False,False,50,,"[]",False,"[{""item"":""material_wood"",""num"":5},{""item"":""material_iron"",""num"":3},{""item"":""material_gem"",""num"":100},{""item"":""material_ancient_weapon_fragment"",""num"":4}]","[]","[]","[{""talentName"":""MasterAccurate"",""bindingScript"":""WModDeviation"",""keyValueList"":[{""key"":""buffDeviation"",""type"":""System.Int32"",""value"":""-10""}],""customData"":"""",""autoBindScript"":true},{""talentName"":""MasterHold"",""bindingScript"":""WModHoldSpeed"",""keyValueList"":[{""key"":""buffSpeedFactor"",""type"":""System.Single"",""value"":""2""}],""customData"":"""",""autoBindScript"":true},{""talentName"":""MasterReflection"",""bindingScript"":""WModReflection"",""keyValueList"":[{""key"":""buffReflectCount"",""type"":""System.Int32"",""value"":""1""}],""customData"":"""",""autoBindScript"":false},{""talentName"":""MasterSwordRebound"",""bindingScript"":"""",""keyValueList"":[],""customData"":"""",""autoBindScript"":false}]"
weapon_350,RGPrefab/Weapon/weapon_350.prefab,,False,True,0,weapon_351,"[]",False,"[{""item"":""material_wood"",""num"":1},{""item"":""material_iron"",""num"":3},{""item"":""material_gem"",""num"":50}]","[]","[]","[{""talentName"":""MasterShotgun"",""bindingScript"":""WModCount"",""keyValueList"":[{""key"":""buffCount"",""type"":""System.Int32"",""value"":""2""}],""customData"":"""",""autoBindScript"":true},{""talentName"":""MasterAccurate"",""bindingScript"":""WModDeviation"",""keyValueList"":[{""key"":""buffDeviation"",""type"":""System.Int32"",""value"":""-7""}],""customData"":"""",""autoBindScript"":true},{""talentName"":""MasterSwordRange"",""bindingScript"":""WModBulletSizeMelee"",""keyValueList"":[{""key"":""buffScale"",""type"":""System.Single"",""value"":""1.2""},{""key"":""levelScale"",""type"":""System.Single"",""value"":""1.1""}],""customData"":"""",""autoBindScript"":true},{""talentName"":""MasterSwordRebound"",""bindingScript"":"""",""keyValueList"":[],""customData"":"""",""autoBindScript"":false}]"
weapon_351,RGPrefab/Weapon/weapon_351.prefab,,False,False,50,,"[]",False,"[{""item"":""material_wood"",""num"":2},{""item"":""material_iron"",""num"":6},{""item"":""material_gem"",""num"":100},{""item"":""material_ancient_weapon_fragment"",""num"":4}]","[]","[]","[{""talentName"":""MasterShotgun"",""bindingScript"":""WModCount"",""keyValueList"":[{""key"":""buffCount"",""type"":""System.Int32"",""value"":""2""}],""customData"":"""",""autoBindScript"":true},{""talentName"":""MasterAccurate"",""bindingScript"":""WModDeviation"",""keyValueList"":[{""key"":""buffDeviation"",""type"":""System.Int32"",""value"":""-7""}],""customData"":"""",""autoBindScript"":true},{""talentName"":""MasterSwordRange"",""bindingScript"":""WModBulletSizeMelee"",""keyValueList"":[{""key"":""buffScale"",""type"":""System.Single"",""value"":""1.2""},{""key"":""levelScale"",""type"":""System.Single"",""value"":""1.1""}],""customData"":"""",""autoBindScript"":true},{""talentName"":""MasterSwordRebound"",""bindingScript"":"""",""keyValueList"":[],""customData"":"""",""autoBindScript"":false}]"
weapon_352,RGPrefab/Weapon/weapon_352.prefab,,False,True,0,weapon_353,"[{""equipment"":""wi8_effecientreactor""}]",True,"[{""item"":""material_wood"",""num"":2},{""item"":""material_iron"",""num"":1},{""item"":""material_gem"",""num"":50}]","[]","[]","[{""talentName"":""MasterLaser"",""bindingScript"":""WModMasterLaser"",""keyValueList"":[{""key"":""buffAtk"",""type"":""System.Int32"",""value"":""0""},{""key"":""buffScale"",""type"":""System.Single"",""value"":""1.5""}],""customData"":"""",""autoBindScript"":true},{""talentName"":""MasterStaff"",""bindingScript"":""WModAtkStaff"",""keyValueList"":[{""key"":""buffAtk"",""type"":""System.Int32"",""value"":""1""}],""customData"":"""",""autoBindScript"":true},{""talentName"":""ElementalStaff"",""bindingScript"":""WModAtkStaff"",""keyValueList"":[{""key"":""buffAtk"",""type"":""System.Int32"",""value"":""1""}],""customData"":"""",""autoBindScript"":true}]"
weapon_353,RGPrefab/Weapon/weapon_353.prefab,,False,False,50,,"[{""equipment"":""wi8_effecientreactor""},{""equipment"":""wi39_sage_stone""}]",True,"[{""item"":""material_wood"",""num"":4},{""item"":""material_iron"",""num"":3},{""item"":""material_gem"",""num"":100},{""item"":""material_ancient_weapon_fragment"",""num"":4}]","[]","[]","[{""talentName"":""MasterShotgun"",""bindingScript"":""WModCount"",""keyValueList"":[{""key"":""buffCount"",""type"":""System.Int32"",""value"":""2""}],""customData"":"""",""autoBindScript"":true},{""talentName"":""MasterLaser"",""bindingScript"":""WModMasterLaser"",""keyValueList"":[{""key"":""buffAtk"",""type"":""System.Int32"",""value"":""0""},{""key"":""buffScale"",""type"":""System.Single"",""value"":""0.5""}],""customData"":"""",""autoBindScript"":true},{""talentName"":""MasterStaff"",""bindingScript"":""WModAtkStaff"",""keyValueList"":[{""key"":""buffAtk"",""type"":""System.Int32"",""value"":""1""}],""customData"":"""",""autoBindScript"":true},{""talentName"":""ElementalStaff"",""bindingScript"":""WModAtkStaff"",""keyValueList"":[{""key"":""buffAtk"",""type"":""System.Int32"",""value"":""1""}],""customData"":"""",""autoBindScript"":true}]"
weapon_354,RGPrefab/Weapon/weapon_354.prefab,,False,True,200,,"[]",False,"[{""item"":""material_magic_cyan"",""num"":2},{""item"":""material_magic_blue"",""num"":1},{""item"":""material_magic_red"",""num"":1},{""item"":""material_iron"",""num"":10},{""item"":""material_gem"",""num"":200}]","[]","[]","[{""talentName"":""MasterSwordRange"",""bindingScript"":""WModBulletSizeMelee"",""keyValueList"":[{""key"":""buffScale"",""type"":""System.Single"",""value"":""1.2""},{""key"":""levelScale"",""type"":""System.Single"",""value"":""1.1""}],""customData"":"""",""autoBindScript"":true},{""talentName"":""MasterSwordRebound"",""bindingScript"":"""",""keyValueList"":[],""customData"":"""",""autoBindScript"":false}]"
weapon_355,RGPrefab/Weapon/weapon_355.prefab,,False,True,200,,"[]",False,"[{""item"":""material_magic_cyan"",""num"":2},{""item"":""material_magic_orange"",""num"":2},{""item"":""material_magic_purple"",""num"":2},{""item"":""material_iron"",""num"":1},{""item"":""material_gem"",""num"":200}]","[]","[]","[]"
weapon_356,RGPrefab/Weapon/weapon_356.prefab,,False,True,100,,"[]",False,"[{""item"":""material_battery"",""num"":5},{""item"":""material_gear"",""num"":5},{""item"":""material_magic_red"",""num"":1}]","[]","[]","[{""talentName"":""MasterAccurate"",""bindingScript"":""WModDeviation"",""keyValueList"":[{""key"":""buffDeviation"",""type"":""System.Int32"",""value"":""-10""}],""customData"":"""",""autoBindScript"":true},{""talentName"":""MasterReflection"",""bindingScript"":""WModReflection"",""keyValueList"":[{""key"":""buffReflectCount"",""type"":""System.Int32"",""value"":""1""}],""customData"":"""",""autoBindScript"":false}]"
weapon_357,RGPrefab/Weapon/weapon_357.prefab,,False,True,200,,"[{""equipment"":""wi29_binary_jellyfish""}]",False,"[{""item"":""material_battery"",""num"":5},{""item"":""material_iron"",""num"":5},{""item"":""material_magic_red"",""num"":1}]","[]","[]","[{""talentName"":""MasterAccurate"",""bindingScript"":""WModDeviation"",""keyValueList"":[{""key"":""buffDeviation"",""type"":""System.Int32"",""value"":""-10""}],""customData"":"""",""autoBindScript"":true},{""talentName"":""MasterLaser"",""bindingScript"":""WModMasterLaser"",""keyValueList"":[{""key"":""buffAtk"",""type"":""System.Int32"",""value"":""0""},{""key"":""buffScale"",""type"":""System.Single"",""value"":""2""}],""customData"":"""",""autoBindScript"":true},{""talentName"":""MasterHold"",""bindingScript"":""WModHoldSpeed"",""keyValueList"":[{""key"":""buffSpeedFactor"",""type"":""System.Single"",""value"":""2""}],""customData"":"""",""autoBindScript"":true},{""talentName"":""MasterReflection"",""bindingScript"":""WModReflection"",""keyValueList"":[{""key"":""buffReflectCount"",""type"":""System.Int32"",""value"":""1""}],""customData"":"""",""autoBindScript"":true},{""talentName"":""MasterShotgun"",""bindingScript"":""WModCount"",""keyValueList"":[{""key"":""buffCount"",""type"":""System.Int32"",""value"":""1""}],""customData"":"""",""autoBindScript"":false}]"
weapon_358,RGPrefab/Weapon/weapon_358.prefab,,False,True,50,,"[{""equipment"":""wi15_auto""},{""equipment"":""wi22_upgrade_kit""},{""equipment"":""wi9_energy_stone""},{""equipment"":""wi5_missle""},{""equipment"":""wi5_missle_3""},{""equipment"":""wi5_missle_4""},{""equipment"":""wi4_helt""},{""equipment"":""wi4_helt_2""},{""equipment"":""wi4_helt_3""},{""equipment"":""wi10_flame_stone""}]",True,"[{""item"":""material_battery"",""num"":2},{""item"":""material_iron"",""num"":2}]","[]","[]","[{""talentName"":""MasterSwordRange"",""bindingScript"":""WModBulletSizeMelee"",""keyValueList"":[{""key"":""buffScale"",""type"":""System.Single"",""value"":""1.2""},{""key"":""levelScale"",""type"":""System.Single"",""value"":""1.1""}],""customData"":"""",""autoBindScript"":true},{""talentName"":""MasterSwordRebound"",""bindingScript"":"""",""keyValueList"":[],""customData"":"""",""autoBindScript"":false}]"
weapon_359,RGPrefab/Weapon/weapon_359.prefab,,False,True,200,,"[]",False,"[{""item"":""material_battery"",""num"":5},{""item"":""material_iron"",""num"":5},{""item"":""material_magic_red"",""num"":1}]","[]","[]","[{""talentName"":""MasterSwordRange"",""bindingScript"":""WModBulletSizeMelee"",""keyValueList"":[{""key"":""buffScale"",""type"":""System.Single"",""value"":""1.2""},{""key"":""levelScale"",""type"":""System.Single"",""value"":""1.1""}],""customData"":"""",""autoBindScript"":true},{""talentName"":""MasterSwordRebound"",""bindingScript"":"""",""keyValueList"":[],""customData"":"""",""autoBindScript"":false}]"
weapon_360,RGPrefab/Weapon/weapon_360.prefab,,False,True,100,,"[]",False,"[{""item"":""material_iron"",""num"":5},{""item"":""material_gear"",""num"":5},{""item"":""material_battery"",""num"":5},{""item"":""material_magic_purple"",""num"":1}]","[]","[]","[{""talentName"":""MasterAccurate"",""bindingScript"":""WModDeviation"",""keyValueList"":[{""key"":""buffDeviation"",""type"":""System.Int32"",""value"":""-10""}],""customData"":"""",""autoBindScript"":true},{""talentName"":""MasterLaser"",""bindingScript"":""WModMasterLaser"",""keyValueList"":[{""key"":""buffAtk"",""type"":""System.Int32"",""value"":""0""},{""key"":""buffScale"",""type"":""System.Single"",""value"":""0.6""}],""customData"":"""",""autoBindScript"":true},{""talentName"":""MasterHold"",""bindingScript"":""WModHoldSpeed"",""keyValueList"":[{""key"":""buffSpeedFactor"",""type"":""System.Single"",""value"":""2""}],""customData"":"""",""autoBindScript"":true},{""talentName"":""MasterReflection"",""bindingScript"":""WModReflection"",""keyValueList"":[{""key"":""buffReflectCount"",""type"":""System.Int32"",""value"":""1""}],""customData"":"""",""autoBindScript"":true}]"
weapon_361,RGPrefab/Weapon/weapon_361.prefab,,False,True,150,,"[]",False,"[{""item"":""material_iron"",""num"":7},{""item"":""material_gear"",""num"":7},{""item"":""material_battery"",""num"":4},{""item"":""material_magic_purple"",""num"":3}]","[]","[]","[{""talentName"":""MasterAccurate"",""bindingScript"":""WModDeviation"",""keyValueList"":[{""key"":""buffDeviation"",""type"":""System.Int32"",""value"":""-10""}],""customData"":"""",""autoBindScript"":true},{""talentName"":""MasterReflection"",""bindingScript"":""WModReflection"",""keyValueList"":[{""key"":""buffReflectCount"",""type"":""System.Int32"",""value"":""1""}],""customData"":"""",""autoBindScript"":false}]"
weapon_362,RGPrefab/Weapon/weapon_362.prefab,,False,True,150,,"[]",False,"[{""item"":""material_iron"",""num"":5},{""item"":""material_gear"",""num"":5},{""item"":""material_magic_blue"",""num"":2},{""item"":""material_magic_purple"",""num"":1}]","[]","[]","[{""talentName"":""MasterAccurate"",""bindingScript"":""WModDeviation"",""keyValueList"":[{""key"":""buffDeviation"",""type"":""System.Int32"",""value"":""-10""}],""customData"":"""",""autoBindScript"":true},{""talentName"":""MasterHold"",""bindingScript"":""WModHoldSpeed"",""keyValueList"":[{""key"":""buffSpeedFactor"",""type"":""System.Single"",""value"":""2""}],""customData"":"""",""autoBindScript"":true}]"
weapon_363,RGPrefab/Weapon/weapon_363.prefab,,False,True,200,,"[]",False,"[{""item"":""material_iron"",""num"":7},{""item"":""material_gear"",""num"":7},{""item"":""material_battery"",""num"":7},{""item"":""material_magic_purple"",""num"":4}]","[]","[]","[]"
weapon_364,RGPrefab/Weapon/weapon_364.prefab,,False,True,200,,"[]",False,"[{""item"":""material_iron"",""num"":7},{""item"":""material_gear"",""num"":7},{""item"":""material_battery"",""num"":4},{""item"":""material_magic_purple"",""num"":3}]","[]","[]","[{""talentName"":""MasterAccurate"",""bindingScript"":""WModDeviation"",""keyValueList"":[{""key"":""buffDeviation"",""type"":""System.Int32"",""value"":""-10""}],""customData"":"""",""autoBindScript"":true},{""talentName"":""MasterSwordRebound"",""bindingScript"":"""",""keyValueList"":[],""customData"":"""",""autoBindScript"":false}]"
weapon_365,RGPrefab/Weapon/weapon_365.prefab,,False,True,150,,"[]",False,"[{""item"":""material_iron"",""num"":2},{""item"":""material_wood"",""num"":2}]","[]","[]","[{""talentName"":""MasterAccurate"",""bindingScript"":""WModDeviation"",""keyValueList"":[{""key"":""buffDeviation"",""type"":""System.Int32"",""value"":""-10""}],""customData"":"""",""autoBindScript"":true},{""talentName"":""MasterSwordRebound"",""bindingScript"":"""",""keyValueList"":[],""customData"":"""",""autoBindScript"":false}]"
weapon_366,RGPrefab/Weapon/weapon_366.prefab,,False,True,150,,"[]",False,"[{""item"":""material_wood"",""num"":10},{""item"":""material_magic_cyan"",""num"":1},{""item"":""material_magic_blue"",""num"":1}]","[]","[]","[{""talentName"":""MasterShotgun"",""bindingScript"":""WModCount"",""keyValueList"":[{""key"":""buffCount"",""type"":""System.Int32"",""value"":""1""}],""customData"":"""",""autoBindScript"":true},{""talentName"":""MasterAccurate"",""bindingScript"":""WModDeviation"",""keyValueList"":[{""key"":""buffDeviation"",""type"":""System.Int32"",""value"":""-7""}],""customData"":"""",""autoBindScript"":true},{""talentName"":""MasterHold"",""bindingScript"":""WModHoldSpeed"",""keyValueList"":[{""key"":""buffSpeedFactor"",""type"":""System.Single"",""value"":""2""}],""customData"":"""",""autoBindScript"":true},{""talentName"":""MasterStaff"",""bindingScript"":""WModAtkStaff"",""keyValueList"":[{""key"":""buffAtk"",""type"":""System.Int32"",""value"":""1""}],""customData"":"""",""autoBindScript"":true},{""talentName"":""ElementalStaff"",""bindingScript"":""WModAtkStaff"",""keyValueList"":[{""key"":""buffAtk"",""type"":""System.Int32"",""value"":""1""}],""customData"":"""",""autoBindScript"":true},{""talentName"":""MasterReflection"",""bindingScript"":""WModReflection"",""keyValueList"":[{""key"":""buffReflectCount"",""type"":""System.Int32"",""value"":""1""}],""customData"":"""",""autoBindScript"":false}]"
weapon_367,RGPrefab/Weapon/weapon_367.prefab,,False,True,150,,"[]",False,"[{""item"":""material_wood"",""num"":10},{""item"":""material_magic_purple"",""num"":1},{""item"":""material_magic_red"",""num"":1}]","[]","[]","[{""talentName"":""MasterShotgun"",""bindingScript"":""WModCount"",""keyValueList"":[{""key"":""buffCount"",""type"":""System.Int32"",""value"":""1""}],""customData"":"""",""autoBindScript"":true},{""talentName"":""MasterAccurate"",""bindingScript"":""WModDeviation"",""keyValueList"":[{""key"":""buffDeviation"",""type"":""System.Int32"",""value"":""-7""}],""customData"":"""",""autoBindScript"":true},{""talentName"":""MasterHold"",""bindingScript"":""WModHoldSpeed"",""keyValueList"":[{""key"":""buffSpeedFactor"",""type"":""System.Single"",""value"":""2""}],""customData"":"""",""autoBindScript"":true},{""talentName"":""MasterStaff"",""bindingScript"":""WModAtkStaff"",""keyValueList"":[{""key"":""buffAtk"",""type"":""System.Int32"",""value"":""1""}],""customData"":"""",""autoBindScript"":true},{""talentName"":""ElementalStaff"",""bindingScript"":""WModAtkStaff"",""keyValueList"":[{""key"":""buffAtk"",""type"":""System.Int32"",""value"":""1""}],""customData"":"""",""autoBindScript"":true},{""talentName"":""MasterSwordRebound"",""bindingScript"":"""",""keyValueList"":[],""customData"":"""",""autoBindScript"":false}]"
weapon_368,RGPrefab/Weapon/weapon_368.prefab,,False,True,0,,"[]",False,"[{""item"":""material_cell"",""num"":2},{""item"":""material_battery"",""num"":2},{""item"":""material_wood"",""num"":2},{""item"":""material_magic_purple"",""num"":1}]","[]","[]","[{""talentName"":""MasterAccurate"",""bindingScript"":""WModDeviation"",""keyValueList"":[{""key"":""buffDeviation"",""type"":""System.Int32"",""value"":""-7""}],""customData"":"""",""autoBindScript"":true},{""talentName"":""MasterHold"",""bindingScript"":""WModHoldSpeed"",""keyValueList"":[{""key"":""buffSpeedFactor"",""type"":""System.Single"",""value"":""2""}],""customData"":"""",""autoBindScript"":true},{""talentName"":""MasterReflection"",""bindingScript"":""WModReflection"",""keyValueList"":[{""key"":""buffReflectCount"",""type"":""System.Int32"",""value"":""1""}],""customData"":"""",""autoBindScript"":false}]"
weapon_369,RGPrefab/Weapon/weapon_369.prefab,,True,True,200,weapon_292,"[]",False,"[{""item"":""material_cell"",""num"":8},{""item"":""material_magic_red"",""num"":6},{""item"":""material_magic_orange"",""num"":6},{""item"":""material_iron"",""num"":8}]","[]","[]","[{""talentName"":""MasterAccurate"",""bindingScript"":""WModDeviation"",""keyValueList"":[{""key"":""buffDeviation"",""type"":""System.Int32"",""value"":""-7""}],""customData"":"""",""autoBindScript"":true},{""talentName"":""MasterHold"",""bindingScript"":""WModHoldSpeed"",""keyValueList"":[{""key"":""buffSpeedFactor"",""type"":""System.Single"",""value"":""2""}],""customData"":"""",""autoBindScript"":true}]"
weapon_370,RGPrefab/Weapon/weapon_370.prefab,,False,True,200,,"[]",False,"[{""item"":""material_cell"",""num"":8},{""item"":""material_magic_red"",""num"":2},{""item"":""material_magic_orange"",""num"":1},{""item"":""material_iron"",""num"":8}]","[]","[]","[{""talentName"":""MasterAccurate"",""bindingScript"":""WModDeviation"",""keyValueList"":[{""key"":""buffDeviation"",""type"":""System.Int32"",""value"":""-10""}],""customData"":"""",""autoBindScript"":true},{""talentName"":""MasterHold"",""bindingScript"":""WModHoldSpeed"",""keyValueList"":[{""key"":""buffSpeedFactor"",""type"":""System.Single"",""value"":""2""}],""customData"":"""",""autoBindScript"":true},{""talentName"":""MasterReflection"",""bindingScript"":""WModReflection"",""keyValueList"":[{""key"":""buffReflectCount"",""type"":""System.Int32"",""value"":""1""}],""customData"":"""",""autoBindScript"":false}]"
weapon_371,RGPrefab/Weapon/weapon_371.prefab,,False,True,200,,"[]",False,"[{""item"":""material_cell"",""num"":8},{""item"":""material_magic_red"",""num"":2},{""item"":""material_magic_orange"",""num"":1},{""item"":""material_iron"",""num"":8}]","[]","[]","[{""talentName"":""MasterAccurate"",""bindingScript"":""WModDeviation"",""keyValueList"":[{""key"":""buffDeviation"",""type"":""System.Int32"",""value"":""-10""}],""customData"":"""",""autoBindScript"":true},{""talentName"":""MasterHold"",""bindingScript"":""WModHoldSpeed"",""keyValueList"":[{""key"":""buffSpeedFactor"",""type"":""System.Single"",""value"":""2""}],""customData"":"""",""autoBindScript"":true},{""talentName"":""MasterReflection"",""bindingScript"":""WModReflection"",""keyValueList"":[{""key"":""buffReflectCount"",""type"":""System.Int32"",""value"":""1""}],""customData"":"""",""autoBindScript"":false},{""talentName"":""MasterShotgun"",""bindingScript"":""WModCount"",""keyValueList"":[{""key"":""buffCount"",""type"":""System.Int32"",""value"":""2""}],""customData"":"""",""autoBindScript"":true}]"
weapon_372,RGPrefab/Weapon/weapon_372.prefab,,False,True,200,,"[]",False,"[{""item"":""material_cell"",""num"":8},{""item"":""material_magic_red"",""num"":2},{""item"":""material_magic_orange"",""num"":1},{""item"":""material_iron"",""num"":8}]","[]","[]","[{""talentName"":""MasterAccurate"",""bindingScript"":""WModDeviation"",""keyValueList"":[{""key"":""buffDeviation"",""type"":""System.Int32"",""value"":""-10""}],""customData"":"""",""autoBindScript"":true},{""talentName"":""MasterHold"",""bindingScript"":""WModHoldSpeed"",""keyValueList"":[{""key"":""buffSpeedFactor"",""type"":""System.Single"",""value"":""2""}],""customData"":"""",""autoBindScript"":true},{""talentName"":""MasterReflection"",""bindingScript"":""WModReflection"",""keyValueList"":[{""key"":""buffReflectCount"",""type"":""System.Int32"",""value"":""1""}],""customData"":"""",""autoBindScript"":false}]"
weapon_373,RGPrefab/Weapon/weapon_373.prefab,,False,True,100,,"[]",False,"[{""item"":""material_wood"",""num"":16}]","[]","[]","[{""talentName"":""MasterAccurate"",""bindingScript"":""WModDeviation"",""keyValueList"":[{""key"":""buffDeviation"",""type"":""System.Int32"",""value"":""-10""}],""customData"":"""",""autoBindScript"":true},{""talentName"":""MasterReflection"",""bindingScript"":""WModReflection"",""keyValueList"":[{""key"":""buffReflectCount"",""type"":""System.Int32"",""value"":""1""}],""customData"":"""",""autoBindScript"":false}]"
weapon_374,RGPrefab/Weapon/weapon_374.prefab,,False,True,100,,"[]",False,"[{""item"":""material_wood"",""num"":10},{""item"":""material_magic_green"",""num"":1}]","[]","[]","[{""talentName"":""MasterAccurate"",""bindingScript"":""WModDeviation"",""keyValueList"":[{""key"":""buffDeviation"",""type"":""System.Int32"",""value"":""-10""}],""customData"":"""",""autoBindScript"":true},{""talentName"":""MasterReflection"",""bindingScript"":""WModReflection"",""keyValueList"":[{""key"":""buffReflectCount"",""type"":""System.Int32"",""value"":""1""}],""customData"":"""",""autoBindScript"":false}]"
weapon_375,RGPrefab/Weapon/weapon_375.prefab,,False,True,100,,"[]",False,"[{""item"":""material_wood"",""num"":4},{""item"":""material_iron"",""num"":8},{""item"":""material_magic_cyan"",""num"":1}]","[]","[]","[{""talentName"":""MasterSwordRange"",""bindingScript"":""WModBulletSizeMelee"",""keyValueList"":[{""key"":""buffScale"",""type"":""System.Single"",""value"":""1.2""},{""key"":""levelScale"",""type"":""System.Single"",""value"":""1.1""}],""customData"":"""",""autoBindScript"":true},{""talentName"":""MasterSwordRebound"",""bindingScript"":"""",""keyValueList"":[],""customData"":"""",""autoBindScript"":false}]"
weapon_376,RGPrefab/Weapon/weapon_376.prefab,,False,True,0,,"[]",False,"[{""item"":""material_wood"",""num"":4},{""item"":""material_iron"",""num"":16}]","[]","[]","[{""talentName"":""MasterSwordRange"",""bindingScript"":""WModBulletSizeMelee"",""keyValueList"":[{""key"":""buffScale"",""type"":""System.Single"",""value"":""1.2""},{""key"":""levelScale"",""type"":""System.Single"",""value"":""1.1""}],""customData"":"""",""autoBindScript"":true},{""talentName"":""MasterSwordRebound"",""bindingScript"":"""",""keyValueList"":[],""customData"":"""",""autoBindScript"":false}]"
weapon_377,RGPrefab/Weapon/weapon_377.prefab,,False,True,100,,"[]",False,"[{""item"":""material_iron"",""num"":12},{""item"":""material_gear"",""num"":12},{""item"":""material_magic_green"",""num"":2}]","[]","[]","[{""talentName"":""MasterShotgun"",""bindingScript"":""WModCount"",""keyValueList"":[{""key"":""buffCount"",""type"":""System.Int32"",""value"":""2""}],""customData"":"""",""autoBindScript"":true},{""talentName"":""MasterAccurate"",""bindingScript"":""WModDeviation"",""keyValueList"":[{""key"":""buffDeviation"",""type"":""System.Int32"",""value"":""-7""}],""customData"":"""",""autoBindScript"":true}]"
weapon_378,RGPrefab/Weapon/weapon_378.prefab,,False,True,100,,"[{""equipment"":""wi8_effecientreactor""},{""equipment"":""wi8_effecientreactor_2""},{""equipment"":""wi8_effecientreactor_3""},{""equipment"":""wi7_telescopic""},{""equipment"":""wi7_telescopic2""}]",False,"[{""item"":""material_iron"",""num"":6},{""item"":""material_gear"",""num"":10},{""item"":""material_magic_cyan"",""num"":2}]","[]","[]","[{""talentName"":""MasterShotgun"",""bindingScript"":""WModCount"",""keyValueList"":[{""key"":""buffCount"",""type"":""System.Int32"",""value"":""2""}],""customData"":"""",""autoBindScript"":true},{""talentName"":""MasterAccurate"",""bindingScript"":""WModDeviation"",""keyValueList"":[{""key"":""buffDeviation"",""type"":""System.Int32"",""value"":""-15""}],""customData"":"""",""autoBindScript"":true},{""talentName"":""MasterLaser"",""bindingScript"":""WModMasterLaser"",""keyValueList"":[{""key"":""buffAtk"",""type"":""System.Int32"",""value"":""1""},{""key"":""buffScale"",""type"":""System.Single"",""value"":""1""}],""customData"":"""",""autoBindScript"":true},{""talentName"":""MasterHold"",""bindingScript"":""WModHoldSpeed"",""keyValueList"":[{""key"":""buffSpeedFactor"",""type"":""System.Single"",""value"":""2""}],""customData"":"""",""autoBindScript"":true}]"
weapon_379,RGPrefab/Weapon/weapon_379.prefab,,False,True,100,,"[]",False,"[{""item"":""material_iron"",""num"":12},{""item"":""material_gear"",""num"":12},{""item"":""material_magic_blue"",""num"":2}]","[]","[]","[{""talentName"":""MasterAccurate"",""bindingScript"":""WModDeviation"",""keyValueList"":[{""key"":""buffDeviation"",""type"":""System.Int32"",""value"":""-10""}],""customData"":"""",""autoBindScript"":true}]"
weapon_380,RGPrefab/Weapon/weapon_380.prefab,,False,True,50,,"[]",False,"[{""item"":""material_iron"",""num"":6}]","[]","[]","[{""talentName"":""MasterSwordRange"",""bindingScript"":""WModBulletSizeMelee"",""keyValueList"":[{""key"":""buffScale"",""type"":""System.Single"",""value"":""1.2""},{""key"":""levelScale"",""type"":""System.Single"",""value"":""1.1""}],""customData"":"""",""autoBindScript"":true}]"
weapon_381,RGPrefab/Weapon/weapon_381.prefab,,False,True,50,,"[{""equipment"":""wi29_binary_jellyfish""}]",False,"[{""item"":""material_iron"",""num"":6}]","[]","[]","[{""talentName"":""MasterAccurate"",""bindingScript"":""WModDeviation"",""keyValueList"":[{""key"":""buffDeviation"",""type"":""System.Int32"",""value"":""-10""}],""customData"":"""",""autoBindScript"":true},{""talentName"":""MasterLaser"",""bindingScript"":""WModMasterLaser"",""keyValueList"":[{""key"":""buffAtk"",""type"":""System.Int32"",""value"":""0""},{""key"":""buffScale"",""type"":""System.Single"",""value"":""2""}],""customData"":"""",""autoBindScript"":true},{""talentName"":""MasterHold"",""bindingScript"":""WModHoldSpeed"",""keyValueList"":[{""key"":""buffSpeedFactor"",""type"":""System.Single"",""value"":""2""}],""customData"":"""",""autoBindScript"":true},{""talentName"":""MasterReflection"",""bindingScript"":""WModReflection"",""keyValueList"":[{""key"":""buffReflectCount"",""type"":""System.Int32"",""value"":""1""}],""customData"":"""",""autoBindScript"":true}]"
weapon_382,RGPrefab/Weapon/weapon_382.prefab,,False,True,200,,"[]",False,"[{""item"":""material_iron"",""num"":7},{""item"":""material_gear"",""num"":7},{""item"":""material_battery"",""num"":4},{""item"":""material_magic_purple"",""num"":3}]","[]","[]","[{""talentName"":""MasterShotgun"",""bindingScript"":""WModCount"",""keyValueList"":[{""key"":""buffCount"",""type"":""System.Int32"",""value"":""2""}],""customData"":"""",""autoBindScript"":true},{""talentName"":""MasterAccurate"",""bindingScript"":""WModDeviation"",""keyValueList"":[{""key"":""buffDeviation"",""type"":""System.Int32"",""value"":""-12""}],""customData"":"""",""autoBindScript"":true},{""talentName"":""MasterStaff"",""bindingScript"":""WModAtkStaff"",""keyValueList"":[{""key"":""buffAtk"",""type"":""System.Int32"",""value"":""1""}],""customData"":"""",""autoBindScript"":true},{""talentName"":""ElementalStaff"",""bindingScript"":""WModAtkStaff"",""keyValueList"":[{""key"":""buffAtk"",""type"":""System.Int32"",""value"":""1""}],""customData"":"""",""autoBindScript"":true}]"
weapon_383,RGPrefab/Weapon/weapon_383.prefab,,False,True,50,,"[]",False,"[{""item"":""material_wood"",""num"":3}]","[]","[]","[{""talentName"":""MasterAccurate"",""bindingScript"":""WModDeviation"",""keyValueList"":[{""key"":""buffDeviation"",""type"":""System.Int32"",""value"":""-10""}],""customData"":"""",""autoBindScript"":true},{""talentName"":""MasterContinuous"",""bindingScript"":""WModContinuousCount"",""keyValueList"":[{""key"":""buffContinuousCount"",""type"":""System.Int32"",""value"":""1""}],""customData"":"""",""autoBindScript"":true},{""talentName"":""MasterReflection"",""bindingScript"":""WModReflection"",""keyValueList"":[{""key"":""buffReflectCount"",""type"":""System.Int32"",""value"":""1""}],""customData"":"""",""autoBindScript"":false}]"
weapon_384,RGPrefab/Weapon/weapon_384.prefab,,False,True,200,,"[]",False,"[{""item"":""material_cell"",""num"":7},{""item"":""material_gear"",""num"":7},{""item"":""material_magic_purple"",""num"":4}]","[]","[]","[{""talentName"":""MasterAccurate"",""bindingScript"":""WModDeviation"",""keyValueList"":[{""key"":""buffDeviation"",""type"":""System.Int32"",""value"":""-10""}],""customData"":"""",""autoBindScript"":true}]"
weapon_385,RGPrefab/Weapon/weapon_385.prefab,,True,True,200,,"[]",False,"[{""item"":""material_iron"",""num"":7},{""item"":""material_gear"",""num"":7},{""item"":""material_magic_purple"",""num"":4}]","[]","[]","[{""talentName"":""MasterContinuous"",""bindingScript"":""WModContinuousCount"",""keyValueList"":[{""key"":""buffContinuousCount"",""type"":""System.Int32"",""value"":""1""}],""customData"":"""",""autoBindScript"":true},{""talentName"":""MasterHold"",""bindingScript"":""WModHoldSpeed"",""keyValueList"":[{""key"":""buffSpeedFactor"",""type"":""System.Single"",""value"":""2""}],""customData"":"""",""autoBindScript"":true},{""talentName"":""MasterSwordRange"",""bindingScript"":""WModBulletSizeMelee"",""keyValueList"":[{""key"":""buffScale"",""type"":""System.Single"",""value"":""1.2""},{""key"":""levelScale"",""type"":""System.Single"",""value"":""1.1""}],""customData"":"""",""autoBindScript"":true},{""talentName"":""MasterSwordRebound"",""bindingScript"":"""",""keyValueList"":[],""customData"":"""",""autoBindScript"":false}]"
weapon_386,RGPrefab/Weapon/weapon_386.prefab,,True,True,50,,"[]",False,"[{""item"":""material_wood"",""num"":3}]","[]","[]","[{""talentName"":""MasterAccurate"",""bindingScript"":""WModDeviation"",""keyValueList"":[{""key"":""buffDeviation"",""type"":""System.Int32"",""value"":""-10""}],""customData"":"""",""autoBindScript"":true},{""talentName"":""MasterReflection"",""bindingScript"":""WModReflection"",""keyValueList"":[{""key"":""buffReflectCount"",""type"":""System.Int32"",""value"":""1""}],""customData"":"""",""autoBindScript"":false}]"
weapon_387,RGPrefab/Weapon/weapon_387.prefab,,True,True,100,,"[{""equipment"":""wi29_binary_jellyfish""}]",False,"[{""item"":""material_wood"",""num"":10},{""item"":""material_magic_green"",""num"":1}]","[]","[]","[{""talentName"":""MasterAccurate"",""bindingScript"":""WModDeviation"",""keyValueList"":[{""key"":""buffDeviation"",""type"":""System.Int32"",""value"":""-10""}],""customData"":"""",""autoBindScript"":true},{""talentName"":""MasterLaser"",""bindingScript"":""WModMasterLaser"",""keyValueList"":[{""key"":""buffAtk"",""type"":""System.Int32"",""value"":""0""},{""key"":""buffScale"",""type"":""System.Single"",""value"":""2""}],""customData"":"""",""autoBindScript"":true},{""talentName"":""MasterHold"",""bindingScript"":""WModHoldSpeed"",""keyValueList"":[{""key"":""buffSpeedFactor"",""type"":""System.Single"",""value"":""2""}],""customData"":"""",""autoBindScript"":true},{""talentName"":""MasterReflection"",""bindingScript"":""WModReflection"",""keyValueList"":[{""key"":""buffReflectCount"",""type"":""System.Int32"",""value"":""1""}],""customData"":"""",""autoBindScript"":true}]"
weapon_388,RGPrefab/Weapon/weapon_388.prefab,,False,True,200,,"[]",False,"[{""item"":""material_cell"",""num"":7},{""item"":""material_gear"",""num"":7},{""item"":""material_magic_purple"",""num"":4}]","[]","[]","[{""talentName"":""MasterContinuous"",""bindingScript"":""WModContinuousCount"",""keyValueList"":[{""key"":""buffContinuousCount"",""type"":""System.Int32"",""value"":""1""}],""customData"":"""",""autoBindScript"":true},{""talentName"":""MasterHold"",""bindingScript"":""WModHoldSpeed"",""keyValueList"":[{""key"":""buffSpeedFactor"",""type"":""System.Single"",""value"":""2""}],""customData"":"""",""autoBindScript"":true},{""talentName"":""MasterSwordRange"",""bindingScript"":""WModBulletSizeMelee"",""keyValueList"":[{""key"":""buffScale"",""type"":""System.Single"",""value"":""1.2""},{""key"":""levelScale"",""type"":""System.Single"",""value"":""1.1""}],""customData"":"""",""autoBindScript"":true},{""talentName"":""MasterSwordRebound"",""bindingScript"":"""",""keyValueList"":[],""customData"":"""",""autoBindScript"":false}]"
weapon_389,RGPrefab/Weapon/weapon_389.prefab,,False,True,200,,"[]",False,"[{""item"":""material_cell"",""num"":7},{""item"":""material_gear"",""num"":7},{""item"":""material_magic_purple"",""num"":4}]","[]","[]","[{""talentName"":""MasterShotgun"",""bindingScript"":""WModCount"",""keyValueList"":[{""key"":""buffCount"",""type"":""System.Int32"",""value"":""1""}],""customData"":"""",""autoBindScript"":false},{""talentName"":""MasterContinuous"",""bindingScript"":""WModContinuousCount"",""keyValueList"":[{""key"":""buffContinuousCount"",""type"":""System.Int32"",""value"":""1""}],""customData"":"""",""autoBindScript"":false},{""talentName"":""MasterLaser"",""bindingScript"":""WModMasterLaser"",""keyValueList"":[{""key"":""buffAtk"",""type"":""System.Int32"",""value"":""0""},{""key"":""buffScale"",""type"":""System.Single"",""value"":""1.3""}],""customData"":"""",""autoBindScript"":false},{""talentName"":""SkillCd"",""bindingScript"":"""",""keyValueList"":[],""customData"":"""",""autoBindScript"":false},{""talentName"":""MasterSpeedAtk"",""bindingScript"":"""",""keyValueList"":[],""customData"":"""",""autoBindScript"":false}]"
weapon_392,RGPrefab/Weapon/weapon_392.prefab,,False,True,100,,"[]",False,"[{""item"":""material_wood"",""num"":1},{""item"":""material_iron"",""num"":2}]","[]","[]","[{""talentName"":""MasterAccurate"",""bindingScript"":""WModDeviation"",""keyValueList"":[{""key"":""buffDeviation"",""type"":""System.Int32"",""value"":""-7""}],""customData"":"""",""autoBindScript"":true},{""talentName"":""MasterContinuous"",""bindingScript"":""WModContinuousCount"",""keyValueList"":[{""key"":""buffContinuousCount"",""type"":""System.Int32"",""value"":""1""}],""customData"":"""",""autoBindScript"":true},{""talentName"":""MasterHold"",""bindingScript"":""WModHoldSpeed"",""keyValueList"":[{""key"":""buffSpeedFactor"",""type"":""System.Single"",""value"":""2""}],""customData"":"""",""autoBindScript"":true},{""talentName"":""MasterSwordRebound"",""bindingScript"":"""",""keyValueList"":[],""customData"":"""",""autoBindScript"":false}]"
weapon_393,RGPrefab/Weapon/weapon_393.prefab,,True,True,100,,"[]",False,"[{""item"":""material_wood"",""num"":10},{""item"":""material_magic_green"",""num"":1}]","[]","[]","[{""talentName"":""MasterAccurate"",""bindingScript"":""WModDeviation"",""keyValueList"":[{""key"":""buffDeviation"",""type"":""System.Int32"",""value"":""-10""}],""customData"":"""",""autoBindScript"":true},{""talentName"":""MasterReflection"",""bindingScript"":""WModReflection"",""keyValueList"":[{""key"":""buffReflectCount"",""type"":""System.Int32"",""value"":""1""}],""customData"":"""",""autoBindScript"":false},{""talentName"":""MasterSwordRebound"",""bindingScript"":"""",""keyValueList"":[],""customData"":"""",""autoBindScript"":false}]"
weapon_394,RGPrefab/Weapon/weapon_394.prefab,,True,True,100,,"[]",False,"[{""item"":""material_wood"",""num"":1},{""item"":""material_iron"",""num"":2}]","[]","[]","[{""talentName"":""MasterSwordRange"",""bindingScript"":""WModBulletSizeMelee"",""keyValueList"":[{""key"":""buffScale"",""type"":""System.Single"",""value"":""1.2""},{""key"":""levelScale"",""type"":""System.Single"",""value"":""1.1""}],""customData"":"""",""autoBindScript"":true},{""talentName"":""MasterSwordRebound"",""bindingScript"":"""",""keyValueList"":[],""customData"":"""",""autoBindScript"":false}]"
weapon_395,RGPrefab/Weapon/weapon_395.prefab,,True,True,100,,"[]",False,"[{""item"":""material_wood"",""num"":2},{""item"":""material_iron"",""num"":1}]","[]","[]","[{""talentName"":""MasterShotgun"",""bindingScript"":""WModCount"",""keyValueList"":[{""key"":""buffCount"",""type"":""System.Int32"",""value"":""1""}],""customData"":"""",""autoBindScript"":true},{""talentName"":""MasterAccurate"",""bindingScript"":""WModDeviation"",""keyValueList"":[{""key"":""buffDeviation"",""type"":""System.Int32"",""value"":""-7""}],""customData"":"""",""autoBindScript"":true},{""talentName"":""MasterStaff"",""bindingScript"":""WModAtkStaff"",""keyValueList"":[{""key"":""buffAtk"",""type"":""System.Int32"",""value"":""1""}],""customData"":"""",""autoBindScript"":true},{""talentName"":""ElementalStaff"",""bindingScript"":""WModAtkStaff"",""keyValueList"":[{""key"":""buffAtk"",""type"":""System.Int32"",""value"":""1""}],""customData"":"""",""autoBindScript"":true},{""talentName"":""MasterReflection"",""bindingScript"":""WModReflection"",""keyValueList"":[{""key"":""buffReflectCount"",""type"":""System.Int32"",""value"":""1""}],""customData"":"""",""autoBindScript"":false}]"
weapon_396,RGPrefab/Weapon/weapon_396.prefab,,True,True,100,,"[]",False,"[{""item"":""material_gear"",""num"":1},{""item"":""material_cell"",""num"":2}]","[]","[]","[{""talentName"":""MasterShotgun"",""bindingScript"":""WModCount"",""keyValueList"":[{""key"":""buffCount"",""type"":""System.Int32"",""value"":""2""}],""customData"":"""",""autoBindScript"":true},{""talentName"":""MasterAccurate"",""bindingScript"":""WModDeviation"",""keyValueList"":[{""key"":""buffDeviation"",""type"":""System.Int32"",""value"":""-10""}],""customData"":"""",""autoBindScript"":true}]"
weapon_397,RGPrefab/Weapon/weapon_397.prefab,,True,True,100,,"[]",False,"[{""item"":""material_magic_green"",""num"":1},{""item"":""material_magic_red"",""num"":1},{""item"":""material_magic_blue"",""num"":1}]","[]","[]","[{""talentName"":""MasterShotgun"",""bindingScript"":""WModCount"",""keyValueList"":[{""key"":""buffCount"",""type"":""System.Int32"",""value"":""2""}],""customData"":"""",""autoBindScript"":true},{""talentName"":""MasterAccurate"",""bindingScript"":""WModDeviation"",""keyValueList"":[{""key"":""buffDeviation"",""type"":""System.Int32"",""value"":""-7""}],""customData"":"""",""autoBindScript"":true}]"
weapon_398,RGPrefab/Weapon/weapon_398.prefab,,True,True,150,,"[]",False,"[{""item"":""material_iron"",""num"":5},{""item"":""material_magic_orange"",""num"":1},{""item"":""material_magic_red"",""num"":1}]","[]","[]","[{""talentName"":""MasterReflection"",""bindingScript"":""WModReflection"",""keyValueList"":[{""key"":""buffReflectCount"",""type"":""System.Int32"",""value"":""1""}],""customData"":"""",""autoBindScript"":false}]"
weapon_399,RGPrefab/Weapon/weapon_399.prefab,,False,True,100,,"[]",False,"[{""item"":""material_wood"",""num"":10},{""item"":""material_magic_green"",""num"":1}]","[]","[]","[{""talentName"":""MasterAccurate"",""bindingScript"":""WModDeviation"",""keyValueList"":[{""key"":""buffDeviation"",""type"":""System.Int32"",""value"":""-10""}],""customData"":"""",""autoBindScript"":true}]"
weapon_400,RGPrefab/Weapon/weapon_400.prefab,,False,True,200,,"[]",False,"[{""item"":""material_iron"",""num"":8},{""item"":""material_battery"",""num"":8},{""item"":""material_magic_black"",""num"":3}]","[]","[]","[{""talentName"":""MasterShotgun"",""bindingScript"":""WModCount"",""keyValueList"":[{""key"":""buffCount"",""type"":""System.Int32"",""value"":""2""}],""customData"":"""",""autoBindScript"":true},{""talentName"":""MasterContinuous"",""bindingScript"":""WModContinuousCount"",""keyValueList"":[{""key"":""buffContinuousCount"",""type"":""System.Int32"",""value"":""1""}],""customData"":"""",""autoBindScript"":true},{""talentName"":""MasterHold"",""bindingScript"":""WModHoldSpeed"",""keyValueList"":[{""key"":""buffSpeedFactor"",""type"":""System.Single"",""value"":""2""}],""customData"":"""",""autoBindScript"":true},{""talentName"":""MasterSwordRange"",""bindingScript"":""WModBulletSizeMelee"",""keyValueList"":[{""key"":""buffScale"",""type"":""System.Single"",""value"":""1.2""},{""key"":""levelScale"",""type"":""System.Single"",""value"":""1.1""}],""customData"":"""",""autoBindScript"":true},{""talentName"":""MasterLaser"",""bindingScript"":""WModMasterLaser"",""keyValueList"":[{""key"":""buffAtk"",""type"":""System.Int32"",""value"":""0""},{""key"":""buffScale"",""type"":""System.Single"",""value"":""0""}],""customData"":"""",""autoBindScript"":false},{""talentName"":""MasterReflection"",""bindingScript"":""WModReflection"",""keyValueList"":[{""key"":""buffReflectCount"",""type"":""System.Int32"",""value"":""0""}],""customData"":"""",""autoBindScript"":false},{""talentName"":""MasterSwordRebound"",""bindingScript"":"""",""keyValueList"":[],""customData"":"""",""autoBindScript"":false}]"
weapon_401,RGPrefab/Weapon/weapon_401.prefab,,False,True,100,,"[]",False,"[{""item"":""material_iron"",""num"":3},{""item"":""material_gear"",""num"":3},{""item"":""material_battery"",""num"":2},{""item"":""material_magic_blue"",""num"":1}]","[]","[]","[{""talentName"":""MasterAccurate"",""bindingScript"":""WModDeviation"",""keyValueList"":[{""key"":""buffDeviation"",""type"":""System.Int32"",""value"":""-7""}],""customData"":"""",""autoBindScript"":true},{""talentName"":""MasterContinuous"",""bindingScript"":""WModContinuousCount"",""keyValueList"":[{""key"":""buffContinuousCount"",""type"":""System.Int32"",""value"":""1""}],""customData"":"""",""autoBindScript"":true},{""talentName"":""MasterReflection"",""bindingScript"":""WModReflection"",""keyValueList"":[{""key"":""buffReflectCount"",""type"":""System.Int32"",""value"":""1""}],""customData"":"""",""autoBindScript"":false}]"
weapon_402,RGPrefab/Weapon/weapon_402.prefab,,False,True,100,,"[]",False,"[{""item"":""material_iron"",""num"":3},{""item"":""material_gear"",""num"":3},{""item"":""material_battery"",""num"":2},{""item"":""material_magic_blue"",""num"":1}]","[]","[]","[{""talentName"":""MasterContinuous"",""bindingScript"":""WModContinuousCount"",""keyValueList"":[{""key"":""buffContinuousCount"",""type"":""System.Int32"",""value"":""1""}],""customData"":"""",""autoBindScript"":true},{""talentName"":""MasterAccurate"",""bindingScript"":""WModDeviation"",""keyValueList"":[{""key"":""buffDeviation"",""type"":""System.Int32"",""value"":""-7""}],""customData"":"""",""autoBindScript"":true},{""talentName"":""MasterSwordRebound"",""bindingScript"":"""",""keyValueList"":[],""customData"":"""",""autoBindScript"":false}]"
weapon_403,RGPrefab/Weapon/weapon_403.prefab,,False,True,100,,"[]",False,"[{""item"":""material_iron"",""num"":3},{""item"":""material_gear"",""num"":3},{""item"":""material_battery"",""num"":2},{""item"":""material_magic_blue"",""num"":1}]","[]","[]","[]"
weapon_404,RGPrefab/Weapon/weapon_404.prefab,,False,True,100,,"[]",False,"[{""item"":""material_iron"",""num"":2},{""item"":""material_wood"",""num"":2},{""item"":""material_battery"",""num"":4},{""item"":""material_magic_blue"",""num"":1}]","[]","[]","[{""talentName"":""MasterSwordRange"",""bindingScript"":""WModBulletSizeMelee"",""keyValueList"":[{""key"":""buffScale"",""type"":""System.Single"",""value"":""1.2""},{""key"":""levelScale"",""type"":""System.Single"",""value"":""1.1""}],""customData"":"""",""autoBindScript"":true},{""talentName"":""MasterSwordRebound"",""bindingScript"":"""",""keyValueList"":[],""customData"":"""",""autoBindScript"":false}]"
weapon_405,RGPrefab/Weapon/weapon_405.prefab,,False,True,100,,"[]",False,"[{""item"":""material_iron"",""num"":3},{""item"":""material_gear"",""num"":3},{""item"":""material_battery"",""num"":2},{""item"":""material_magic_blue"",""num"":1}]","[]","[]","[{""talentName"":""MasterSwordRebound"",""bindingScript"":"""",""keyValueList"":[],""customData"":"""",""autoBindScript"":false}]"
weapon_406,RGPrefab/Weapon/weapon_406.prefab,,False,True,100,,"[]",False,"[{""item"":""material_gear"",""num"":3},{""item"":""material_battery"",""num"":5},{""item"":""material_magic_cyan"",""num"":1},{""item"":""material_magic_orange"",""num"":1}]","[]","[]","[{""talentName"":""MasterAccurate"",""bindingScript"":""WModDeviation"",""keyValueList"":[{""key"":""buffDeviation"",""type"":""System.Int32"",""value"":""-10""}],""customData"":"""",""autoBindScript"":true},{""talentName"":""MasterContinuous"",""bindingScript"":""WModContinuousCount"",""keyValueList"":[{""key"":""buffContinuousCount"",""type"":""System.Int32"",""value"":""1""}],""customData"":"""",""autoBindScript"":true},{""talentName"":""MasterReflection"",""bindingScript"":""WModReflection"",""keyValueList"":[{""key"":""buffReflectCount"",""type"":""System.Int32"",""value"":""1""}],""customData"":"""",""autoBindScript"":true},{""talentName"":""MasterLaser"",""bindingScript"":""WModMasterLaser"",""keyValueList"":[{""key"":""buffAtk"",""type"":""System.Int32"",""value"":""1""},{""key"":""buffScale"",""type"":""System.Single"",""value"":""2""}],""customData"":"""",""autoBindScript"":true}]"
weapon_407,RGPrefab/Weapon/weapon_407.prefab,,False,True,100,,"[]",False,"[{""item"":""material_iron"",""num"":1},{""item"":""material_wood"",""num"":1}]","[]","[]","[{""talentName"":""MasterAccurate"",""bindingScript"":""WModDeviation"",""keyValueList"":[{""key"":""buffDeviation"",""type"":""System.Int32"",""value"":""-10""}],""customData"":"""",""autoBindScript"":true}]"
weapon_408,RGPrefab/Weapon/weapon_408.prefab,,False,True,100,,"[]",False,"[{""item"":""material_cell"",""num"":3},{""item"":""material_magic_blue"",""num"":1}]","[]","[]","[{""talentName"":""MasterAccurate"",""bindingScript"":""WModDeviation"",""keyValueList"":[{""key"":""buffDeviation"",""type"":""System.Int32"",""value"":""-10""}],""customData"":"""",""autoBindScript"":true}]"
weapon_409,RGPrefab/Weapon/weapon_409.prefab,,False,True,100,,"[]",False,"[{""item"":""material_iron"",""num"":12},{""item"":""material_gear"",""num"":12},{""item"":""material_magic_orange"",""num"":2}]","[]","[]","[{""talentName"":""MasterShotgun"",""bindingScript"":""WModCount"",""keyValueList"":[{""key"":""buffCount"",""type"":""System.Int32"",""value"":""2""}],""customData"":"""",""autoBindScript"":true},{""talentName"":""MasterAccurate"",""bindingScript"":""WModDeviation"",""keyValueList"":[{""key"":""buffDeviation"",""type"":""System.Int32"",""value"":""-7""}],""customData"":"""",""autoBindScript"":true}]"
weapon_410,RGPrefab/Weapon/weapon_410.prefab,,False,True,200,,"[]",False,"[{""item"":""material_iron"",""num"":7},{""item"":""material_gear"",""num"":7},{""item"":""material_battery"",""num"":4},{""item"":""material_magic_purple"",""num"":5}]","[]","[]","[{""talentName"":""MasterHold"",""bindingScript"":""WModHoldSpeed"",""keyValueList"":[{""key"":""buffSpeedFactor"",""type"":""System.Single"",""value"":""2""}],""customData"":"""",""autoBindScript"":true},{""talentName"":""MasterSwordRange"",""bindingScript"":""WModBulletSizeMelee"",""keyValueList"":[{""key"":""buffScale"",""type"":""System.Single"",""value"":""1.2""},{""key"":""levelScale"",""type"":""System.Single"",""value"":""1.1""}],""customData"":"""",""autoBindScript"":true},{""talentName"":""MasterSwordRebound"",""bindingScript"":"""",""keyValueList"":[],""customData"":"""",""autoBindScript"":false}]"
weapon_411,RGPrefab/Weapon/weapon_411.prefab,,False,False,0,,"[]",False,"[{""item"":""material_wood"",""num"":3},{""item"":""material_cell"",""num"":5},{""item"":""material_magic_green"",""num"":1}]","[]","[]","[{""talentName"":""MasterAccurate"",""bindingScript"":""WModDeviation"",""keyValueList"":[{""key"":""buffDeviation"",""type"":""System.Int32"",""value"":""-10""}],""customData"":"""",""autoBindScript"":true}]"
weapon_412,RGPrefab/Weapon/weapon_412.prefab,,False,True,100,,"[]",False,"[{""item"":""material_iron"",""num"":1},{""item"":""material_wood"",""num"":2}]","[]","[]","[{""talentName"":""MasterAccurate"",""bindingScript"":""WModDeviation"",""keyValueList"":[{""key"":""buffDeviation"",""type"":""System.Int32"",""value"":""-10""}],""customData"":"""",""autoBindScript"":true}]"
weapon_413,RGPrefab/Weapon/weapon_413.prefab,,False,True,100,,"[]",False,"[{""item"":""material_wood"",""num"":10},{""item"":""material_magic_blue"",""num"":5}]","[]","[]","[]"
weapon_414,RGPrefab/Weapon/weapon_414.prefab,,False,True,100,,"[]",False,"[{""item"":""material_battery"",""num"":4},{""item"":""material_gear"",""num"":4}]","[]","[]","[{""talentName"":""MasterShotgun"",""bindingScript"":""WModCount"",""keyValueList"":[{""key"":""buffCount"",""type"":""System.Int32"",""value"":""2""}],""customData"":"""",""autoBindScript"":true},{""talentName"":""MasterAccurate"",""bindingScript"":""WModDeviation"",""keyValueList"":[{""key"":""buffDeviation"",""type"":""System.Int32"",""value"":""-7""}],""customData"":"""",""autoBindScript"":true},{""talentName"":""MasterStaff"",""bindingScript"":""WModAtkStaff"",""keyValueList"":[{""key"":""buffAtk"",""type"":""System.Int32"",""value"":""1""}],""customData"":"""",""autoBindScript"":true},{""talentName"":""ElementalStaff"",""bindingScript"":""WModAtkStaff"",""keyValueList"":[{""key"":""buffAtk"",""type"":""System.Int32"",""value"":""1""}],""customData"":"""",""autoBindScript"":true},{""talentName"":""MasterReflection"",""bindingScript"":""WModReflection"",""keyValueList"":[{""key"":""buffReflectCount"",""type"":""System.Int32"",""value"":""1""}],""customData"":"""",""autoBindScript"":false},{""talentName"":""MasterHold"",""bindingScript"":""WModHoldSpeed"",""keyValueList"":[{""key"":""buffSpeedFactor"",""type"":""System.Single"",""value"":""2""}],""customData"":"""",""autoBindScript"":true}]"
weapon_415,RGPrefab/Weapon/weapon_415.prefab,,False,True,100,,"[]",False,"[{""item"":""material_wood"",""num"":10},{""item"":""material_magic_blue"",""num"":5}]","[]","[]","[{""talentName"":""MasterShotgun"",""bindingScript"":""WModCount"",""keyValueList"":[{""key"":""buffCount"",""type"":""System.Int32"",""value"":""2""}],""customData"":"""",""autoBindScript"":true},{""talentName"":""MasterAccurate"",""bindingScript"":""WModDeviation"",""keyValueList"":[{""key"":""buffDeviation"",""type"":""System.Int32"",""value"":""-7""}],""customData"":"""",""autoBindScript"":true}]"
weapon_416,RGPrefab/Weapon/weapon_416.prefab,,False,False,0,,"[]",False,"[{""item"":""material_battery"",""num"":4},{""item"":""material_gear"",""num"":4}]","[]","[]","[]"
weapon_417,RGPrefab/Weapon/weapon_417.prefab,,False,True,200,,"[]",False,"[{""item"":""material_iron"",""num"":7},{""item"":""material_gear"",""num"":7},{""item"":""material_battery"",""num"":4},{""item"":""material_magic_purple"",""num"":5}]","[]","[]","[{""talentName"":""MasterStaff"",""bindingScript"":""WModAtkStaff"",""keyValueList"":[{""key"":""buffAtk"",""type"":""System.Int32"",""value"":""1""}],""customData"":"""",""autoBindScript"":true},{""talentName"":""ElementalStaff"",""bindingScript"":""WModAtkStaff"",""keyValueList"":[{""key"":""buffAtk"",""type"":""System.Int32"",""value"":""1""}],""customData"":"""",""autoBindScript"":true},{""talentName"":""MasterContinuous"",""bindingScript"":""WModContinuousCount"",""keyValueList"":[{""key"":""buffContinuousCount"",""type"":""System.Int32"",""value"":""1""}],""customData"":"""",""autoBindScript"":true}]"
weapon_900,RGPrefab/Weapon/weapon_900.prefab,,False,True,0,,"[]",False,"[{""item"":""material_wood"",""num"":1},{""item"":""material_cell"",""num"":2}]","[]","[]","[{""talentName"":""MasterSwordRange"",""bindingScript"":""WModBulletSizeMelee"",""keyValueList"":[{""key"":""buffScale"",""type"":""System.Single"",""value"":""1.2""},{""key"":""levelScale"",""type"":""System.Single"",""value"":""1.1""}],""customData"":"""",""autoBindScript"":true},{""talentName"":""MasterSwordRebound"",""bindingScript"":"""",""keyValueList"":[],""customData"":"""",""autoBindScript"":false}]"
weapon_901,RGPrefab/Weapon/weapon_901.prefab,,False,True,100,,"[]",False,"[{""item"":""material_wood"",""num"":6}]","[]","[]","[{""talentName"":""MasterShotgun"",""bindingScript"":""WModCount"",""keyValueList"":[{""key"":""buffCount"",""type"":""System.Int32"",""value"":""2""}],""customData"":"""",""autoBindScript"":true},{""talentName"":""MasterAccurate"",""bindingScript"":""WModDeviation"",""keyValueList"":[{""key"":""buffDeviation"",""type"":""System.Int32"",""value"":""-7""}],""customData"":"""",""autoBindScript"":true},{""talentName"":""MasterSwordRange"",""bindingScript"":""WModBulletSizeMelee"",""keyValueList"":[{""key"":""buffScale"",""type"":""System.Single"",""value"":""1.2""},{""key"":""levelScale"",""type"":""System.Single"",""value"":""1.1""}],""customData"":"""",""autoBindScript"":true},{""talentName"":""MasterSwordRebound"",""bindingScript"":"""",""keyValueList"":[],""customData"":"""",""autoBindScript"":false}]"
weapon_902,RGPrefab/Weapon/weapon_902.prefab,,False,True,50,,"[{""equipment"":""wi10_flame_stone""},{""equipment"":""wi9_energy_stone""},{""equipment"":""wi6_spiralcoil""},{""equipment"":""wi6_spiralcoil_4""}]",True,"[{""item"":""material_wood"",""num"":2},{""item"":""material_gear"",""num"":2},{""item"":""material_iron"",""num"":2}]","[]","[]","[{""talentName"":""MasterShotgun"",""bindingScript"":""WModCount"",""keyValueList"":[{""key"":""buffCount"",""type"":""System.Int32"",""value"":""2""}],""customData"":"""",""autoBindScript"":true},{""talentName"":""MasterAccurate"",""bindingScript"":""WModDeviation"",""keyValueList"":[{""key"":""buffDeviation"",""type"":""System.Int32"",""value"":""-7""}],""customData"":"""",""autoBindScript"":true},{""talentName"":""MasterHold"",""bindingScript"":""WModHoldSpeed"",""keyValueList"":[{""key"":""buffSpeedFactor"",""type"":""System.Single"",""value"":""2""}],""customData"":"""",""autoBindScript"":true}]"
weapon_903,RGPrefab/Weapon/weapon_903.prefab,,False,True,100,,"[{""equipment"":""wi10_flame_stone""},{""equipment"":""wi9_energy_stone""},{""equipment"":""wi6_spiralcoil""},{""equipment"":""wi6_spiralcoil_4""}]",True,"[{""item"":""material_wood"",""num"":10},{""item"":""material_magic_red"",""num"":2}]","[]","[]","[{""talentName"":""MasterShotgun"",""bindingScript"":""WModCount"",""keyValueList"":[{""key"":""buffCount"",""type"":""System.Int32"",""value"":""2""}],""customData"":"""",""autoBindScript"":true},{""talentName"":""MasterAccurate"",""bindingScript"":""WModDeviation"",""keyValueList"":[{""key"":""buffDeviation"",""type"":""System.Int32"",""value"":""-7""}],""customData"":"""",""autoBindScript"":true},{""talentName"":""MasterHold"",""bindingScript"":""WModHoldSpeed"",""keyValueList"":[{""key"":""buffSpeedFactor"",""type"":""System.Single"",""value"":""2""}],""customData"":"""",""autoBindScript"":true}]"
weapon_amazing_staff,ModeSandbox/Prefabs/Weapons/weapon_amazing_staff.prefab,,False,False,0,,"[]",False,"[]","[]","[]","[]"
weapon_banana,RGPrefab/Weapon/coop/weapon_banana.prefab,,False,False,0,,"[]",False,"[{""item"":""material_cell"",""num"":1}]","[]","[]","[{""talentName"":""MasterShotgun"",""bindingScript"":""WModCount"",""keyValueList"":[{""key"":""buffCount"",""type"":""System.Int32"",""value"":""2""}],""customData"":"""",""autoBindScript"":true},{""talentName"":""MasterAccurate"",""bindingScript"":""WModDeviation"",""keyValueList"":[{""key"":""buffDeviation"",""type"":""System.Int32"",""value"":""-6""}],""customData"":"""",""autoBindScript"":true},{""talentName"":""MasterHold"",""bindingScript"":""WModHoldSpeed"",""keyValueList"":[{""key"":""buffSpeedFactor"",""type"":""System.Single"",""value"":""2""}],""customData"":"""",""autoBindScript"":true}]"
weapon_bladefish,RGPrefab/Weapon/weapon_bladefish.prefab,,False,True,0,,"[]",False,"[{""item"":""material_iron"",""num"":3}]","[]","[]","[{""talentName"":""MasterSwordRange"",""bindingScript"":""WModBulletSizeMelee"",""keyValueList"":[{""key"":""buffScale"",""type"":""System.Single"",""value"":""1.2""},{""key"":""levelScale"",""type"":""System.Single"",""value"":""1.1""}],""customData"":"""",""autoBindScript"":true},{""talentName"":""MasterSwordRebound"",""bindingScript"":"""",""keyValueList"":[],""customData"":"""",""autoBindScript"":false}]"
weapon_boss_void_origin,RGPrefab/Weapon/weapon_boss_void_origin.prefab,,False,False,0,,"[]",False,"[{""item"":""material_cell"",""num"":6},{""item"":""material_iron"",""num"":6},{""item"":""material_wood"",""num"":6},{""item"":""material_magic_purple"",""num"":1}]","[]","[]","[]"
weapon_boss_year_beast,RGPrefab/Weapon/weapon_boss_year_beast.prefab,,False,True,200,,"[]",False,"[{""item"":""material_fertilize"",""num"":2},{""item"":""material_iron"",""num"":2},{""item"":""material_magic_red"",""num"":1}]","[]","[]","[{""talentName"":""MasterAccurate"",""bindingScript"":""WModDeviation"",""keyValueList"":[{""key"":""buffDeviation"",""type"":""System.Int32"",""value"":""-7""}],""customData"":"""",""autoBindScript"":true},{""talentName"":""MasterHold"",""bindingScript"":""WModHoldSpeed"",""keyValueList"":[{""key"":""buffSpeedFactor"",""type"":""System.Single"",""value"":""2""}],""customData"":"""",""autoBindScript"":true},{""talentName"":""MasterReflection"",""bindingScript"":""WModReflection"",""keyValueList"":[{""key"":""buffReflectCount"",""type"":""System.Int32"",""value"":""1""}],""customData"":"""",""autoBindScript"":false}]"
weapon_bossrushfinal,RGPrefab/Weapon/weapon_bossrushfinal.prefab,,True,True,200,,"[]",False,"[{""item"":""material_iron"",""num"":3},{""item"":""material_wood"",""num"":3},{""item"":""material_magic_red"",""num"":3}]","[]","[]","[{""talentName"":""MasterLaser"",""bindingScript"":""WModMasterLaser"",""keyValueList"":[{""key"":""buffAtk"",""type"":""System.Int32"",""value"":""1""},{""key"":""buffScale"",""type"":""System.Single"",""value"":""1.5""}],""customData"":"""",""autoBindScript"":true},{""talentName"":""MasterHold"",""bindingScript"":""WModHoldSpeed"",""keyValueList"":[{""key"":""buffSpeedFactor"",""type"":""System.Single"",""value"":""2""}],""customData"":"""",""autoBindScript"":true},{""talentName"":""MasterReflection"",""bindingScript"":""WModReflection"",""keyValueList"":[{""key"":""buffReflectCount"",""type"":""System.Int32"",""value"":""1""}],""customData"":"""",""autoBindScript"":true},{""talentName"":""MasterSwordRange"",""bindingScript"":""WModBulletSizeMelee"",""keyValueList"":[{""key"":""buffScale"",""type"":""System.Single"",""value"":""1.2""},{""key"":""levelScale"",""type"":""System.Single"",""value"":""1.1""}],""customData"":"""",""autoBindScript"":true},{""talentName"":""MasterSwordRebound"",""bindingScript"":"""",""keyValueList"":[],""customData"":"""",""autoBindScript"":false}]"
weapon_bossrushfinalA,RGPrefab/Weapon/weapon_bossrushfinalA.prefab,,True,True,200,,"[]",False,"[{""item"":""material_iron"",""num"":3},{""item"":""material_wood"",""num"":3},{""item"":""material_magic_purple"",""num"":3}]","[]","[]","[{""talentName"":""MasterHold"",""bindingScript"":""WModHoldSpeed"",""keyValueList"":[{""key"":""buffSpeedFactor"",""type"":""System.Single"",""value"":""2""}],""customData"":"""",""autoBindScript"":true},{""talentName"":""MasterSwordRange"",""bindingScript"":""WModBulletSizeMelee"",""keyValueList"":[{""key"":""buffScale"",""type"":""System.Single"",""value"":""1.2""},{""key"":""levelScale"",""type"":""System.Single"",""value"":""1.1""}],""customData"":"""",""autoBindScript"":true},{""talentName"":""MasterSwordRebound"",""bindingScript"":"""",""keyValueList"":[],""customData"":"""",""autoBindScript"":false}]"
weapon_bossrushfinalB,RGPrefab/Weapon/weapon_bossrushfinalB.prefab,,True,True,200,,"[]",False,"[{""item"":""material_iron"",""num"":3},{""item"":""material_wood"",""num"":3},{""item"":""material_magic_black"",""num"":3}]","[]","[]","[{""talentName"":""MasterHold"",""bindingScript"":""WModHoldSpeed"",""keyValueList"":[{""key"":""buffSpeedFactor"",""type"":""System.Single"",""value"":""2""}],""customData"":"""",""autoBindScript"":true},{""talentName"":""MasterSwordRange"",""bindingScript"":""WModBulletSizeMelee"",""keyValueList"":[{""key"":""buffScale"",""type"":""System.Single"",""value"":""1.2""},{""key"":""levelScale"",""type"":""System.Single"",""value"":""1.1""}],""customData"":"""",""autoBindScript"":true},{""talentName"":""MasterSwordRebound"",""bindingScript"":"""",""keyValueList"":[],""customData"":"""",""autoBindScript"":false}]"
weapon_box,ModeSandbox/Prefabs/Weapons/weapon_box.prefab,,False,False,0,,"[]",False,"[]","[]","[]","[]"
weapon_box_dummy,ModeSandbox/Prefabs/Weapons/weapon_box_dummy.prefab,,False,False,0,,"[]",False,"[]","[]","[]","[]"
weapon_box_dummy_char,ModeSandbox/Prefabs/Weapons/weapon_box_dummy_char.prefab,,False,False,0,,"[]",False,"[]","[]","[]","[]"
weapon_cg_0,RGPrefab/Weapon/weapon_cg_0.prefab,,False,True,50,,"[]",False,"[{""item"":""material_iron"",""num"":3},{""item"":""material_wood"",""num"":2}]","[]","[]","[{""talentName"":""MasterAccurate"",""bindingScript"":""WModDeviation"",""keyValueList"":[{""key"":""buffDeviation"",""type"":""System.Int32"",""value"":""-10""}],""customData"":"""",""autoBindScript"":true},{""talentName"":""MasterReflection"",""bindingScript"":""WModReflection"",""keyValueList"":[{""key"":""buffReflectCount"",""type"":""System.Int32"",""value"":""1""}],""customData"":"""",""autoBindScript"":false}]"
weapon_cg_1,RGPrefab/Weapon/weapon_cg_1.prefab,,False,True,100,,"[]",False,"[{""item"":""material_wood"",""num"":4},{""item"":""material_iron"",""num"":6}]","[]","[]","[{""talentName"":""MasterAccurate"",""bindingScript"":""WModDeviation"",""keyValueList"":[{""key"":""buffDeviation"",""type"":""System.Int32"",""value"":""-10""}],""customData"":"""",""autoBindScript"":true},{""talentName"":""MasterReflection"",""bindingScript"":""WModReflection"",""keyValueList"":[{""key"":""buffReflectCount"",""type"":""System.Int32"",""value"":""1""}],""customData"":"""",""autoBindScript"":false}]"
weapon_cg_2,RGPrefab/Weapon/weapon_cg_2.prefab,,False,True,150,,"[]",False,"[{""item"":""material_iron"",""num"":5},{""item"":""material_magic_cyan"",""num"":1},{""item"":""material_magic_blue"",""num"":1}]","[]","[]","[{""talentName"":""MasterAccurate"",""bindingScript"":""WModDeviation"",""keyValueList"":[{""key"":""buffDeviation"",""type"":""System.Int32"",""value"":""-10""}],""customData"":"""",""autoBindScript"":true},{""talentName"":""MasterLaser"",""bindingScript"":""WModMasterLaser"",""keyValueList"":[{""key"":""buffAtk"",""type"":""System.Int32"",""value"":""1""},{""key"":""buffScale"",""type"":""System.Single"",""value"":""2""}],""customData"":"""",""autoBindScript"":true}]"
weapon_cg_3,RGPrefab/Weapon/weapon_cg_3.prefab,,False,True,100,,"[]",False,"[{""item"":""material_iron"",""num"":5},{""item"":""material_gear"",""num"":5},{""item"":""material_magic_purple"",""num"":1}]","[]","[]","[{""talentName"":""MasterSwordRange"",""bindingScript"":""WModBulletSizeMelee"",""keyValueList"":[{""key"":""buffScale"",""type"":""System.Single"",""value"":""1.2""},{""key"":""levelScale"",""type"":""System.Single"",""value"":""1.1""}],""customData"":"""",""autoBindScript"":true},{""talentName"":""MasterSwordRebound"",""bindingScript"":"""",""keyValueList"":[],""customData"":"""",""autoBindScript"":false}]"
weapon_coop_tennis,RGPrefab/Weapon/coop/weapon_coop_tennis.prefab,,False,False,0,,"[]",False,"[{""item"":""material_wood"",""num"":1}]","[]","[]","[{""talentName"":""MasterSwordRange"",""bindingScript"":""WModBulletSizeMelee"",""keyValueList"":[{""key"":""buffScale"",""type"":""System.Single"",""value"":""1.2""},{""key"":""levelScale"",""type"":""System.Single"",""value"":""1.1""}],""customData"":"""",""autoBindScript"":true},{""talentName"":""MasterReflection"",""bindingScript"":""WModReflection"",""keyValueList"":[{""key"":""buffReflectCount"",""type"":""System.Int32"",""value"":""1""}],""customData"":"""",""autoBindScript"":false},{""talentName"":""MasterSwordRebound"",""bindingScript"":"""",""keyValueList"":[],""customData"":"""",""autoBindScript"":false}]"
weapon_crabclaw,RGPrefab/Weapon/weapon_crabclaw.prefab,,False,True,0,,"[]",False,"[{""item"":""material_iron"",""num"":3}]","[]","[]","[{""talentName"":""MasterSwordRange"",""bindingScript"":""WModBulletSizeMelee"",""keyValueList"":[{""key"":""buffScale"",""type"":""System.Single"",""value"":""1.2""},{""key"":""levelScale"",""type"":""System.Single"",""value"":""1.1""}],""customData"":"""",""autoBindScript"":true},{""talentName"":""MasterSwordRebound"",""bindingScript"":"""",""keyValueList"":[],""customData"":"""",""autoBindScript"":false}]"
weapon_deepwaterlaserfish,RGPrefab/Weapon/weapon_deepwaterlaserfish.prefab,,False,True,0,,"[]",False,"[{""item"":""material_iron"",""num"":3}]","[]","[]","[{""talentName"":""MasterShotgun"",""bindingScript"":""WModCount"",""keyValueList"":[{""key"":""buffCount"",""type"":""System.Int32"",""value"":""2""}],""customData"":"""",""autoBindScript"":true},{""talentName"":""MasterAccurate"",""bindingScript"":""WModDeviation"",""keyValueList"":[{""key"":""buffDeviation"",""type"":""System.Int32"",""value"":""-7""}],""customData"":"""",""autoBindScript"":true},{""talentName"":""MasterLaser"",""bindingScript"":""WModMasterLaser"",""keyValueList"":[{""key"":""buffAtk"",""type"":""System.Int32"",""value"":""0""},{""key"":""buffScale"",""type"":""System.Single"",""value"":""2""}],""customData"":"""",""autoBindScript"":true},{""talentName"":""MasterReflection"",""bindingScript"":""WModReflection"",""keyValueList"":[{""key"":""buffReflectCount"",""type"":""System.Int32"",""value"":""1""}],""customData"":"""",""autoBindScript"":true}]"
weapon_destructor,ModeSandbox/Prefabs/Weapons/weapon_destructor.prefab,,False,False,0,,"[]",False,"[]","[]","[]","[]"
weapon_fel_fabric,RGPrefab/Weapon/weapon_fel_fabric.prefab,,True,True,200,,"[{""equipment"":""wi15_auto""}]",False,"[{""item"":""material_cell"",""num"":3},{""item"":""material_wood"",""num"":3},{""item"":""material_magic_green"",""num"":3}]","[]","[]","[{""talentName"":""MasterAccurate"",""bindingScript"":""WModDeviation"",""keyValueList"":[{""key"":""buffDeviation"",""type"":""System.Int32"",""value"":""-15""}],""customData"":"""",""autoBindScript"":true},{""talentName"":""MasterShotgun"",""bindingScript"":""WModCount"",""keyValueList"":[{""key"":""buffCount"",""type"":""System.Int32"",""value"":""2""}],""customData"":"""",""autoBindScript"":false},{""talentName"":""MasterReflection"",""bindingScript"":""WModReflection"",""keyValueList"":[{""key"":""buffReflectCount"",""type"":""System.Int32"",""value"":""1""}],""customData"":"""",""autoBindScript"":false}]"
weapon_fertilizer,RGPrefab/Weapon/weapon_fertilizer.prefab,,False,True,0,,"[]",False,"[{""item"":""material_cell"",""num"":6}]","[]","[]","[{""talentName"":""MasterShotgun"",""bindingScript"":""WModCount"",""keyValueList"":[{""key"":""buffCount"",""type"":""System.Int32"",""value"":""2""}],""customData"":"""",""autoBindScript"":true},{""talentName"":""MasterAccurate"",""bindingScript"":""WModDeviation"",""keyValueList"":[{""key"":""buffDeviation"",""type"":""System.Int32"",""value"":""-7""}],""customData"":"""",""autoBindScript"":true},{""talentName"":""MasterReflection"",""bindingScript"":""WModReflection"",""keyValueList"":[{""key"":""buffReflectCount"",""type"":""System.Int32"",""value"":""1""}],""customData"":"""",""autoBindScript"":false}]"
weapon_fish_rod_a,RGPrefab/Weapon/weapon_fish_rod_a.prefab,,True,True,0,,"[]",False,"[{""item"":""material_wood"",""num"":1},{""item"":""material_cell"",""num"":1}]","[]","[]","[]"
weapon_fish_rod_b,RGPrefab/Weapon/weapon_fish_rod_b.prefab,,True,True,100,,"[]",False,"[{""item"":""material_wood"",""num"":2},{""item"":""material_cell"",""num"":1}]","[]","[]","[]"
weapon_fish_rod_c,RGPrefab/Weapon/weapon_fish_rod_c.prefab,,True,True,200,,"[]",False,"[{""item"":""material_iron"",""num"":1},{""item"":""material_cell"",""num"":1}]","[]","[]","[]"
weapon_fish_rod_d,RGPrefab/Weapon/weapon_fish_rod_d.prefab,,True,True,500,,"[]",False,"[{""item"":""material_iron"",""num"":2},{""item"":""material_cell"",""num"":1}]","[]","[]","[]"
weapon_globefish,RGPrefab/Weapon/weapon_globefish.prefab,,False,True,0,,"[]",False,"[{""item"":""material_iron"",""num"":3}]","[]","[]","[{""talentName"":""MasterShotgun"",""bindingScript"":""WModCount"",""keyValueList"":[{""key"":""buffCount"",""type"":""System.Int32"",""value"":""2""}],""customData"":"""",""autoBindScript"":true},{""talentName"":""MasterAccurate"",""bindingScript"":""WModDeviation"",""keyValueList"":[{""key"":""buffDeviation"",""type"":""System.Int32"",""value"":""-7""}],""customData"":"""",""autoBindScript"":true},{""talentName"":""MasterHold"",""bindingScript"":""WModHoldSpeed"",""keyValueList"":[{""key"":""buffSpeedFactor"",""type"":""System.Single"",""value"":""2""}],""customData"":"""",""autoBindScript"":true},{""talentName"":""MasterSwordRebound"",""bindingScript"":"""",""keyValueList"":[],""customData"":"""",""autoBindScript"":false}]"
weapon_gravity_source,ModeSandbox/Prefabs/Weapons/weapon_gravity_source.prefab,,False,False,0,,"[]",False,"[]","[]","[]","[]"
weapon_hammerhead,RGPrefab/Weapon/weapon_hammerhead.prefab,,False,True,0,,"[]",False,"[{""item"":""material_magic_blue"",""num"":1},{""item"":""material_cell"",""num"":5}]","[]","[]","[{""talentName"":""MasterSwordRange"",""bindingScript"":""WModBulletSizeMelee"",""keyValueList"":[{""key"":""buffScale"",""type"":""System.Single"",""value"":""1.2""},{""key"":""levelScale"",""type"":""System.Single"",""value"":""1.1""}],""customData"":"""",""autoBindScript"":true}]"
weapon_init_aigirl,RGPrefab/Weapon/init_weapon/weapon_init_aigirl.prefab,,False,True,50,,"[{""equipment"":""wi22_upgrade_kit""}]",False,"[{""item"":""material_iron"",""num"":3},{""item"":""material_wood"",""num"":3}]","[]","[]","[{""talentName"":""MasterAccurate"",""bindingScript"":""WModDeviation"",""keyValueList"":[{""key"":""buffDeviation"",""type"":""System.Int32"",""value"":""-10""}],""customData"":"""",""autoBindScript"":true},{""talentName"":""MasterReflection"",""bindingScript"":""WModReflection"",""keyValueList"":[{""key"":""buffReflectCount"",""type"":""System.Int32"",""value"":""1""}],""customData"":"""",""autoBindScript"":false}]"
weapon_init_aigirlx,RGPrefab/Weapon/init_weapon/weapon_init_aigirlx.prefab,,False,True,50,,"[]",False,"[{""item"":""material_iron"",""num"":3},{""item"":""material_wood"",""num"":3}]","[]","[]","[{""talentName"":""MasterAccurate"",""bindingScript"":""WModDeviation"",""keyValueList"":[{""key"":""buffDeviation"",""type"":""System.Int32"",""value"":""-10""}],""customData"":"""",""autoBindScript"":true},{""talentName"":""MasterReflection"",""bindingScript"":""WModReflection"",""keyValueList"":[{""key"":""buffReflectCount"",""type"":""System.Int32"",""value"":""1""}],""customData"":"""",""autoBindScript"":false}]"
weapon_init_aigirlxx,RGPrefab/Weapon/init_weapon/weapon_init_aigirlxx.prefab,weapon_init_aigirlx,False,True,50,,[],False,[],[],"[]",[]
weapon_init_aigirlxx2,RGPrefab/Weapon/init_weapon/weapon_init_aigirlxx2.prefab,weapon_init_aigirlx,False,True,50,,[],False,[],[],"[]",[]
weapon_init_aigirlxx3,RGPrefab/Weapon/init_weapon/weapon_init_aigirlxx3.prefab,weapon_init_aigirlx,False,True,50,,[],False,[],[],"[]",[]
weapon_init_aigirlxx4,RGPrefab/Weapon/init_weapon/weapon_init_aigirlxx4.prefab,weapon_init_aigirlx,False,True,50,,[],False,[],[],"[]",[]
weapon_init_aigirlxx5,RGPrefab/Weapon/init_weapon/weapon_init_aigirlxx5.prefab,weapon_init_aigirlx,False,True,50,,[],False,[],[],"[]",[]
weapon_init_airbender,RGPrefab/Weapon/init_weapon/weapon_init_airbender.prefab,,False,True,0,,"[{""equipment"":""wi22_upgrade_kit""}]",False,"[{""item"":""material_battery"",""num"":2},{""item"":""material_iron"",""num"":2}]","[]","[]","[]"
weapon_init_airbenderx,RGPrefab/Weapon/init_weapon/weapon_init_airbenderx.prefab,,False,True,50,weapon_init_airbender,"[{""equipment"":""wi22_upgrade_kit""}]",False,"[{""item"":""material_battery"",""num"":2},{""item"":""material_iron"",""num"":2}]","[]","[]","[]"
weapon_init_airbenderxx,RGPrefab/Weapon/init_weapon/weapon_init_airbenderxx.prefab,weapon_init_airbenderx,False,True,50,weapon_init_airbender,[],False,[],[],"[]",[]
weapon_init_airbenderxx2,RGPrefab/Weapon/init_weapon/weapon_init_airbenderxx2.prefab,weapon_init_airbenderx,False,True,50,weapon_init_airbender,[],False,[],[],"[]",[]
weapon_init_airbenderxx3,RGPrefab/Weapon/init_weapon/weapon_init_airbenderxx3.prefab,weapon_init_airbenderx,False,True,50,weapon_init_airbender,[],False,[],[],"[]",[]
weapon_init_airbenderxx4,RGPrefab/Weapon/init_weapon/weapon_init_airbenderxx4.prefab,weapon_init_airbenderx,False,True,50,weapon_init_airbender,[],False,[],[],"[]",[]
weapon_init_airbenderxx5,RGPrefab/Weapon/init_weapon/weapon_init_airbenderxx5.prefab,weapon_init_airbenderx,False,True,50,weapon_init_airbender,[],False,[],[],"[]",[]
weapon_init_airbenderxx6,RGPrefab/Weapon/init_weapon/weapon_init_airbenderxx6.prefab,weapon_init_airbenderx,False,True,50,weapon_init_airbender,[],False,[],[],"[]",[]
weapon_init_airbenderxx7,RGPrefab/Weapon/init_weapon/weapon_init_airbenderxx7.prefab,weapon_init_airbenderx,False,True,50,weapon_init_airbender,[],False,[],[],"[]",[]
weapon_init_airbenderxx8,RGPrefab/Weapon/init_weapon/weapon_init_airbenderxx8.prefab,weapon_init_airbenderx,False,True,50,weapon_init_airbender,[],False,[],[],"[]",[]
weapon_init_airbenderxx9,RGPrefab/Weapon/init_weapon/weapon_init_airbenderxx9.prefab,weapon_init_airbenderx,False,True,50,weapon_init_airbender,[],False,[],[],"[]",[]
weapon_init_airbenderxx10,RGPrefab/Weapon/init_weapon/weapon_init_airbenderxx10.prefab,weapon_init_airbenderx,False,True,50,weapon_init_airbender,[],False,[],[],"[]",[]
weapon_init_airbenderxx11,RGPrefab/Weapon/init_weapon/weapon_init_airbenderxx11.prefab,weapon_init_airbenderx,False,True,50,weapon_init_airbender,[],False,[],[],"[]",[]
weapon_init_airbenderxx12,RGPrefab/Weapon/init_weapon/weapon_init_airbenderxx12.prefab,weapon_init_airbenderx,False,True,50,weapon_init_airbender,[],False,[],[],"[]",[]
weapon_init_alchemist,RGPrefab/Weapon/init_weapon/weapon_init_alchemist.prefab,,False,True,0,,"[{""equipment"":""wi22_upgrade_kit""}]",False,"[{""item"":""material_fertilize"",""num"":1}]","[]","[]","[{""talentName"":""MasterShotgun"",""bindingScript"":""WModCount"",""keyValueList"":[{""key"":""buffCount"",""type"":""System.Int32"",""value"":""2""}],""customData"":"""",""autoBindScript"":true},{""talentName"":""MasterAccurate"",""bindingScript"":""WModDeviation"",""keyValueList"":[{""key"":""buffDeviation"",""type"":""System.Int32"",""value"":""-7""}],""customData"":"""",""autoBindScript"":true}]"
weapon_init_alchemistx,RGPrefab/Weapon/init_weapon/weapon_init_alchemistx.prefab,,False,True,50,,"[]",False,"[{""item"":""material_fertilize"",""num"":1}]","[]","[]","[{""talentName"":""MasterShotgun"",""bindingScript"":""WModCount"",""keyValueList"":[{""key"":""buffCount"",""type"":""System.Int32"",""value"":""2""}],""customData"":"""",""autoBindScript"":true},{""talentName"":""MasterAccurate"",""bindingScript"":""WModDeviation"",""keyValueList"":[{""key"":""buffDeviation"",""type"":""System.Int32"",""value"":""-7""}],""customData"":"""",""autoBindScript"":true}]"
weapon_init_alchemistxx,RGPrefab/Weapon/init_weapon/weapon_init_alchemistxx.prefab,weapon_init_alchemistx,False,True,50,,[],False,[],[],"[]",[]
weapon_init_alchemistxx2,RGPrefab/Weapon/init_weapon/weapon_init_alchemistxx2.prefab,weapon_init_alchemistx,False,True,50,,[],False,[],[],"[]",[]
weapon_init_alchemistxx3,RGPrefab/Weapon/init_weapon/weapon_init_alchemistxx3.prefab,weapon_init_alchemistx,False,True,50,,[],False,[],[],"[]",[]
weapon_init_alchemistxx4,RGPrefab/Weapon/init_weapon/weapon_init_alchemistxx4.prefab,weapon_init_alchemistx,False,True,50,,[],False,[],[],"[]",[]
weapon_init_alchemistxx5,RGPrefab/Weapon/init_weapon/weapon_init_alchemistxx5.prefab,weapon_init_alchemistx,False,True,50,,[],False,[],[],"[]",[]
weapon_init_alchemistxx6,RGPrefab/Weapon/init_weapon/weapon_init_alchemistxx6.prefab,weapon_init_alchemistx,False,True,50,,[],False,[],[],"[]",[]
weapon_init_alchemistxx7,RGPrefab/Weapon/init_weapon/weapon_init_alchemistxx7.prefab,weapon_init_alchemistx,False,True,50,,[],False,[],[],"[]",[]
weapon_init_alchemistxx8,RGPrefab/Weapon/init_weapon/weapon_init_alchemistxx8.prefab,weapon_init_alchemistx,False,True,50,,[],False,[],[],"[]",[]
weapon_init_alchemistxx9,RGPrefab/Weapon/init_weapon/weapon_init_alchemistxx9.prefab,weapon_init_alchemistx,False,True,50,,[],False,[],[],"[]",[]
weapon_init_alchemistxx10,RGPrefab/Weapon/init_weapon/weapon_init_alchemistxx10.prefab,weapon_init_alchemistx,False,True,50,,[],False,[],[],"[]",[]
weapon_init_alchemistxx11,RGPrefab/Weapon/init_weapon/weapon_init_alchemistxx11.prefab,weapon_init_alchemistx,False,True,50,,[],False,[],[],"[]",[]
weapon_init_alchemistxx12,RGPrefab/Weapon/init_weapon/weapon_init_alchemistxx12.prefab,weapon_init_alchemistx,False,True,50,,[],False,[],[],"[]",[]
weapon_init_alchemistxx13,RGPrefab/Weapon/init_weapon/weapon_init_alchemistxx13.prefab,weapon_init_alchemistx,False,True,50,,[],False,[],[],"[]",[]
weapon_init_arcaneknight,RGPrefab/Weapon/init_weapon/weapon_init_arcaneknight.prefab,,False,True,50,weapon_init_arcaneknight,"[{""equipment"":""wi22_upgrade_kit""}]",False,"[{""item"":""material_iron"",""num"":3},{""item"":""material_wood"",""num"":2}]","[]","[]","[{""talentName"":""MasterHold"",""bindingScript"":""WModHoldSpeed"",""keyValueList"":[{""key"":""buffSpeedFactor"",""type"":""System.Single"",""value"":""2""}],""customData"":"""",""autoBindScript"":true},{""talentName"":""MasterStaff"",""bindingScript"":""WModAtkStaff"",""keyValueList"":[{""key"":""buffAtk"",""type"":""System.Int32"",""value"":""2""}],""customData"":"""",""autoBindScript"":true},{""talentName"":""ElementalStaff"",""bindingScript"":""WModAtkStaff"",""keyValueList"":[{""key"":""buffAtk"",""type"":""System.Int32"",""value"":""2""}],""customData"":"""",""autoBindScript"":true},{""talentName"":""MasterThough"",""bindingScript"":"""",""keyValueList"":[],""customData"":"""",""autoBindScript"":false}]"
weapon_init_arcaneknightx,RGPrefab/Weapon/init_weapon/weapon_init_arcaneknightx.prefab,,False,True,50,weapon_init_arcaneknight,"[]",False,"[{""item"":""material_iron"",""num"":3},{""item"":""material_wood"",""num"":2}]","[]","[]","[{""talentName"":""MasterHold"",""bindingScript"":""WModHoldSpeed"",""keyValueList"":[{""key"":""buffSpeedFactor"",""type"":""System.Single"",""value"":""2""}],""customData"":"""",""autoBindScript"":true},{""talentName"":""MasterStaff"",""bindingScript"":""WModAtkStaff"",""keyValueList"":[{""key"":""buffAtk"",""type"":""System.Int32"",""value"":""2""}],""customData"":"""",""autoBindScript"":true},{""talentName"":""ElementalStaff"",""bindingScript"":""WModAtkStaff"",""keyValueList"":[{""key"":""buffAtk"",""type"":""System.Int32"",""value"":""2""}],""customData"":"""",""autoBindScript"":true},{""talentName"":""MasterThough"",""bindingScript"":"""",""keyValueList"":[],""customData"":"""",""autoBindScript"":false}]"
weapon_init_arcaneknightxx,RGPrefab/Weapon/init_weapon/weapon_init_arcaneknightxx.prefab,weapon_init_arcaneknightx,False,True,50,weapon_init_arcaneknight,[],False,[],[],"[]",[]
weapon_init_arcaneknightxx2,RGPrefab/Weapon/init_weapon/weapon_init_arcaneknightxx2.prefab,weapon_init_arcaneknightx,False,True,50,weapon_init_arcaneknight,[],False,[],[],"[]",[]
weapon_init_arcaneknightxx3,RGPrefab/Weapon/init_weapon/weapon_init_arcaneknightxx3.prefab,weapon_init_arcaneknightx,False,True,50,weapon_init_arcaneknight,[],False,[],[],"[]",[]
weapon_init_arcaneknightxx4,RGPrefab/Weapon/init_weapon/weapon_init_arcaneknightxx4.prefab,weapon_init_arcaneknightx,False,True,50,weapon_init_arcaneknight,[],False,[],[],"[]",[]
weapon_init_arcaneknightxx5,RGPrefab/Weapon/init_weapon/weapon_init_arcaneknightxx5.prefab,weapon_init_arcaneknightx,False,True,50,weapon_init_arcaneknight,[],False,[],[],"[]",[]
weapon_init_arcaneknightxx6,RGPrefab/Weapon/init_weapon/weapon_init_arcaneknightxx6.prefab,weapon_init_arcaneknightx,False,True,50,weapon_init_arcaneknight,[],False,[],[],"[]",[]
weapon_init_assassin,RGPrefab/Weapon/init_weapon/weapon_init_assassin.prefab,,False,True,0,,"[{""equipment"":""wi22_upgrade_kit""}]",False,"[{""item"":""material_iron"",""num"":2},{""item"":""material_gear"",""num"":2}]","[]","[]","[{""talentName"":""MasterContinuous"",""bindingScript"":""WModContinuousCount"",""keyValueList"":[{""key"":""buffContinuousCount"",""type"":""System.Int32"",""value"":""1""}],""customData"":"""",""autoBindScript"":true},{""talentName"":""MasterHold"",""bindingScript"":""WModHoldSpeed"",""keyValueList"":[{""key"":""buffSpeedFactor"",""type"":""System.Single"",""value"":""2""}],""customData"":"""",""autoBindScript"":true},{""talentName"":""MasterSwordRange"",""bindingScript"":""WModBulletSizeMelee"",""keyValueList"":[{""key"":""buffScale"",""type"":""System.Single"",""value"":""1.2""},{""key"":""levelScale"",""type"":""System.Single"",""value"":""1.1""}],""customData"":"""",""autoBindScript"":true},{""talentName"":""MasterSwordRebound"",""bindingScript"":"""",""keyValueList"":[],""customData"":"""",""autoBindScript"":false}]"
weapon_init_assassinx,RGPrefab/Weapon/init_weapon/weapon_init_assassinx.prefab,,False,True,50,,"[]",False,"[{""item"":""material_iron"",""num"":3},{""item"":""material_gear"",""num"":3}]","[]","[]","[{""talentName"":""MasterContinuous"",""bindingScript"":""WModContinuousCount"",""keyValueList"":[{""key"":""buffContinuousCount"",""type"":""System.Int32"",""value"":""1""}],""customData"":"""",""autoBindScript"":true},{""talentName"":""MasterHold"",""bindingScript"":""WModHoldSpeed"",""keyValueList"":[{""key"":""buffSpeedFactor"",""type"":""System.Single"",""value"":""2""}],""customData"":"""",""autoBindScript"":true},{""talentName"":""MasterSwordRange"",""bindingScript"":""WModBulletSizeMelee"",""keyValueList"":[{""key"":""buffScale"",""type"":""System.Single"",""value"":""1.2""},{""key"":""levelScale"",""type"":""System.Single"",""value"":""1.1""}],""customData"":"""",""autoBindScript"":true},{""talentName"":""MasterSwordRebound"",""bindingScript"":"""",""keyValueList"":[],""customData"":"""",""autoBindScript"":false}]"
weapon_init_assassinxx,RGPrefab/Weapon/init_weapon/weapon_init_assassinxx.prefab,weapon_init_assassinx,False,True,50,,[],False,[],[],"[]",[]
weapon_init_assassinxx2,RGPrefab/Weapon/init_weapon/weapon_init_assassinxx2.prefab,weapon_init_assassinx,False,True,50,,[],False,[],[],"[]",[]
weapon_init_assassinxx3,RGPrefab/Weapon/init_weapon/weapon_init_assassinxx3.prefab,weapon_init_assassinx,False,True,50,,[],False,[],[],"[]",[]
weapon_init_assassinxx4,RGPrefab/Weapon/init_weapon/weapon_init_assassinxx4.prefab,weapon_init_assassinx,False,True,50,,[],False,[],[],"[]",[]
weapon_init_assassinxx5,RGPrefab/Weapon/init_weapon/weapon_init_assassinxx5.prefab,weapon_init_assassinx,False,True,50,,[],False,[],[],"[]",[]
weapon_init_assassinxx6,RGPrefab/Weapon/init_weapon/weapon_init_assassinxx6.prefab,weapon_init_assassinx,False,True,50,,[],False,[],[],"[]",[]
weapon_init_assassinxx7,RGPrefab/Weapon/init_weapon/weapon_init_assassinxx7.prefab,weapon_init_assassinx,False,True,50,,[],False,[],[],"[]",[]
weapon_init_assassinxx8,RGPrefab/Weapon/init_weapon/weapon_init_assassinxx8.prefab,weapon_init_assassinx,False,True,50,,[],False,[],[],"[]",[]
weapon_init_assassinxx9,RGPrefab/Weapon/init_weapon/weapon_init_assassinxx9.prefab,weapon_init_assassinx,False,True,50,,[],False,[],[],"[]",[]
weapon_init_assassinxx10,RGPrefab/Weapon/init_weapon/weapon_init_assassinxx10.prefab,weapon_init_assassinx,False,True,50,,[],False,[],[],"[]",[]
weapon_init_assassinxx11,RGPrefab/Weapon/init_weapon/weapon_init_assassinxx11.prefab,weapon_init_assassinx,False,True,50,,[],False,[],[],"[]",[]
weapon_init_assassinxx12,RGPrefab/Weapon/init_weapon/weapon_init_assassinxx12.prefab,weapon_init_assassinx,False,True,50,,[],False,[],[],"[]",[]
weapon_init_assassinxx13,RGPrefab/Weapon/init_weapon/weapon_init_assassinxx13.prefab,weapon_init_assassinx,False,True,50,,[],False,[],[],"[]",[]
weapon_init_astrologist,RGPrefab/Weapon/init_weapon/weapon_init_astrologist.prefab,,False,True,0,weapon_init_airbender,"[{""equipment"":""wi22_upgrade_kit""}]",False,"[{""item"":""material_battery"",""num"":2},{""item"":""material_iron"",""num"":2}]","[]","[]","[{""talentName"":""MasterShotgun"",""bindingScript"":""WModCount"",""keyValueList"":[{""key"":""buffCount"",""type"":""System.Int32"",""value"":""2""}],""customData"":"""",""autoBindScript"":true},{""talentName"":""MasterStaff"",""bindingScript"":""WModAtkStaff"",""keyValueList"":[{""key"":""buffAtk"",""type"":""System.Int32"",""value"":""2""}],""customData"":"""",""autoBindScript"":true},{""talentName"":""ElementalStaff"",""bindingScript"":""WModAtkStaff"",""keyValueList"":[{""key"":""buffAtk"",""type"":""System.Int32"",""value"":""2""}],""customData"":"""",""autoBindScript"":true},{""talentName"":""MasterReflection"",""bindingScript"":""WModReflection"",""keyValueList"":[{""key"":""buffReflectCount"",""type"":""System.Int32"",""value"":""1""}],""customData"":"""",""autoBindScript"":false}]"
weapon_init_astrologistx,RGPrefab/Weapon/init_weapon/weapon_init_astrologistx.prefab,,False,True,0,weapon_init_airbender,"[]",False,"[{""item"":""material_battery"",""num"":2},{""item"":""material_iron"",""num"":2}]","[]","[]","[{""talentName"":""MasterShotgun"",""bindingScript"":""WModCount"",""keyValueList"":[{""key"":""buffCount"",""type"":""System.Int32"",""value"":""2""}],""customData"":"""",""autoBindScript"":true},{""talentName"":""MasterStaff"",""bindingScript"":""WModAtkStaff"",""keyValueList"":[{""key"":""buffAtk"",""type"":""System.Int32"",""value"":""2""}],""customData"":"""",""autoBindScript"":true},{""talentName"":""ElementalStaff"",""bindingScript"":""WModAtkStaff"",""keyValueList"":[{""key"":""buffAtk"",""type"":""System.Int32"",""value"":""2""}],""customData"":"""",""autoBindScript"":true},{""talentName"":""MasterReflection"",""bindingScript"":""WModReflection"",""keyValueList"":[{""key"":""buffReflectCount"",""type"":""System.Int32"",""value"":""1""}],""customData"":"""",""autoBindScript"":false}]"
weapon_init_astrologistxx,RGPrefab/Weapon/init_weapon/weapon_init_astrologistxx.prefab,weapon_init_astrologistx,False,True,0,weapon_init_airbender,[],False,[],[],"[]",[]
weapon_init_astrologistxx2,RGPrefab/Weapon/init_weapon/weapon_init_astrologistxx2.prefab,weapon_init_astrologistx,False,True,0,weapon_init_airbender,[],False,[],[],"[]",[]
weapon_init_astrologistxx3,RGPrefab/Weapon/init_weapon/weapon_init_astrologistxx3.prefab,weapon_init_astrologistx,False,True,0,weapon_init_airbender,[],False,[],[],"[]",[]
weapon_init_astrologistxx4,RGPrefab/Weapon/init_weapon/weapon_init_astrologistxx4.prefab,weapon_init_astrologistx,False,True,0,weapon_init_airbender,[],False,[],[],"[]",[]
weapon_init_astrologistxx5,RGPrefab/Weapon/init_weapon/weapon_init_astrologistxx5.prefab,weapon_init_astrologistx,False,True,0,weapon_init_airbender,[],False,[],[],"[]",[]
weapon_init_bard,RGPrefab/Weapon/init_weapon/weapon_init_bard.prefab,,False,True,50,,"[{""equipment"":""wi22_upgrade_kit""}]",False,"[{""item"":""material_iron"",""num"":3},{""item"":""material_wood"",""num"":3}]","[]","[]","[{""talentName"":""MasterAccurate"",""bindingScript"":""WModDeviation"",""keyValueList"":[{""key"":""buffDeviation"",""type"":""System.Int32"",""value"":""-10""}],""customData"":"""",""autoBindScript"":true},{""talentName"":""MasterReflection"",""bindingScript"":""WModReflection"",""keyValueList"":[{""key"":""buffReflectCount"",""type"":""System.Int32"",""value"":""1""}],""customData"":"""",""autoBindScript"":false}]"
weapon_init_bardx,RGPrefab/Weapon/init_weapon/weapon_init_bardx.prefab,,False,True,50,,"[{""equipment"":""wi22_upgrade_kit""}]",False,"[{""item"":""material_iron"",""num"":3},{""item"":""material_wood"",""num"":3}]","[]","[]","[{""talentName"":""MasterAccurate"",""bindingScript"":""WModDeviation"",""keyValueList"":[{""key"":""buffDeviation"",""type"":""System.Int32"",""value"":""-10""}],""customData"":"""",""autoBindScript"":true},{""talentName"":""MasterReflection"",""bindingScript"":""WModReflection"",""keyValueList"":[{""key"":""buffReflectCount"",""type"":""System.Int32"",""value"":""1""}],""customData"":"""",""autoBindScript"":false}]"
weapon_init_bardxx,RGPrefab/Weapon/init_weapon/weapon_init_bardxx.prefab,weapon_init_bardx,False,True,50,,[],False,[],[],"[]",[]
weapon_init_bardxx2,RGPrefab/Weapon/init_weapon/weapon_init_bardxx2.prefab,weapon_init_bardx,False,True,50,,[],False,[],[],"[]",[]
weapon_init_bardxx3,RGPrefab/Weapon/init_weapon/weapon_init_bardxx3.prefab,weapon_init_bardx,False,True,50,,[],False,[],[],"[]",[]
weapon_init_bardxx4,RGPrefab/Weapon/init_weapon/weapon_init_bardxx4.prefab,weapon_init_bardx,False,True,50,,[],False,[],[],"[]",[]
weapon_init_bardxx5,RGPrefab/Weapon/init_weapon/weapon_init_bardxx5.prefab,weapon_init_bardx,False,True,50,,[],False,[],[],"[]",[]
weapon_init_beheaded,RGPrefab/Weapon/init_weapon/weapon_init_beheaded.prefab,,False,True,50,,"[]",False,"[{""item"":""material_iron"",""num"":3},{""item"":""material_fertilize"",""num"":3}]","[]","[]","[{""talentName"":""MasterSwordRange"",""bindingScript"":""WModBulletSizeMelee"",""keyValueList"":[{""key"":""buffScale"",""type"":""System.Single"",""value"":""1.2""},{""key"":""levelScale"",""type"":""System.Single"",""value"":""1.1""}],""customData"":"""",""autoBindScript"":true},{""talentName"":""MasterSwordRebound"",""bindingScript"":"""",""keyValueList"":[],""customData"":"""",""autoBindScript"":false}]"
weapon_init_beheadedx,RGPrefab/Weapon/init_weapon/weapon_init_beheadedx.prefab,,False,True,50,weapon_init_beheaded,"[]",False,"[{""item"":""material_iron"",""num"":3},{""item"":""material_fertilize"",""num"":3}]","[]","[]","[{""talentName"":""MasterSwordRange"",""bindingScript"":""WModBulletSizeMelee"",""keyValueList"":[{""key"":""buffScale"",""type"":""System.Single"",""value"":""1.2""},{""key"":""levelScale"",""type"":""System.Single"",""value"":""1.1""}],""customData"":"""",""autoBindScript"":true},{""talentName"":""MasterSwordRebound"",""bindingScript"":"""",""keyValueList"":[],""customData"":"""",""autoBindScript"":false}]"
weapon_init_captain,RGPrefab/Weapon/init_weapon/weapon_init_captain.prefab,,False,True,50,weapon_init_captain,"[{""equipment"":""wi22_upgrade_kit""}]",False,"[{""item"":""material_iron"",""num"":2},{""item"":""material_wood"",""num"":2}]","[]","[]","[]"
weapon_init_captainx,RGPrefab/Weapon/init_weapon/weapon_init_captainx.prefab,,False,True,50,weapon_init_captain,"[]",False,"[{""item"":""material_iron"",""num"":2},{""item"":""material_wood"",""num"":2}]","[]","[]","[]"
weapon_init_captainxx,RGPrefab/Weapon/init_weapon/weapon_init_captainxx.prefab,weapon_init_captainx,False,True,50,weapon_init_captain,[],False,[],[],"[]",[]
weapon_init_captainxx2,RGPrefab/Weapon/init_weapon/weapon_init_captainxx2.prefab,weapon_init_captainx,False,True,50,weapon_init_captain,[],False,[],[],"[]",[]
weapon_init_captainxx3,RGPrefab/Weapon/init_weapon/weapon_init_captainxx3.prefab,weapon_init_captainx,False,True,50,weapon_init_captain,[],False,[],[],"[]",[]
weapon_init_captainxx4,RGPrefab/Weapon/init_weapon/weapon_init_captainxx4.prefab,weapon_init_captainx,False,True,50,weapon_init_captain,[],False,[],[],"[]",[]
weapon_init_captainxx5,RGPrefab/Weapon/init_weapon/weapon_init_captainxx5.prefab,weapon_init_captainx,False,True,50,weapon_init_captain,[],False,[],[],"[]",[]
weapon_init_captainxx6,RGPrefab/Weapon/init_weapon/weapon_init_captainxx6.prefab,weapon_init_captainx,False,True,50,weapon_init_captain,[],False,[],[],"[]",[]
weapon_init_captainxx7,RGPrefab/Weapon/init_weapon/weapon_init_captainxx7.prefab,weapon_init_captainx,False,True,50,weapon_init_captain,[],False,[],[],"[]",[]
weapon_init_costumeprince,RGPrefab/Weapon/init_weapon/weapon_init_costumeprince.prefab,,False,True,0,weapon_init_costumeprince,"[{""equipment"":""wi10_flame_stone""},{""equipment"":""wi11_poison_stone""},{""equipment"":""wi12_lightning_stone""},{""equipment"":""wi2_gaussiancoil""},{""equipment"":""wi2_gaussiancoil_smg_2""},{""equipment"":""wi6_spiralcoil""},{""equipment"":""wi6_spiralcoil_4""},{""equipment"":""wi7_telescopic""},{""equipment"":""wi7_telescopic2""},{""equipment"":""wi9_energy_stone""}]",True,"[{""item"":""material_iron"",""num"":3},{""item"":""material_wood"",""num"":2}]","[]","[]","[{""talentName"":""MasterAccurate"",""bindingScript"":""WModDeviation"",""keyValueList"":[{""key"":""buffDeviation"",""type"":""System.Int32"",""value"":""-10""}],""customData"":"""",""autoBindScript"":true},{""talentName"":""MasterHold"",""bindingScript"":""WModHoldSpeed"",""keyValueList"":[{""key"":""buffSpeedFactor"",""type"":""System.Single"",""value"":""2""}],""customData"":"""",""autoBindScript"":true},{""talentName"":""MasterReflection"",""bindingScript"":""WModReflection"",""keyValueList"":[{""key"":""buffReflectCount"",""type"":""System.Int32"",""value"":""1""}],""customData"":"""",""autoBindScript"":false}]"
weapon_init_costumeprincex,RGPrefab/Weapon/init_weapon/weapon_init_costumeprincex.prefab,,False,True,50,weapon_init_costumeprince,"[{""equipment"":""wi10_flame_stone""},{""equipment"":""wi11_poison_stone""},{""equipment"":""wi12_lightning_stone""},{""equipment"":""wi2_gaussiancoil""},{""equipment"":""wi2_gaussiancoil_smg_2""},{""equipment"":""wi6_spiralcoil""},{""equipment"":""wi6_spiralcoil_4""},{""equipment"":""wi7_telescopic""},{""equipment"":""wi7_telescopic2""},{""equipment"":""wi9_energy_stone""}]",True,"[{""item"":""material_iron"",""num"":3},{""item"":""material_wood"",""num"":3}]","[]","[]","[{""talentName"":""MasterAccurate"",""bindingScript"":""WModDeviation"",""keyValueList"":[{""key"":""buffDeviation"",""type"":""System.Int32"",""value"":""-10""}],""customData"":"""",""autoBindScript"":true},{""talentName"":""MasterHold"",""bindingScript"":""WModHoldSpeed"",""keyValueList"":[{""key"":""buffSpeedFactor"",""type"":""System.Single"",""value"":""2""}],""customData"":"""",""autoBindScript"":true},{""talentName"":""MasterReflection"",""bindingScript"":""WModReflection"",""keyValueList"":[{""key"":""buffReflectCount"",""type"":""System.Int32"",""value"":""1""}],""customData"":"""",""autoBindScript"":false}]"
weapon_init_costumeprincexx,RGPrefab/Weapon/init_weapon/weapon_init_costumeprincexx.prefab,weapon_init_costumeprincex,False,True,50,weapon_init_costumeprince,[],True,[],[],"[]",[]
weapon_init_costumeprincexx2,RGPrefab/Weapon/init_weapon/weapon_init_costumeprincexx2.prefab,weapon_init_costumeprincex,False,True,50,weapon_init_costumeprince,[],True,[],[],"[]",[]
weapon_init_costumeprincexx3,RGPrefab/Weapon/init_weapon/weapon_init_costumeprincexx3.prefab,weapon_init_costumeprincex,False,True,50,weapon_init_costumeprince,[],True,[],[],"[]",[]
weapon_init_costumeprincexx4,RGPrefab/Weapon/init_weapon/weapon_init_costumeprincexx4.prefab,weapon_init_costumeprincex,False,True,50,weapon_init_costumeprince,[],True,[],[],"[]",[]
weapon_init_costumeprincexx5,RGPrefab/Weapon/init_weapon/weapon_init_costumeprincexx5.prefab,weapon_init_costumeprincex,False,True,50,weapon_init_costumeprince,[],True,[],[],"[]",[]
weapon_init_costumeprincexx6,RGPrefab/Weapon/init_weapon/weapon_init_costumeprincexx6.prefab,weapon_init_costumeprincex,False,True,50,weapon_init_costumeprince,[],True,[],[],"[]",[]
weapon_init_costumeprincexx7,RGPrefab/Weapon/init_weapon/weapon_init_costumeprincexx7.prefab,weapon_init_costumeprincex,False,True,50,weapon_init_costumeprince,[],True,[],[],"[]",[]
weapon_init_costumeprincexx8,RGPrefab/Weapon/init_weapon/weapon_init_costumeprincexx8.prefab,weapon_init_costumeprincex,False,True,50,weapon_init_costumeprince,[],True,[],[],"[]",[]
weapon_init_costumeprincexx9,RGPrefab/Weapon/init_weapon/weapon_init_costumeprincexx9.prefab,weapon_init_costumeprincex,False,True,50,weapon_init_costumeprince,[],True,[],[],"[]",[]
weapon_init_doctor,RGPrefab/Weapon/init_weapon/weapon_init_doctor.prefab,,False,True,50,weapon_init_doctor,"[{""equipment"":""wi10_flame_stone""},{""equipment"":""wi11_poison_stone""},{""equipment"":""wi12_lightning_stone""},{""equipment"":""wi2_gaussiancoil""},{""equipment"":""wi2_gaussiancoil_smg_2""},{""equipment"":""wi6_spiralcoil""},{""equipment"":""wi6_spiralcoil_4""},{""equipment"":""wi7_telescopic""},{""equipment"":""wi7_telescopic2""},{""equipment"":""wi9_energy_stone""},{""equipment"":""wi22_upgrade_kit""}]",True,"[{""item"":""material_iron"",""num"":3},{""item"":""material_wood"",""num"":2}]","[]","[]","[{""talentName"":""MasterAccurate"",""bindingScript"":""WModDeviation"",""keyValueList"":[{""key"":""buffDeviation"",""type"":""System.Int32"",""value"":""-10""}],""customData"":"""",""autoBindScript"":true},{""talentName"":""MasterLaser"",""bindingScript"":""WModMasterLaser"",""keyValueList"":[{""key"":""buffAtk"",""type"":""System.Int32"",""value"":""1""},{""key"":""buffScale"",""type"":""System.Single"",""value"":""1""}],""customData"":"""",""autoBindScript"":true},{""talentName"":""MasterHold"",""bindingScript"":""WModHoldSpeed"",""keyValueList"":[{""key"":""buffSpeedFactor"",""type"":""System.Single"",""value"":""2""}],""customData"":"""",""autoBindScript"":true}]"
weapon_init_doctorx,RGPrefab/Weapon/init_weapon/weapon_init_doctorx.prefab,,False,True,50,weapon_init_doctor,"[{""equipment"":""wi10_flame_stone""},{""equipment"":""wi11_poison_stone""},{""equipment"":""wi12_lightning_stone""},{""equipment"":""wi2_gaussiancoil""},{""equipment"":""wi2_gaussiancoil_smg_2""},{""equipment"":""wi6_spiralcoil""},{""equipment"":""wi6_spiralcoil_4""},{""equipment"":""wi7_telescopic""},{""equipment"":""wi7_telescopic2""},{""equipment"":""wi9_energy_stone""}]",True,"[{""item"":""material_iron"",""num"":3},{""item"":""material_wood"",""num"":3}]","[]","[]","[{""talentName"":""MasterAccurate"",""bindingScript"":""WModDeviation"",""keyValueList"":[{""key"":""buffDeviation"",""type"":""System.Int32"",""value"":""-10""}],""customData"":"""",""autoBindScript"":true},{""talentName"":""MasterLaser"",""bindingScript"":""WModMasterLaser"",""keyValueList"":[{""key"":""buffAtk"",""type"":""System.Int32"",""value"":""1""},{""key"":""buffScale"",""type"":""System.Single"",""value"":""1""}],""customData"":"""",""autoBindScript"":true},{""talentName"":""MasterHold"",""bindingScript"":""WModHoldSpeed"",""keyValueList"":[{""key"":""buffSpeedFactor"",""type"":""System.Single"",""value"":""2""}],""customData"":"""",""autoBindScript"":true}]"
weapon_init_doctorxx,RGPrefab/Weapon/init_weapon/weapon_init_doctorxx.prefab,weapon_init_doctorx,False,True,50,weapon_init_doctor,[],True,[],[],"[]",[]
weapon_init_doctorxx2,RGPrefab/Weapon/init_weapon/weapon_init_doctorxx2.prefab,weapon_init_doctorx,False,True,50,weapon_init_doctor,[],True,[],[],"[]",[]
weapon_init_doctorxx3,RGPrefab/Weapon/init_weapon/weapon_init_doctorxx3.prefab,weapon_init_doctorx,False,True,50,weapon_init_doctor,[],True,[],[],"[]",[]
weapon_init_doctorxx4,RGPrefab/Weapon/init_weapon/weapon_init_doctorxx4.prefab,weapon_init_doctorx,False,True,50,weapon_init_doctor,[],True,[],[],"[]",[]
weapon_init_doctorxx5,RGPrefab/Weapon/init_weapon/weapon_init_doctorxx5.prefab,weapon_init_doctorx,False,True,50,weapon_init_doctor,[],True,[],[],"[]",[]
weapon_init_doctorxx6,RGPrefab/Weapon/init_weapon/weapon_init_doctorxx6.prefab,weapon_init_doctorx,False,True,50,weapon_init_doctor,[],True,[],[],"[]",[]
weapon_init_doctorxx7,RGPrefab/Weapon/init_weapon/weapon_init_doctorxx7.prefab,weapon_init_doctorx,False,True,50,weapon_init_doctor,[],True,[],[],"[]",[]
weapon_init_druid,RGPrefab/Weapon/init_weapon/weapon_init_druid.prefab,,False,True,0,,"[{""equipment"":""wi22_upgrade_kit""}]",False,"[{""item"":""material_cell"",""num"":5}]","[]","[]","[{""talentName"":""MasterAccurate"",""bindingScript"":""WModDeviation"",""keyValueList"":[{""key"":""buffDeviation"",""type"":""System.Int32"",""value"":""-10""}],""customData"":"""",""autoBindScript"":true},{""talentName"":""MasterSwordRange"",""bindingScript"":""WModBulletSizeMelee"",""keyValueList"":[{""key"":""buffScale"",""type"":""System.Single"",""value"":""1.2""},{""key"":""levelScale"",""type"":""System.Single"",""value"":""1.1""}],""customData"":"""",""autoBindScript"":true},{""talentName"":""MasterReflection"",""bindingScript"":""WModReflection"",""keyValueList"":[{""key"":""buffReflectCount"",""type"":""System.Int32"",""value"":""1""}],""customData"":"""",""autoBindScript"":false},{""talentName"":""MasterSwordRebound"",""bindingScript"":"""",""keyValueList"":[],""customData"":"""",""autoBindScript"":false}]"
weapon_init_druidx,RGPrefab/Weapon/init_weapon/weapon_init_druidx.prefab,,False,True,50,,"[]",False,"[{""item"":""material_cell"",""num"":7}]","[]","[]","[{""talentName"":""MasterAccurate"",""bindingScript"":""WModDeviation"",""keyValueList"":[{""key"":""buffDeviation"",""type"":""System.Int32"",""value"":""-10""}],""customData"":"""",""autoBindScript"":true},{""talentName"":""MasterSwordRange"",""bindingScript"":""WModBulletSizeMelee"",""keyValueList"":[{""key"":""buffScale"",""type"":""System.Single"",""value"":""1.2""},{""key"":""levelScale"",""type"":""System.Single"",""value"":""1.1""}],""customData"":"""",""autoBindScript"":true},{""talentName"":""MasterReflection"",""bindingScript"":""WModReflection"",""keyValueList"":[{""key"":""buffReflectCount"",""type"":""System.Int32"",""value"":""1""}],""customData"":"""",""autoBindScript"":false},{""talentName"":""MasterSwordRebound"",""bindingScript"":"""",""keyValueList"":[],""customData"":"""",""autoBindScript"":false}]"
weapon_init_druidxx,RGPrefab/Weapon/init_weapon/weapon_init_druidxx.prefab,weapon_init_druidx,False,True,50,,[],False,[],[],"[]",[]
weapon_init_druidxx2,RGPrefab/Weapon/init_weapon/weapon_init_druidxx2.prefab,weapon_init_druidx,False,True,50,,[],False,[],[],"[]",[]
weapon_init_druidxx3,RGPrefab/Weapon/init_weapon/weapon_init_druidxx3.prefab,weapon_init_druidx,False,True,50,,[],False,[],[],"[]",[]
weapon_init_druidxx4,RGPrefab/Weapon/init_weapon/weapon_init_druidxx4.prefab,weapon_init_druidx,False,True,50,,[],False,[],[],"[]",[]
weapon_init_druidxx5,RGPrefab/Weapon/init_weapon/weapon_init_druidxx5.prefab,weapon_init_druidx,False,True,50,,[],False,[],[],"[]",[]
weapon_init_druidxx6,RGPrefab/Weapon/init_weapon/weapon_init_druidxx6.prefab,weapon_init_druidx,False,True,50,,[],False,[],[],"[]",[]
weapon_init_druidxx7,RGPrefab/Weapon/init_weapon/weapon_init_druidxx7.prefab,weapon_init_druidx,False,True,50,,[],False,[],[],"[]",[]
weapon_init_druidxx8,RGPrefab/Weapon/init_weapon/weapon_init_druidxx8.prefab,weapon_init_druidx,False,True,50,,[],False,[],[],"[]",[]
weapon_init_druidxx9,RGPrefab/Weapon/init_weapon/weapon_init_druidxx9.prefab,weapon_init_druidx,False,True,50,,[],False,[],[],"[]",[]
weapon_init_druidxx10,RGPrefab/Weapon/init_weapon/weapon_init_druidxx10.prefab,weapon_init_druidx,False,True,50,,[],False,[],[],"[]",[]
weapon_init_druidxx11,RGPrefab/Weapon/init_weapon/weapon_init_druidxx11.prefab,weapon_init_druidx,False,True,50,,[],False,[],[],"[]",[]
weapon_init_druidxx12,RGPrefab/Weapon/init_weapon/weapon_init_druidxx12.prefab,weapon_init_druidx,False,True,50,,[],False,[],[],"[]",[]
weapon_init_druidxx13,RGPrefab/Weapon/init_weapon/weapon_init_druidxx13.prefab,weapon_init_druidx,False,True,50,,[],False,[],[],"[]",[]
weapon_init_druidxx14,RGPrefab/Weapon/init_weapon/weapon_init_druidxx14.prefab,weapon_init_druidx,False,True,50,,[],False,[],[],"[]",[]
weapon_init_elves,RGPrefab/Weapon/init_weapon/weapon_init_elves.prefab,,False,True,0,,"[{""equipment"":""wi22_upgrade_kit""}]",False,"[{""item"":""material_wood"",""num"":2},{""item"":""material_cell"",""num"":2}]","[]","[]","[{""talentName"":""MasterAccurate"",""bindingScript"":""WModDeviation"",""keyValueList"":[{""key"":""buffDeviation"",""type"":""System.Int32"",""value"":""-10""}],""customData"":"""",""autoBindScript"":true},{""talentName"":""MasterHold"",""bindingScript"":""WModHoldSpeed"",""keyValueList"":[{""key"":""buffSpeedFactor"",""type"":""System.Single"",""value"":""2""}],""customData"":"""",""autoBindScript"":true},{""talentName"":""MasterReflection"",""bindingScript"":""WModReflection"",""keyValueList"":[{""key"":""buffReflectCount"",""type"":""System.Int32"",""value"":""1""}],""customData"":"""",""autoBindScript"":false}]"
weapon_init_elvesx,RGPrefab/Weapon/init_weapon/weapon_init_elvesx.prefab,,False,True,50,,"[]",False,"[{""item"":""material_wood"",""num"":3},{""item"":""material_cell"",""num"":3}]","[]","[]","[{""talentName"":""MasterAccurate"",""bindingScript"":""WModDeviation"",""keyValueList"":[{""key"":""buffDeviation"",""type"":""System.Int32"",""value"":""-10""}],""customData"":"""",""autoBindScript"":true},{""talentName"":""MasterHold"",""bindingScript"":""WModHoldSpeed"",""keyValueList"":[{""key"":""buffSpeedFactor"",""type"":""System.Single"",""value"":""2""}],""customData"":"""",""autoBindScript"":true}]"
weapon_init_elvesxx,RGPrefab/Weapon/init_weapon/weapon_init_elvesxx.prefab,weapon_init_elvesx,False,True,50,,[],False,[],[],"[]",[]
weapon_init_elvesxx2,RGPrefab/Weapon/init_weapon/weapon_init_elvesxx2.prefab,weapon_init_elvesx,False,True,50,,[],False,[],[],"[]",[]
weapon_init_elvesxx3,RGPrefab/Weapon/init_weapon/weapon_init_elvesxx3.prefab,weapon_init_elvesx,False,True,50,,[],False,[],[],"[]",[]
weapon_init_elvesxx4,RGPrefab/Weapon/init_weapon/weapon_init_elvesxx4.prefab,weapon_init_elvesx,False,True,50,,[],False,[],[],"[]",[]
weapon_init_elvesxx5,RGPrefab/Weapon/init_weapon/weapon_init_elvesxx5.prefab,weapon_init_elvesx,False,True,50,,[],False,[],[],"[]",[]
weapon_init_elvesxx6,RGPrefab/Weapon/init_weapon/weapon_init_elvesxx6.prefab,weapon_init_elvesx,False,True,50,,[],False,[],[],"[]",[]
weapon_init_elvesxx7,RGPrefab/Weapon/init_weapon/weapon_init_elvesxx7.prefab,weapon_init_elvesx,False,True,50,,[],False,[],[],"[]",[]
weapon_init_elvesxx8,RGPrefab/Weapon/init_weapon/weapon_init_elvesxx8.prefab,weapon_init_elvesx,False,True,50,,[],False,[],[],"[]",[]
weapon_init_elvesxx9,RGPrefab/Weapon/init_weapon/weapon_init_elvesxx9.prefab,weapon_init_elvesx,False,True,50,,[],False,[],[],"[]",[]
weapon_init_elvesxx10,RGPrefab/Weapon/init_weapon/weapon_init_elvesxx10.prefab,weapon_init_elvesx,False,True,50,,[],False,[],[],"[]",[]
weapon_init_elvesxx11,RGPrefab/Weapon/init_weapon/weapon_init_elvesxx11.prefab,weapon_init_elvesx,False,True,50,,[],False,[],[],"[]",[]
weapon_init_elvesxx12,RGPrefab/Weapon/init_weapon/weapon_init_elvesxx12.prefab,weapon_init_elvesx,False,True,50,,[],False,[],[],"[]",[]
weapon_init_elvesxx13,RGPrefab/Weapon/init_weapon/weapon_init_elvesxx13.prefab,weapon_init_elvesx,False,True,50,,[],False,[],[],"[]",[]
weapon_init_elvesxx14,RGPrefab/Weapon/init_weapon/weapon_init_elvesxx14.prefab,weapon_init_elvesx,False,True,50,,[],False,[],[],"[]",[]
weapon_init_engineer,RGPrefab/Weapon/init_weapon/weapon_init_engineer.prefab,,False,True,0,,"[{""equipment"":""wi22_upgrade_kit""}]",False,"[{""item"":""material_gear"",""num"":2},{""item"":""material_iron"",""num"":2}]","[{""sourceWeapons"":[{""weapon"":""weapon_init_engineer""},{""weapon"":""weapon_init_engineer""}],""targetWeapon"":{""weapon"":""weapon_init_engineerx""}}]","[]","[{""talentName"":""MasterAccurate"",""bindingScript"":""WModDeviation"",""keyValueList"":[{""key"":""buffDeviation"",""type"":""System.Int32"",""value"":""-10""}],""customData"":"""",""autoBindScript"":true},{""talentName"":""MasterContinuous"",""bindingScript"":""WModContinuousCount"",""keyValueList"":[{""key"":""buffContinuousCount"",""type"":""System.Int32"",""value"":""1""}],""customData"":"""",""autoBindScript"":true},{""talentName"":""MasterReflection"",""bindingScript"":""WModReflection"",""keyValueList"":[{""key"":""buffReflectCount"",""type"":""System.Int32"",""value"":""1""}],""customData"":"""",""autoBindScript"":false}]"
weapon_init_engineerx,RGPrefab/Weapon/init_weapon/weapon_init_engineerx.prefab,,False,True,50,,"[]",False,"[{""item"":""material_gear"",""num"":3},{""item"":""material_iron"",""num"":3}]","[{""sourceWeapons"":[{""weapon"":""weapon_init_engineerx""},{""weapon"":""weapon_init_engineerx""}],""targetWeapon"":{""weapon"":""weapon_048""}}]","[]","[{""talentName"":""MasterAccurate"",""bindingScript"":""WModDeviation"",""keyValueList"":[{""key"":""buffDeviation"",""type"":""System.Int32"",""value"":""-10""}],""customData"":"""",""autoBindScript"":true},{""talentName"":""MasterContinuous"",""bindingScript"":""WModContinuousCount"",""keyValueList"":[{""key"":""buffContinuousCount"",""type"":""System.Int32"",""value"":""1""}],""customData"":"""",""autoBindScript"":true},{""talentName"":""MasterReflection"",""bindingScript"":""WModReflection"",""keyValueList"":[{""key"":""buffReflectCount"",""type"":""System.Int32"",""value"":""1""}],""customData"":"""",""autoBindScript"":false}]"
weapon_init_engineerxx,RGPrefab/Weapon/init_weapon/weapon_init_engineerxx.prefab,weapon_init_engineerx,False,True,50,,[],False,[],[],"[]",[]
weapon_init_engineerxx2,RGPrefab/Weapon/init_weapon/weapon_init_engineerxx2.prefab,weapon_init_engineerx,False,True,50,,[],False,[],[],"[]",[]
weapon_init_engineerxx3,RGPrefab/Weapon/init_weapon/weapon_init_engineerxx3.prefab,weapon_init_engineerx,False,True,50,,[],False,[],[],"[]",[]
weapon_init_engineerxx4,RGPrefab/Weapon/init_weapon/weapon_init_engineerxx4.prefab,weapon_init_engineerx,False,True,50,,[],False,[],[],"[]",[]
weapon_init_engineerxx5,RGPrefab/Weapon/init_weapon/weapon_init_engineerxx5.prefab,weapon_init_engineerx,False,True,50,,[],False,[],[],"[]",[]
weapon_init_engineerxx6,RGPrefab/Weapon/init_weapon/weapon_init_engineerxx6.prefab,weapon_init_engineerx,False,True,50,,[],False,[],[],"[]",[]
weapon_init_engineerxx7,RGPrefab/Weapon/init_weapon/weapon_init_engineerxx7.prefab,weapon_init_engineerx,False,True,50,,[],False,[],[],"[]",[]
weapon_init_engineerxx8,RGPrefab/Weapon/init_weapon/weapon_init_engineerxx8.prefab,weapon_init_engineerx,False,True,50,,[],False,[],[],"[]",[]
weapon_init_engineerxx9,RGPrefab/Weapon/init_weapon/weapon_init_engineerxx9.prefab,weapon_init_engineerx,False,True,50,,[],False,[],[],"[]",[]
weapon_init_engineerxx10,RGPrefab/Weapon/init_weapon/weapon_init_engineerxx10.prefab,weapon_init_engineerx,False,True,50,,[],False,[],[],"[]",[]
weapon_init_engineerxx11,RGPrefab/Weapon/init_weapon/weapon_init_engineerxx11.prefab,weapon_init_engineerx,False,True,50,,[],False,[],[],"[]",[]
weapon_init_engineerxx12,RGPrefab/Weapon/init_weapon/weapon_init_engineerxx12.prefab,weapon_init_engineerx,False,True,50,,[],False,[],[],"[]",[]
weapon_init_engineerxx13,RGPrefab/Weapon/init_weapon/weapon_init_engineerxx13.prefab,weapon_init_engineerx,False,True,50,,[],False,[],[],"[]",[]
weapon_init_envoy,RGPrefab/Weapon/init_weapon/weapon_init_envoy.prefab,,False,True,50,,"[]",False,"[{""item"":""material_iron"",""num"":2},{""item"":""material_fertilize"",""num"":2}]","[]","[]","[{""talentName"":""MasterHold"",""bindingScript"":""WModHoldSpeed"",""keyValueList"":[{""key"":""buffSpeedFactor"",""type"":""System.Single"",""value"":""2""}],""customData"":"""",""autoBindScript"":true},{""talentName"":""MasterStaff"",""bindingScript"":""WModAtkStaff"",""keyValueList"":[{""key"":""buffAtk"",""type"":""System.Int32"",""value"":""1""}],""customData"":"""",""autoBindScript"":true},{""talentName"":""ElementalStaff"",""bindingScript"":""WModAtkStaff"",""keyValueList"":[{""key"":""buffAtk"",""type"":""System.Int32"",""value"":""1""}],""customData"":"""",""autoBindScript"":true}]"
weapon_init_envoyx,RGPrefab/Weapon/init_weapon/weapon_init_envoyx.prefab,,False,True,50,weapon_init_envoy,"[]",False,"[{""item"":""material_iron"",""num"":3},{""item"":""material_fertilize"",""num"":3}]","[]","[]","[{""talentName"":""MasterHold"",""bindingScript"":""WModHoldSpeed"",""keyValueList"":[{""key"":""buffSpeedFactor"",""type"":""System.Single"",""value"":""2""}],""customData"":"""",""autoBindScript"":true},{""talentName"":""MasterStaff"",""bindingScript"":""WModAtkStaff"",""keyValueList"":[{""key"":""buffAtk"",""type"":""System.Int32"",""value"":""1""}],""customData"":"""",""autoBindScript"":true},{""talentName"":""ElementalStaff"",""bindingScript"":""WModAtkStaff"",""keyValueList"":[{""key"":""buffAtk"",""type"":""System.Int32"",""value"":""1""}],""customData"":"""",""autoBindScript"":true}]"
weapon_init_envoyxx,RGPrefab/Weapon/init_weapon/weapon_init_envoyxx.prefab,weapon_init_envoyx,False,True,50,weapon_init_envoy,[],False,[],[],"[]",[]
weapon_init_envoyxx2,RGPrefab/Weapon/init_weapon/weapon_init_envoyxx2.prefab,weapon_init_envoyx,False,True,50,weapon_init_envoy,[],False,[],[],"[]",[]
weapon_init_fighter,RGPrefab/Weapon/init_weapon/weapon_init_fighter.prefab,,False,True,50,weapon_init_fighter,"[{""equipment"":""wi22_upgrade_kit""}]",False,"[{""item"":""material_magic_red"",""num"":1},{""item"":""material_wood"",""num"":2}]","[]","[]","[{""talentName"":""MasterSwordRebound"",""bindingScript"":"""",""keyValueList"":[],""customData"":"""",""autoBindScript"":false}]"
weapon_init_fighterx,RGPrefab/Weapon/init_weapon/weapon_init_fighterx.prefab,,False,True,50,weapon_init_fighter,"[]",False,"[{""item"":""material_magic_red"",""num"":1},{""item"":""material_wood"",""num"":2}]","[]","[]","[{""talentName"":""MasterSwordRebound"",""bindingScript"":"""",""keyValueList"":[],""customData"":"""",""autoBindScript"":false}]"
weapon_init_fighterxx,RGPrefab/Weapon/init_weapon/weapon_init_fighterxx.prefab,weapon_init_fighterx,False,True,50,weapon_init_fighter,[],False,[],[],"[]",[]
weapon_init_fighterxx2,RGPrefab/Weapon/init_weapon/weapon_init_fighterxx2.prefab,weapon_init_fighterx,False,True,50,weapon_init_fighter,[],False,[],[],"[]",[]
weapon_init_fighterxx3,RGPrefab/Weapon/init_weapon/weapon_init_fighterxx3.prefab,weapon_init_fighterx,False,True,50,weapon_init_fighter,[],False,[],[],"[]",[]
weapon_init_fighterxx4,RGPrefab/Weapon/init_weapon/weapon_init_fighterxx4.prefab,weapon_init_fighterx,False,True,50,weapon_init_fighter,[],False,[],[],"[]",[]
weapon_init_fighterxx5,RGPrefab/Weapon/init_weapon/weapon_init_fighterxx5.prefab,weapon_init_fighterx,False,True,50,weapon_init_fighter,[],False,[],[],"[]",[]
weapon_init_fighterxx6,RGPrefab/Weapon/init_weapon/weapon_init_fighterxx6.prefab,weapon_init_fighterx,False,True,50,weapon_init_fighter,[],False,[],[],"[]",[]
weapon_init_fighterxx7,RGPrefab/Weapon/init_weapon/weapon_init_fighterxx7.prefab,weapon_init_fighterx,False,True,50,weapon_init_fighter,[],False,[],[],"[]",[]
weapon_init_fighterxx8,RGPrefab/Weapon/init_weapon/weapon_init_fighterxx8.prefab,weapon_init_fighterx,False,True,50,weapon_init_fighter,[],False,[],[],"[]",[]
weapon_init_gunsexpert,RGPrefab/Weapon/init_weapon/weapon_init_gunsexpert.prefab,,False,True,50,,"[{""equipment"":""wi22_upgrade_kit""}]",False,"[{""item"":""material_magic_red"",""num"":1},{""item"":""material_wood"",""num"":2}]","[]","[]","[]"
weapon_init_gunsexpertx,RGPrefab/Weapon/init_weapon/weapon_init_gunsexpertx.prefab,,False,False,0,,"[]",False,"[{""item"":""material_magic_orange"",""num"":1},{""item"":""material_wood"",""num"":2}]","[]","[]","[]"
weapon_init_gunsexpertxx,RGPrefab/Weapon/init_weapon/weapon_init_gunsexpertxx.prefab,weapon_init_gunsexpertx,False,False,0,,[],False,[],[],"[]",[]
weapon_init_gunsexpertxx2,RGPrefab/Weapon/init_weapon/weapon_init_gunsexpertxx2.prefab,weapon_init_gunsexpertx,False,False,0,,[],False,[],[],"[]",[]
weapon_init_joker,RGPrefab/Weapon/init_weapon/weapon_init_joker.prefab,,False,True,50,,"[{""equipment"":""wi22_upgrade_kit""}]",False,"[{""item"":""material_iron"",""num"":3},{""item"":""material_wood"",""num"":3}]","[]","[]","[{""talentName"":""MasterContinuous"",""bindingScript"":""WModContinuousCount"",""keyValueList"":[{""key"":""buffContinuousCount"",""type"":""System.Int32"",""value"":""1""}],""customData"":"""",""autoBindScript"":true},{""talentName"":""MasterHold"",""bindingScript"":""WModHoldSpeed"",""keyValueList"":[{""key"":""buffSpeedFactor"",""type"":""System.Single"",""value"":""2""}],""customData"":"""",""autoBindScript"":true},{""talentName"":""MasterSwordRange"",""bindingScript"":""WModBulletSizeMelee"",""keyValueList"":[{""key"":""buffScale"",""type"":""System.Single"",""value"":""1.2""},{""key"":""levelScale"",""type"":""System.Single"",""value"":""1.1""}],""customData"":"""",""autoBindScript"":true},{""talentName"":""MasterSwordRebound"",""bindingScript"":"""",""keyValueList"":[],""customData"":"""",""autoBindScript"":false}]"
weapon_init_jokerx,RGPrefab/Weapon/init_weapon/weapon_init_jokerx.prefab,,False,True,50,,"[]",False,"[{""item"":""material_iron"",""num"":3},{""item"":""material_wood"",""num"":3}]","[]","[]","[{""talentName"":""MasterContinuous"",""bindingScript"":""WModContinuousCount"",""keyValueList"":[{""key"":""buffContinuousCount"",""type"":""System.Int32"",""value"":""1""}],""customData"":"""",""autoBindScript"":true},{""talentName"":""MasterHold"",""bindingScript"":""WModHoldSpeed"",""keyValueList"":[{""key"":""buffSpeedFactor"",""type"":""System.Single"",""value"":""2""}],""customData"":"""",""autoBindScript"":true},{""talentName"":""MasterSwordRange"",""bindingScript"":""WModBulletSizeMelee"",""keyValueList"":[{""key"":""buffScale"",""type"":""System.Single"",""value"":""1.2""},{""key"":""levelScale"",""type"":""System.Single"",""value"":""1.1""}],""customData"":"""",""autoBindScript"":true},{""talentName"":""MasterSwordRebound"",""bindingScript"":"""",""keyValueList"":[],""customData"":"""",""autoBindScript"":false}]"
weapon_init_jokerxx,RGPrefab/Weapon/init_weapon/weapon_init_jokerxx.prefab,weapon_init_jokerx,False,True,50,,[],False,[],[],"[]",[]
weapon_init_jokerxx2,RGPrefab/Weapon/init_weapon/weapon_init_jokerxx2.prefab,weapon_init_jokerx,False,True,50,,[],False,[],[],"[]",[]
weapon_init_jokerxx3,RGPrefab/Weapon/init_weapon/weapon_init_jokerxx3.prefab,weapon_init_jokerx,False,True,50,,[],False,[],[],"[]",[]
weapon_init_jokerxx4,RGPrefab/Weapon/init_weapon/weapon_init_jokerxx4.prefab,weapon_init_jokerx,False,True,50,,[],False,[],[],"[]",[]
weapon_init_jokerxx5,RGPrefab/Weapon/init_weapon/weapon_init_jokerxx5.prefab,weapon_init_jokerx,False,True,50,,[],False,[],[],"[]",[]
weapon_init_ladychef,RGPrefab/Weapon/init_weapon/weapon_init_ladychef.prefab,,False,True,50,,"[{""equipment"":""wi22_upgrade_kit""}]",False,"[{""item"":""material_iron"",""num"":3},{""item"":""material_wood"",""num"":3}]","[]","[]","[{""talentName"":""MasterAccurate"",""bindingScript"":""WModDeviation"",""keyValueList"":[{""key"":""buffDeviation"",""type"":""System.Int32"",""value"":""-10""}],""customData"":"""",""autoBindScript"":true},{""talentName"":""MasterReflection"",""bindingScript"":""WModReflection"",""keyValueList"":[{""key"":""buffReflectCount"",""type"":""System.Int32"",""value"":""1""}],""customData"":"""",""autoBindScript"":false}]"
weapon_init_ladychefx,RGPrefab/Weapon/init_weapon/weapon_init_ladychefx.prefab,,False,True,50,,"[]",False,"[{""item"":""material_iron"",""num"":4},{""item"":""material_wood"",""num"":4}]","[]","[]","[{""talentName"":""MasterAccurate"",""bindingScript"":""WModDeviation"",""keyValueList"":[{""key"":""buffDeviation"",""type"":""System.Int32"",""value"":""-10""}],""customData"":"""",""autoBindScript"":true},{""talentName"":""MasterReflection"",""bindingScript"":""WModReflection"",""keyValueList"":[{""key"":""buffReflectCount"",""type"":""System.Int32"",""value"":""1""}],""customData"":"""",""autoBindScript"":false}]"
weapon_init_ladychefxx,RGPrefab/Weapon/init_weapon/weapon_init_ladychefxx.prefab,weapon_init_ladychefx,False,True,50,,[],False,[],[],"[]",[]
weapon_init_ladychefxx2,RGPrefab/Weapon/init_weapon/weapon_init_ladychefxx2.prefab,weapon_init_ladychefx,False,True,50,,[],False,[],[],"[]",[]
weapon_init_lancer,RGPrefab/Weapon/init_weapon/weapon_init_lancer.prefab,,False,True,50,weapon_init_lancer,"[{""equipment"":""wi22_upgrade_kit""}]",False,"[{""item"":""material_iron"",""num"":3},{""item"":""material_wood"",""num"":2}]","[]","[]","[{""talentName"":""MasterSwordRange"",""bindingScript"":""WModBulletSizeMelee"",""keyValueList"":[{""key"":""buffScale"",""type"":""System.Single"",""value"":""1.2""},{""key"":""levelScale"",""type"":""System.Single"",""value"":""1.1""}],""customData"":"""",""autoBindScript"":true},{""talentName"":""MasterSwordRebound"",""bindingScript"":"""",""keyValueList"":[],""customData"":"""",""autoBindScript"":false}]"
weapon_init_lancerx,RGPrefab/Weapon/init_weapon/weapon_init_lancerx.prefab,,False,True,50,weapon_init_lancer,"[]",False,"[{""item"":""material_iron"",""num"":3},{""item"":""material_wood"",""num"":2}]","[]","[]","[{""talentName"":""MasterSwordRange"",""bindingScript"":""WModBulletSizeMelee"",""keyValueList"":[{""key"":""buffScale"",""type"":""System.Single"",""value"":""1.2""},{""key"":""levelScale"",""type"":""System.Single"",""value"":""1.1""}],""customData"":"""",""autoBindScript"":true},{""talentName"":""MasterSwordRebound"",""bindingScript"":"""",""keyValueList"":[],""customData"":"""",""autoBindScript"":false}]"
weapon_init_lancerxx,RGPrefab/Weapon/init_weapon/weapon_init_lancerxx.prefab,weapon_init_lancerx,False,True,50,weapon_init_lancer,[],False,[],[],"[]",[]
weapon_init_lancerxx2,RGPrefab/Weapon/init_weapon/weapon_init_lancerxx2.prefab,weapon_init_lancerx,False,True,50,weapon_init_lancer,[],False,[],[],"[]",[]
weapon_init_lancerxx3,RGPrefab/Weapon/init_weapon/weapon_init_lancerxx3.prefab,weapon_init_lancerx,False,True,50,weapon_init_lancer,[],False,[],[],"[]",[]
weapon_init_lancerxx4,RGPrefab/Weapon/init_weapon/weapon_init_lancerxx4.prefab,weapon_init_lancerx,False,True,50,weapon_init_lancer,[],False,[],[],"[]",[]
weapon_init_lancerxx5,RGPrefab/Weapon/init_weapon/weapon_init_lancerxx5.prefab,weapon_init_lancerx,False,True,50,weapon_init_lancer,[],False,[],[],"[]",[]
weapon_init_lancerxx6,RGPrefab/Weapon/init_weapon/weapon_init_lancerxx6.prefab,weapon_init_lancerx,False,True,50,weapon_init_lancer,[],False,[],[],"[]",[]
weapon_init_lancerxx7,RGPrefab/Weapon/init_weapon/weapon_init_lancerxx7.prefab,weapon_init_lancerx,False,True,50,weapon_init_lancer,[],False,[],[],"[]",[]
weapon_init_mage,RGPrefab/Weapon/init_weapon/weapon_init_mage.prefab,,False,True,0,,"[{""equipment"":""wi22_upgrade_kit""}]",False,"[{""item"":""material_wood"",""num"":4}]","[]","[]","[{""talentName"":""MasterShotgun"",""bindingScript"":""WModCount"",""keyValueList"":[{""key"":""buffCount"",""type"":""System.Int32"",""value"":""1""}],""customData"":"""",""autoBindScript"":true},{""talentName"":""MasterAccurate"",""bindingScript"":""WModDeviation"",""keyValueList"":[{""key"":""buffDeviation"",""type"":""System.Int32"",""value"":""-7""}],""customData"":"""",""autoBindScript"":true},{""talentName"":""MasterStaff"",""bindingScript"":""WModAtkStaff"",""keyValueList"":[{""key"":""buffAtk"",""type"":""System.Int32"",""value"":""1""}],""customData"":"""",""autoBindScript"":true},{""talentName"":""ElementalStaff"",""bindingScript"":""WModAtkStaff"",""keyValueList"":[{""key"":""buffAtk"",""type"":""System.Int32"",""value"":""1""}],""customData"":"""",""autoBindScript"":true}]"
weapon_init_magex,RGPrefab/Weapon/init_weapon/weapon_init_magex.prefab,,False,True,50,,"[]",False,"[{""item"":""material_wood"",""num"":6}]","[]","[]","[{""talentName"":""MasterShotgun"",""bindingScript"":""WModCount"",""keyValueList"":[{""key"":""buffCount"",""type"":""System.Int32"",""value"":""1""}],""customData"":"""",""autoBindScript"":true},{""talentName"":""MasterAccurate"",""bindingScript"":""WModDeviation"",""keyValueList"":[{""key"":""buffDeviation"",""type"":""System.Int32"",""value"":""-7""}],""customData"":"""",""autoBindScript"":true},{""talentName"":""MasterStaff"",""bindingScript"":""WModAtkStaff"",""keyValueList"":[{""key"":""buffAtk"",""type"":""System.Int32"",""value"":""1""}],""customData"":"""",""autoBindScript"":true},{""talentName"":""ElementalStaff"",""bindingScript"":""WModAtkStaff"",""keyValueList"":[{""key"":""buffAtk"",""type"":""System.Int32"",""value"":""1""}],""customData"":"""",""autoBindScript"":true}]"
weapon_init_magexx,RGPrefab/Weapon/init_weapon/weapon_init_magexx.prefab,weapon_init_magex,False,True,50,,[],False,[],[],"[]",[]
weapon_init_magexx2,RGPrefab/Weapon/init_weapon/weapon_init_magexx2.prefab,weapon_init_magex,False,True,50,,[],False,[],[],"[]",[]
weapon_init_magexx3,RGPrefab/Weapon/init_weapon/weapon_init_magexx3.prefab,weapon_init_magex,False,True,50,,[],False,[],[],"[]",[]
weapon_init_magexx4,RGPrefab/Weapon/init_weapon/weapon_init_magexx4.prefab,weapon_init_magex,False,True,50,,[],False,[],[],"[]",[]
weapon_init_magexx5,RGPrefab/Weapon/init_weapon/weapon_init_magexx5.prefab,weapon_init_magex,False,True,50,,[],False,[],[],"[]",[]
weapon_init_magexx6,RGPrefab/Weapon/init_weapon/weapon_init_magexx6.prefab,weapon_init_magex,False,True,50,,[],False,[],[],"[]",[]
weapon_init_magexx7,RGPrefab/Weapon/init_weapon/weapon_init_magexx7.prefab,weapon_init_magex,False,True,50,,[],False,[],[],"[]",[]
weapon_init_magexx8,RGPrefab/Weapon/init_weapon/weapon_init_magexx8.prefab,weapon_init_magex,False,True,50,,[],False,[],[],"[]",[]
weapon_init_magexx9,RGPrefab/Weapon/init_weapon/weapon_init_magexx9.prefab,weapon_init_magex,False,True,50,,[],False,[],[],"[]",[]
weapon_init_magexx10,RGPrefab/Weapon/init_weapon/weapon_init_magexx10.prefab,weapon_init_magex,False,True,50,,[],False,[],[],"[]",[]
weapon_init_magexx11,RGPrefab/Weapon/init_weapon/weapon_init_magexx11.prefab,weapon_init_magex,False,True,50,,[],False,[],[],"[]",[]
weapon_init_magexx12,RGPrefab/Weapon/init_weapon/weapon_init_magexx12.prefab,weapon_init_magex,False,True,50,,[],False,[],[],"[]",[]
weapon_init_magexx13,RGPrefab/Weapon/init_weapon/weapon_init_magexx13.prefab,weapon_init_magex,False,True,50,,[],False,[],[],"[]",[]
weapon_init_magexx14,RGPrefab/Weapon/init_weapon/weapon_init_magexx14.prefab,weapon_init_magex,False,True,50,,[],False,[],[],"[]",[]
weapon_init_magexx15,RGPrefab/Weapon/init_weapon/weapon_init_magexx15.prefab,weapon_init_magex,False,True,50,,[],False,[],[],"[]",[]
weapon_init_miner,RGPrefab/Weapon/init_weapon/weapon_init_miner.prefab,,False,True,0,weapon_init_miner,"[{""equipment"":""wi22_upgrade_kit""}]",False,"[{""item"":""material_iron"",""num"":2},{""item"":""material_wood"",""num"":2}]","[]","[]","[{""talentName"":""MasterContinuous"",""bindingScript"":""WModContinuousCount"",""keyValueList"":[{""key"":""buffContinuousCount"",""type"":""System.Int32"",""value"":""1""}],""customData"":"""",""autoBindScript"":true},{""talentName"":""MasterHold"",""bindingScript"":""WModHoldSpeed"",""keyValueList"":[{""key"":""buffSpeedFactor"",""type"":""System.Single"",""value"":""2""}],""customData"":"""",""autoBindScript"":true},{""talentName"":""MasterSwordRange"",""bindingScript"":""WModBulletSizeMelee"",""keyValueList"":[{""key"":""buffScale"",""type"":""System.Single"",""value"":""1.2""},{""key"":""levelScale"",""type"":""System.Single"",""value"":""1.1""}],""customData"":"""",""autoBindScript"":true},{""talentName"":""MasterSwordRebound"",""bindingScript"":"""",""keyValueList"":[],""customData"":"""",""autoBindScript"":false}]"
weapon_init_minerx,RGPrefab/Weapon/init_weapon/weapon_init_minerx.prefab,,False,True,50,weapon_init_miner,"[]",False,"[{""item"":""material_iron"",""num"":2},{""item"":""material_wood"",""num"":2}]","[]","[]","[{""talentName"":""MasterContinuous"",""bindingScript"":""WModContinuousCount"",""keyValueList"":[{""key"":""buffContinuousCount"",""type"":""System.Int32"",""value"":""1""}],""customData"":"""",""autoBindScript"":true},{""talentName"":""MasterHold"",""bindingScript"":""WModHoldSpeed"",""keyValueList"":[{""key"":""buffSpeedFactor"",""type"":""System.Single"",""value"":""2""}],""customData"":"""",""autoBindScript"":true},{""talentName"":""MasterSwordRange"",""bindingScript"":""WModBulletSizeMelee"",""keyValueList"":[{""key"":""buffScale"",""type"":""System.Single"",""value"":""1.2""},{""key"":""levelScale"",""type"":""System.Single"",""value"":""1.1""}],""customData"":"""",""autoBindScript"":true},{""talentName"":""MasterSwordRebound"",""bindingScript"":"""",""keyValueList"":[],""customData"":"""",""autoBindScript"":false}]"
weapon_init_minerxx,RGPrefab/Weapon/init_weapon/weapon_init_minerxx.prefab,weapon_init_minerx,False,True,50,weapon_init_miner,[],False,[],[],"[]",[]
weapon_init_minerxx2,RGPrefab/Weapon/init_weapon/weapon_init_minerxx2.prefab,weapon_init_minerx,False,True,50,weapon_init_miner,[],False,[],[],"[]",[]
weapon_init_minerxx3,RGPrefab/Weapon/init_weapon/weapon_init_minerxx3.prefab,weapon_init_minerx,False,True,50,weapon_init_miner,[],False,[],[],"[]",[]
weapon_init_minerxx4,RGPrefab/Weapon/init_weapon/weapon_init_minerxx4.prefab,weapon_init_minerx,False,True,50,weapon_init_miner,[],False,[],[],"[]",[]
weapon_init_minerxx5,RGPrefab/Weapon/init_weapon/weapon_init_minerxx5.prefab,weapon_init_minerx,False,True,50,weapon_init_miner,[],False,[],[],"[]",[]
weapon_init_minerxx6,RGPrefab/Weapon/init_weapon/weapon_init_minerxx6.prefab,weapon_init_minerx,False,True,50,weapon_init_miner,[],False,[],[],"[]",[]
weapon_init_minerxx7,RGPrefab/Weapon/init_weapon/weapon_init_minerxx7.prefab,weapon_init_minerx,False,True,50,weapon_init_miner,[],False,[],[],"[]",[]
weapon_init_minerxx8,RGPrefab/Weapon/init_weapon/weapon_init_minerxx8.prefab,weapon_init_minerx,False,True,50,weapon_init_miner,[],False,[],[],"[]",[]
weapon_init_minerxx9,RGPrefab/Weapon/init_weapon/weapon_init_minerxx9.prefab,weapon_init_minerx,False,True,50,weapon_init_miner,[],False,[],[],"[]",[]
weapon_init_minerxx10,RGPrefab/Weapon/init_weapon/weapon_init_minerxx10.prefab,weapon_init_minerx,False,True,50,weapon_init_miner,[],False,[],[],"[]",[]
weapon_init_minerxx11,RGPrefab/Weapon/init_weapon/weapon_init_minerxx11.prefab,weapon_init_minerx,False,True,50,weapon_init_miner,[],False,[],[],"[]",[]
weapon_init_minerxx12,RGPrefab/Weapon/init_weapon/weapon_init_minerxx12.prefab,weapon_init_minerx,False,True,50,weapon_init_miner,[],False,[],[],"[]",[]
weapon_init_necromancer,RGPrefab/Weapon/init_weapon/weapon_init_necromancer.prefab,,False,True,0,,"[{""equipment"":""wi22_upgrade_kit""}]",False,"[{""item"":""material_wood"",""num"":4}]","[]","[]","[{""talentName"":""MasterShotgun"",""bindingScript"":""WModCount"",""keyValueList"":[{""key"":""buffCount"",""type"":""System.Int32"",""value"":""1""}],""customData"":"""",""autoBindScript"":true},{""talentName"":""MasterAccurate"",""bindingScript"":""WModDeviation"",""keyValueList"":[{""key"":""buffDeviation"",""type"":""System.Int32"",""value"":""-7""}],""customData"":"""",""autoBindScript"":true},{""talentName"":""MasterStaff"",""bindingScript"":""WModAtkStaff"",""keyValueList"":[{""key"":""buffAtk"",""type"":""System.Int32"",""value"":""1""}],""customData"":"""",""autoBindScript"":true},{""talentName"":""ElementalStaff"",""bindingScript"":""WModAtkStaff"",""keyValueList"":[{""key"":""buffAtk"",""type"":""System.Int32"",""value"":""1""}],""customData"":"""",""autoBindScript"":true}]"
weapon_init_necromancerx,RGPrefab/Weapon/init_weapon/weapon_init_necromancerx.prefab,,False,True,50,,"[]",False,"[{""item"":""material_wood"",""num"":6}]","[]","[]","[{""talentName"":""MasterShotgun"",""bindingScript"":""WModCount"",""keyValueList"":[{""key"":""buffCount"",""type"":""System.Int32"",""value"":""1""}],""customData"":"""",""autoBindScript"":true},{""talentName"":""MasterAccurate"",""bindingScript"":""WModDeviation"",""keyValueList"":[{""key"":""buffDeviation"",""type"":""System.Int32"",""value"":""-7""}],""customData"":"""",""autoBindScript"":true},{""talentName"":""MasterStaff"",""bindingScript"":""WModAtkStaff"",""keyValueList"":[{""key"":""buffAtk"",""type"":""System.Int32"",""value"":""1""}],""customData"":"""",""autoBindScript"":true},{""talentName"":""ElementalStaff"",""bindingScript"":""WModAtkStaff"",""keyValueList"":[{""key"":""buffAtk"",""type"":""System.Int32"",""value"":""1""}],""customData"":"""",""autoBindScript"":true}]"
weapon_init_necromancerxx,RGPrefab/Weapon/init_weapon/weapon_init_necromancerxx.prefab,weapon_init_necromancerx,False,True,50,,[],False,[],[],"[]",[]
weapon_init_necromancerxx2,RGPrefab/Weapon/init_weapon/weapon_init_necromancerxx2.prefab,weapon_init_necromancerx,False,True,50,,[],False,[],[],"[]",[]
weapon_init_necromancerxx3,RGPrefab/Weapon/init_weapon/weapon_init_necromancerxx3.prefab,weapon_init_necromancerx,False,True,50,,[],False,[],[],"[]",[]
weapon_init_necromancerxx4,RGPrefab/Weapon/init_weapon/weapon_init_necromancerxx4.prefab,weapon_init_necromancerx,False,True,50,,[],False,[],[],"[]",[]
weapon_init_necromancerxx5,RGPrefab/Weapon/init_weapon/weapon_init_necromancerxx5.prefab,weapon_init_necromancerx,False,True,50,,[],False,[],[],"[]",[]
weapon_init_necromancerxx6,RGPrefab/Weapon/init_weapon/weapon_init_necromancerxx6.prefab,weapon_init_necromancerx,False,True,50,,[],False,[],[],"[]",[]
weapon_init_necromancerxx7,RGPrefab/Weapon/init_weapon/weapon_init_necromancerxx7.prefab,weapon_init_necromancerx,False,True,50,,[],False,[],[],"[]",[]
weapon_init_necromancerxx8,RGPrefab/Weapon/init_weapon/weapon_init_necromancerxx8.prefab,weapon_init_necromancerx,False,True,50,,[],False,[],[],"[]",[]
weapon_init_necromancerxx9,RGPrefab/Weapon/init_weapon/weapon_init_necromancerxx9.prefab,weapon_init_necromancerx,False,True,50,,[],False,[],[],"[]",[]
weapon_init_necromancerxx10,RGPrefab/Weapon/init_weapon/weapon_init_necromancerxx10.prefab,weapon_init_necromancerx,False,True,50,,[],False,[],[],"[]",[]
weapon_init_necromancerxx11,RGPrefab/Weapon/init_weapon/weapon_init_necromancerxx11.prefab,weapon_init_necromancerx,False,True,50,,[],False,[],[],"[]",[]
weapon_init_necromancerxx12,RGPrefab/Weapon/init_weapon/weapon_init_necromancerxx12.prefab,weapon_init_necromancerx,False,True,50,,[],False,[],[],"[]",[]
weapon_init_necromancerxx13,RGPrefab/Weapon/init_weapon/weapon_init_necromancerxx13.prefab,weapon_init_necromancerx,False,True,50,,[],False,[],[],"[]",[]
weapon_init_necromancerxx14,RGPrefab/Weapon/init_weapon/weapon_init_necromancerxx14.prefab,weapon_init_necromancerx,False,True,50,,[],False,[],[],"[]",[]
weapon_init_necromancerxx15,RGPrefab/Weapon/init_weapon/weapon_init_necromancerxx15.prefab,weapon_init_necromancerx,False,True,50,,[],False,[],[],"[]",[]
weapon_init_ninja,RGPrefab/Weapon/init_weapon/weapon_init_ninja.prefab,,False,True,50,,"[]",False,"[{""item"":""material_gear"",""num"":3},{""item"":""material_battery"",""num"":3}]","[]","[]","[{""talentName"":""MasterSwordRange"",""bindingScript"":""WModBulletSizeMelee"",""keyValueList"":[{""key"":""buffScale"",""type"":""System.Single"",""value"":""1.2""},{""key"":""levelScale"",""type"":""System.Single"",""value"":""1.1""}],""customData"":"""",""autoBindScript"":true},{""talentName"":""MasterSwordRebound"",""bindingScript"":"""",""keyValueList"":[],""customData"":"""",""autoBindScript"":false}]"
weapon_init_ninjax,RGPrefab/Weapon/init_weapon/weapon_init_ninjax.prefab,,False,True,50,weapon_init_ninja,"[]",False,"[{""item"":""material_gear"",""num"":3},{""item"":""material_battery"",""num"":3}]","[]","[]","[{""talentName"":""MasterSwordRange"",""bindingScript"":""WModBulletSizeMelee"",""keyValueList"":[{""key"":""buffScale"",""type"":""System.Single"",""value"":""1.2""},{""key"":""levelScale"",""type"":""System.Single"",""value"":""1.1""}],""customData"":"""",""autoBindScript"":true},{""talentName"":""MasterSwordRebound"",""bindingScript"":"""",""keyValueList"":[],""customData"":"""",""autoBindScript"":false}]"
weapon_init_ninjaxx,RGPrefab/Weapon/init_weapon/weapon_init_ninjaxx.prefab,weapon_init_ninjax,False,True,50,weapon_init_ninja,[],False,[],[],"[]",[]
weapon_init_ninjaxx2,RGPrefab/Weapon/init_weapon/weapon_init_ninjaxx2.prefab,weapon_init_ninjax,False,True,50,weapon_init_ninja,[],False,[],[],"[]",[]
weapon_init_ninjaxx3,RGPrefab/Weapon/init_weapon/weapon_init_ninjaxx3.prefab,weapon_init_ninjax,False,True,50,weapon_init_ninja,[],False,[],[],"[]",[]
weapon_init_ninjaxx4,RGPrefab/Weapon/init_weapon/weapon_init_ninjaxx4.prefab,weapon_init_ninjax,False,True,50,weapon_init_ninja,[],False,[],[],"[]",[]
weapon_init_officer,RGPrefab/Weapon/init_weapon/weapon_init_officer.prefab,,False,True,0,,"[{""equipment"":""wi22_upgrade_kit""}]",False,"[{""item"":""material_iron"",""num"":2},{""item"":""material_gear"",""num"":2}]","[]","[]","[{""talentName"":""MasterAccurate"",""bindingScript"":""WModDeviation"",""keyValueList"":[{""key"":""buffDeviation"",""type"":""System.Int32"",""value"":""-10""}],""customData"":"""",""autoBindScript"":true},{""talentName"":""MasterReflection"",""bindingScript"":""WModReflection"",""keyValueList"":[{""key"":""buffReflectCount"",""type"":""System.Int32"",""value"":""1""}],""customData"":"""",""autoBindScript"":false}]"
weapon_init_officerx,RGPrefab/Weapon/init_weapon/weapon_init_officerx.prefab,,False,True,50,,"[]",False,"[{""item"":""material_iron"",""num"":2},{""item"":""material_gear"",""num"":2}]","[]","[]","[{""talentName"":""MasterAccurate"",""bindingScript"":""WModDeviation"",""keyValueList"":[{""key"":""buffDeviation"",""type"":""System.Int32"",""value"":""-10""}],""customData"":"""",""autoBindScript"":true},{""talentName"":""MasterReflection"",""bindingScript"":""WModReflection"",""keyValueList"":[{""key"":""buffReflectCount"",""type"":""System.Int32"",""value"":""1""}],""customData"":"""",""autoBindScript"":false}]"
weapon_init_officerxx,RGPrefab/Weapon/init_weapon/weapon_init_officerxx.prefab,weapon_init_officerx,False,True,50,,[],False,[],[],"[]",[]
weapon_init_officerxx2,RGPrefab/Weapon/init_weapon/weapon_init_officerxx2.prefab,weapon_init_officerx,False,True,50,,[],False,[],[],"[]",[]
weapon_init_officerxx3,RGPrefab/Weapon/init_weapon/weapon_init_officerxx3.prefab,weapon_init_officerx,False,True,50,,[],False,[],[],"[]",[]
weapon_init_officerxx4,RGPrefab/Weapon/init_weapon/weapon_init_officerxx4.prefab,weapon_init_officerx,False,True,50,,[],False,[],[],"[]",[]
weapon_init_officerxx5,RGPrefab/Weapon/init_weapon/weapon_init_officerxx5.prefab,weapon_init_officerx,False,True,50,,[],False,[],[],"[]",[]
weapon_init_officerxx6,RGPrefab/Weapon/init_weapon/weapon_init_officerxx6.prefab,weapon_init_officerx,False,True,50,,[],False,[],[],"[]",[]
weapon_init_officerxx7,RGPrefab/Weapon/init_weapon/weapon_init_officerxx7.prefab,weapon_init_officerx,False,True,50,,[],False,[],[],"[]",[]
weapon_init_officerxx8,RGPrefab/Weapon/init_weapon/weapon_init_officerxx8.prefab,weapon_init_officerx,False,True,50,,[],False,[],[],"[]",[]
weapon_init_officerxx9,RGPrefab/Weapon/init_weapon/weapon_init_officerxx9.prefab,weapon_init_officerx,False,True,50,,[],False,[],[],"[]",[]
weapon_init_officerxx10,RGPrefab/Weapon/init_weapon/weapon_init_officerxx10.prefab,weapon_init_officerx,False,True,50,,[],False,[],[],"[]",[]
weapon_init_officerxx11,RGPrefab/Weapon/init_weapon/weapon_init_officerxx11.prefab,weapon_init_officerx,False,True,50,,[],False,[],[],"[]",[]
weapon_init_officerxx12,RGPrefab/Weapon/init_weapon/weapon_init_officerxx12.prefab,weapon_init_officerx,False,True,50,,[],False,[],[],"[]",[]
weapon_init_paladin,RGPrefab/Weapon/init_weapon/weapon_init_paladin.prefab,,False,True,0,,"[{""equipment"":""wi22_upgrade_kit""}]",False,"[{""item"":""material_iron"",""num"":4}]","[]","[]","[{""talentName"":""MasterHold"",""bindingScript"":""WModHoldSpeed"",""keyValueList"":[{""key"":""buffSpeedFactor"",""type"":""System.Single"",""value"":""2""}],""customData"":"""",""autoBindScript"":true},{""talentName"":""MasterSwordRange"",""bindingScript"":""WModBulletSizeMelee"",""keyValueList"":[{""key"":""buffScale"",""type"":""System.Single"",""value"":""1.5""},{""key"":""levelScale"",""type"":""System.Single"",""value"":""1.1""}],""customData"":"""",""autoBindScript"":true}]"
weapon_init_paladinx,RGPrefab/Weapon/init_weapon/weapon_init_paladinx.prefab,,False,True,50,,"[]",False,"[{""item"":""material_iron"",""num"":6}]","[]","[]","[{""talentName"":""MasterHold"",""bindingScript"":""WModHoldSpeed"",""keyValueList"":[{""key"":""buffSpeedFactor"",""type"":""System.Single"",""value"":""2""}],""customData"":"""",""autoBindScript"":true},{""talentName"":""MasterSwordRange"",""bindingScript"":""WModBulletSizeMelee"",""keyValueList"":[{""key"":""buffScale"",""type"":""System.Single"",""value"":""1.5""},{""key"":""levelScale"",""type"":""System.Single"",""value"":""1.1""}],""customData"":"""",""autoBindScript"":true}]"
weapon_init_paladinxx,RGPrefab/Weapon/init_weapon/weapon_init_paladinxx.prefab,weapon_init_paladinx,False,True,50,,[],False,[],[],"[]",[]
weapon_init_paladinxx2,RGPrefab/Weapon/init_weapon/weapon_init_paladinxx2.prefab,weapon_init_paladinx,False,True,50,,[],False,[],[],"[]",[]
weapon_init_paladinxx3,RGPrefab/Weapon/init_weapon/weapon_init_paladinxx3.prefab,weapon_init_paladinx,False,True,50,,[],False,[],[],"[]",[]
weapon_init_paladinxx4,RGPrefab/Weapon/init_weapon/weapon_init_paladinxx4.prefab,weapon_init_paladinx,False,True,50,,[],False,[],[],"[]",[]
weapon_init_paladinxx5,RGPrefab/Weapon/init_weapon/weapon_init_paladinxx5.prefab,weapon_init_paladinx,False,True,50,,[],False,[],[],"[]",[]
weapon_init_paladinxx6,RGPrefab/Weapon/init_weapon/weapon_init_paladinxx6.prefab,weapon_init_paladinx,False,True,50,,[],False,[],[],"[]",[]
weapon_init_paladinxx7,RGPrefab/Weapon/init_weapon/weapon_init_paladinxx7.prefab,weapon_init_paladinx,False,True,50,,[],False,[],[],"[]",[]
weapon_init_paladinxx8,RGPrefab/Weapon/init_weapon/weapon_init_paladinxx8.prefab,weapon_init_paladinx,False,True,50,,[],False,[],[],"[]",[]
weapon_init_paladinxx9,RGPrefab/Weapon/init_weapon/weapon_init_paladinxx9.prefab,weapon_init_paladinx,False,True,50,,[],False,[],[],"[]",[]
weapon_init_paladinxx10,RGPrefab/Weapon/init_weapon/weapon_init_paladinxx10.prefab,weapon_init_paladinx,False,True,50,,[],False,[],[],"[]",[]
weapon_init_paladinxx11,RGPrefab/Weapon/init_weapon/weapon_init_paladinxx11.prefab,weapon_init_paladinx,False,True,50,,[],False,[],[],"[]",[]
weapon_init_paladinxx12,RGPrefab/Weapon/init_weapon/weapon_init_paladinxx12.prefab,weapon_init_paladinx,False,True,50,,[],False,[],[],"[]",[]
weapon_init_paladinxx13,RGPrefab/Weapon/init_weapon/weapon_init_paladinxx13.prefab,weapon_init_paladinx,False,True,50,,[],False,[],[],"[]",[]
weapon_init_priest,RGPrefab/Weapon/init_weapon/weapon_init_priest.prefab,,False,True,0,,"[{""equipment"":""wi22_upgrade_kit""}]",False,"[{""item"":""material_wood"",""num"":4}]","[]","[]","[{""talentName"":""MasterShotgun"",""bindingScript"":""WModCount"",""keyValueList"":[{""key"":""buffCount"",""type"":""System.Int32"",""value"":""2""}],""customData"":"""",""autoBindScript"":true},{""talentName"":""MasterStaff"",""bindingScript"":""WModAtkStaff"",""keyValueList"":[{""key"":""buffAtk"",""type"":""System.Int32"",""value"":""2""}],""customData"":"""",""autoBindScript"":true},{""talentName"":""ElementalStaff"",""bindingScript"":""WModAtkStaff"",""keyValueList"":[{""key"":""buffAtk"",""type"":""System.Int32"",""value"":""2""}],""customData"":"""",""autoBindScript"":true}]"
weapon_init_priestx,RGPrefab/Weapon/init_weapon/weapon_init_priestx.prefab,,False,True,50,,"[]",False,"[{""item"":""material_wood"",""num"":6}]","[]","[]","[{""talentName"":""MasterShotgun"",""bindingScript"":""WModCount"",""keyValueList"":[{""key"":""buffCount"",""type"":""System.Int32"",""value"":""2""}],""customData"":"""",""autoBindScript"":true},{""talentName"":""MasterStaff"",""bindingScript"":""WModAtkStaff"",""keyValueList"":[{""key"":""buffAtk"",""type"":""System.Int32"",""value"":""2""}],""customData"":"""",""autoBindScript"":true},{""talentName"":""ElementalStaff"",""bindingScript"":""WModAtkStaff"",""keyValueList"":[{""key"":""buffAtk"",""type"":""System.Int32"",""value"":""2""}],""customData"":"""",""autoBindScript"":true}]"
weapon_init_priestxx,RGPrefab/Weapon/init_weapon/weapon_init_priestxx.prefab,weapon_init_priestx,False,True,50,,[],False,[],[],"[]",[]
weapon_init_priestxx2,RGPrefab/Weapon/init_weapon/weapon_init_priestxx2.prefab,weapon_init_priestx,False,True,50,,[],False,[],[],"[]",[]
weapon_init_priestxx3,RGPrefab/Weapon/init_weapon/weapon_init_priestxx3.prefab,weapon_init_priestx,False,True,50,,[],False,[],[],"[]",[]
weapon_init_priestxx4,RGPrefab/Weapon/init_weapon/weapon_init_priestxx4.prefab,weapon_init_priestx,False,True,50,,[],False,[],[],"[]",[]
weapon_init_priestxx5,RGPrefab/Weapon/init_weapon/weapon_init_priestxx5.prefab,weapon_init_priestx,False,True,50,,[],False,[],[],"[]",[]
weapon_init_priestxx6,RGPrefab/Weapon/init_weapon/weapon_init_priestxx6.prefab,weapon_init_priestx,False,True,50,,[],False,[],[],"[]",[]
weapon_init_priestxx7,RGPrefab/Weapon/init_weapon/weapon_init_priestxx7.prefab,weapon_init_priestx,False,True,50,,[],False,[],[],"[]",[]
weapon_init_priestxx8,RGPrefab/Weapon/init_weapon/weapon_init_priestxx8.prefab,weapon_init_priestx,False,True,50,,[],False,[],[],"[]",[]
weapon_init_priestxx9,RGPrefab/Weapon/init_weapon/weapon_init_priestxx9.prefab,weapon_init_priestx,False,True,50,,[],False,[],[],"[]",[]
weapon_init_priestxx10,RGPrefab/Weapon/init_weapon/weapon_init_priestxx10.prefab,weapon_init_priestx,False,True,50,,[],False,[],[],"[]",[]
weapon_init_priestxx11,RGPrefab/Weapon/init_weapon/weapon_init_priestxx11.prefab,weapon_init_priestx,False,True,50,,[],False,[],[],"[]",[]
weapon_init_priestxx12,RGPrefab/Weapon/init_weapon/weapon_init_priestxx12.prefab,weapon_init_priestx,False,True,50,,[],False,[],[],"[]",[]
weapon_init_priestxx13,RGPrefab/Weapon/init_weapon/weapon_init_priestxx13.prefab,weapon_init_priestx,False,True,50,,[],False,[],[],"[]",[]
weapon_init_priestxx14,RGPrefab/Weapon/init_weapon/weapon_init_priestxx14.prefab,weapon_init_priestx,False,True,50,,[],False,[],[],"[]",[]
weapon_init_ranger,RGPrefab/Weapon/init_weapon/weapon_init_ranger.prefab,,False,True,0,,"[{""equipment"":""wi22_upgrade_kit""}]",False,"[{""item"":""material_wood"",""num"":3},{""item"":""material_iron"",""num"":3}]","[]","[]","[{""talentName"":""MasterAccurate"",""bindingScript"":""WModDeviation"",""keyValueList"":[{""key"":""buffDeviation"",""type"":""System.Int32"",""value"":""-10""}],""customData"":"""",""autoBindScript"":true},{""talentName"":""MasterReflection"",""bindingScript"":""WModReflection"",""keyValueList"":[{""key"":""buffReflectCount"",""type"":""System.Int32"",""value"":""1""}],""customData"":"""",""autoBindScript"":false}]"
weapon_init_rangerx,RGPrefab/Weapon/init_weapon/weapon_init_rangerx.prefab,,False,True,50,,"[]",False,"[{""item"":""material_wood"",""num"":4},{""item"":""material_iron"",""num"":4}]","[]","[]","[{""talentName"":""MasterAccurate"",""bindingScript"":""WModDeviation"",""keyValueList"":[{""key"":""buffDeviation"",""type"":""System.Int32"",""value"":""-10""}],""customData"":"""",""autoBindScript"":true},{""talentName"":""MasterReflection"",""bindingScript"":""WModReflection"",""keyValueList"":[{""key"":""buffReflectCount"",""type"":""System.Int32"",""value"":""1""}],""customData"":"""",""autoBindScript"":false}]"
weapon_init_rangerxx,RGPrefab/Weapon/init_weapon/weapon_init_rangerxx.prefab,weapon_init_rangerx,False,True,50,,[],False,[],[],"[]",[]
weapon_init_rangerxx2,RGPrefab/Weapon/init_weapon/weapon_init_rangerxx2.prefab,weapon_init_rangerx,False,True,50,,[],False,[],[],"[]",[]
weapon_init_rangerxx3,RGPrefab/Weapon/init_weapon/weapon_init_rangerxx3.prefab,weapon_init_rangerx,False,True,50,,[],False,[],[],"[]",[]
weapon_init_rangerxx4,RGPrefab/Weapon/init_weapon/weapon_init_rangerxx4.prefab,weapon_init_rangerx,False,True,50,,[],False,[],[],"[]",[]
weapon_init_rangerxx5,RGPrefab/Weapon/init_weapon/weapon_init_rangerxx5.prefab,weapon_init_rangerx,False,True,50,,[],False,[],[],"[]",[]
weapon_init_rangerxx6,RGPrefab/Weapon/init_weapon/weapon_init_rangerxx6.prefab,weapon_init_rangerx,False,True,50,,[],False,[],[],"[]",[]
weapon_init_rangerxx7,RGPrefab/Weapon/init_weapon/weapon_init_rangerxx7.prefab,weapon_init_rangerx,False,True,50,,[],False,[],[],"[]",[]
weapon_init_rangerxx8,RGPrefab/Weapon/init_weapon/weapon_init_rangerxx8.prefab,weapon_init_rangerx,False,True,50,,[],False,[],[],"[]",[]
weapon_init_rangerxx9,RGPrefab/Weapon/init_weapon/weapon_init_rangerxx9.prefab,weapon_init_rangerx,False,True,50,,[],False,[],[],"[]",[]
weapon_init_rangerxx10,RGPrefab/Weapon/init_weapon/weapon_init_rangerxx10.prefab,weapon_init_rangerx,False,True,50,,[],False,[],[],"[]",[]
weapon_init_rangerxx11,RGPrefab/Weapon/init_weapon/weapon_init_rangerxx11.prefab,weapon_init_rangerx,False,True,50,,[],False,[],[],"[]",[]
weapon_init_rangerxx12,RGPrefab/Weapon/init_weapon/weapon_init_rangerxx12.prefab,weapon_init_rangerx,False,True,50,,[],False,[],[],"[]",[]
weapon_init_rangerxx13,RGPrefab/Weapon/init_weapon/weapon_init_rangerxx13.prefab,weapon_init_rangerx,False,True,50,,[],False,[],[],"[]",[]
weapon_init_rangerxx14,RGPrefab/Weapon/init_weapon/weapon_init_rangerxx14.prefab,weapon_init_rangerx,False,True,50,,[],False,[],[],"[]",[]
weapon_init_rangerxx15,RGPrefab/Weapon/init_weapon/weapon_init_rangerxx15.prefab,weapon_init_rangerx,False,True,50,,[],False,[],[],"[]",[]
weapon_init_rangerxx16,RGPrefab/Weapon/init_weapon/weapon_init_rangerxx16.prefab,weapon_init_rangerx,False,True,50,,[],False,[],[],"[]",[]
weapon_init_robot,RGPrefab/Weapon/init_weapon/weapon_init_robot.prefab,,False,True,0,,"[{""equipment"":""wi22_upgrade_kit""}]",False,"[{""item"":""material_battery"",""num"":2},{""item"":""material_iron"",""num"":2}]","[]","[]","[{""talentName"":""MasterAccurate"",""bindingScript"":""WModDeviation"",""keyValueList"":[{""key"":""buffDeviation"",""type"":""System.Int32"",""value"":""-10""}],""customData"":"""",""autoBindScript"":true},{""talentName"":""MasterLaser"",""bindingScript"":""WModMasterLaser"",""keyValueList"":[{""key"":""buffAtk"",""type"":""System.Int32"",""value"":""1""},{""key"":""buffScale"",""type"":""System.Single"",""value"":""2""}],""customData"":"""",""autoBindScript"":true},{""talentName"":""MasterReflection"",""bindingScript"":""WModReflection"",""keyValueList"":[{""key"":""buffReflectCount"",""type"":""System.Int32"",""value"":""1""}],""customData"":"""",""autoBindScript"":true}]"
weapon_init_robotx,RGPrefab/Weapon/init_weapon/weapon_init_robotx.prefab,,False,True,50,,"[]",False,"[{""item"":""material_battery"",""num"":3},{""item"":""material_iron"",""num"":3}]","[]","[]","[{""talentName"":""MasterAccurate"",""bindingScript"":""WModDeviation"",""keyValueList"":[{""key"":""buffDeviation"",""type"":""System.Int32"",""value"":""-10""}],""customData"":"""",""autoBindScript"":true},{""talentName"":""MasterLaser"",""bindingScript"":""WModMasterLaser"",""keyValueList"":[{""key"":""buffAtk"",""type"":""System.Int32"",""value"":""1""},{""key"":""buffScale"",""type"":""System.Single"",""value"":""2""}],""customData"":"""",""autoBindScript"":true},{""talentName"":""MasterReflection"",""bindingScript"":""WModReflection"",""keyValueList"":[{""key"":""buffReflectCount"",""type"":""System.Int32"",""value"":""1""}],""customData"":"""",""autoBindScript"":true}]"
weapon_init_robotxx,RGPrefab/Weapon/init_weapon/weapon_init_robotxx.prefab,weapon_init_robotx,False,True,50,,[],False,[],[],"[]",[]
weapon_init_robotxx2,RGPrefab/Weapon/init_weapon/weapon_init_robotxx2.prefab,weapon_init_robotx,False,True,50,,[],False,[],[],"[]",[]
weapon_init_robotxx3,RGPrefab/Weapon/init_weapon/weapon_init_robotxx3.prefab,weapon_init_robotx,False,True,50,,[],False,[],[],"[]",[]
weapon_init_robotxx4,RGPrefab/Weapon/init_weapon/weapon_init_robotxx4.prefab,weapon_init_robotx,False,True,50,,[],False,[],[],"[]",[]
weapon_init_robotxx5,RGPrefab/Weapon/init_weapon/weapon_init_robotxx5.prefab,weapon_init_robotx,False,True,50,,[],False,[],[],"[]",[]
weapon_init_robotxx6,RGPrefab/Weapon/init_weapon/weapon_init_robotxx6.prefab,weapon_init_robotx,False,True,50,,[],False,[],[],"[]",[]
weapon_init_robotxx7,RGPrefab/Weapon/init_weapon/weapon_init_robotxx7.prefab,weapon_init_robotx,False,True,50,,[],False,[],[],"[]",[]
weapon_init_robotxx8,RGPrefab/Weapon/init_weapon/weapon_init_robotxx8.prefab,weapon_init_robotx,False,True,50,,[],False,[],[],"[]",[]
weapon_init_robotxx9,RGPrefab/Weapon/init_weapon/weapon_init_robotxx9.prefab,weapon_init_robotx,False,True,50,,[],False,[],[],"[]",[]
weapon_init_robotxx10,RGPrefab/Weapon/init_weapon/weapon_init_robotxx10.prefab,weapon_init_robotx,False,True,50,,[],False,[],[],"[]",[]
weapon_init_robotxx11,RGPrefab/Weapon/init_weapon/weapon_init_robotxx11.prefab,weapon_init_robotx,False,True,50,,[],False,[],[],"[]",[]
weapon_init_robotxx12,RGPrefab/Weapon/init_weapon/weapon_init_robotxx12.prefab,weapon_init_robotx,False,True,50,,[],False,[],[],"[]",[]
weapon_init_shooter,RGPrefab/Weapon/init_weapon/weapon_init_shooter.prefab,,False,True,50,weapon_init_shooter,"[{""equipment"":""wi22_upgrade_kit""}]",False,"[{""item"":""material_iron"",""num"":2},{""item"":""material_wood"",""num"":2}]","[]","[]","[{""talentName"":""MasterAccurate"",""bindingScript"":""WModDeviation"",""keyValueList"":[{""key"":""buffDeviation"",""type"":""System.Int32"",""value"":""-10""}],""customData"":"""",""autoBindScript"":true},{""talentName"":""MasterReflection"",""bindingScript"":""WModReflection"",""keyValueList"":[{""key"":""buffReflectCount"",""type"":""System.Int32"",""value"":""1""}],""customData"":"""",""autoBindScript"":false},{""talentName"":""MasterSwordRebound"",""bindingScript"":"""",""keyValueList"":[],""customData"":"""",""autoBindScript"":false}]"
weapon_init_shooterx,RGPrefab/Weapon/init_weapon/weapon_init_shooterx.prefab,,False,True,50,weapon_init_shooter,"[]",False,"[{""item"":""material_iron"",""num"":2},{""item"":""material_wood"",""num"":2}]","[]","[]","[{""talentName"":""MasterAccurate"",""bindingScript"":""WModDeviation"",""keyValueList"":[{""key"":""buffDeviation"",""type"":""System.Int32"",""value"":""-10""}],""customData"":"""",""autoBindScript"":true},{""talentName"":""MasterReflection"",""bindingScript"":""WModReflection"",""keyValueList"":[{""key"":""buffReflectCount"",""type"":""System.Int32"",""value"":""1""}],""customData"":"""",""autoBindScript"":false},{""talentName"":""MasterSwordRebound"",""bindingScript"":"""",""keyValueList"":[],""customData"":"""",""autoBindScript"":false}]"
weapon_init_shooterxx,RGPrefab/Weapon/init_weapon/weapon_init_shooterxx.prefab,weapon_init_shooterx,False,True,50,weapon_init_shooter,[],False,[],[],"[]",[]
weapon_init_shooterxx2,RGPrefab/Weapon/init_weapon/weapon_init_shooterxx2.prefab,weapon_init_shooterx,False,True,50,weapon_init_shooter,[],False,[],[],"[]",[]
weapon_init_shooterxx3,RGPrefab/Weapon/init_weapon/weapon_init_shooterxx3.prefab,weapon_init_shooterx,False,True,50,weapon_init_shooter,[],False,[],[],"[]",[]
weapon_init_shooterxx4,RGPrefab/Weapon/init_weapon/weapon_init_shooterxx4.prefab,weapon_init_shooterx,False,True,50,weapon_init_shooter,[],False,[],[],"[]",[]
weapon_init_specialforces,RGPrefab/Weapon/init_weapon/weapon_init_specialforces.prefab,,False,True,50,,"[{""equipment"":""wi22_upgrade_kit""}]",False,"[{""item"":""material_iron"",""num"":3},{""item"":""material_fertilize"",""num"":3}]","[]","[]","[{""talentName"":""MasterReflection"",""bindingScript"":""WModReflection"",""keyValueList"":[{""key"":""buffReflectCount"",""type"":""System.Int32"",""value"":""1""}],""customData"":"""",""autoBindScript"":false}]"
weapon_init_specialforcesx,RGPrefab/Weapon/init_weapon/weapon_init_specialforcesx.prefab,,False,True,50,weapon_init_specialforces,"[]",False,"[{""item"":""material_iron"",""num"":3},{""item"":""material_fertilize"",""num"":3}]","[]","[]","[{""talentName"":""MasterReflection"",""bindingScript"":""WModReflection"",""keyValueList"":[{""key"":""buffReflectCount"",""type"":""System.Int32"",""value"":""1""}],""customData"":"""",""autoBindScript"":false}]"
weapon_init_specialforcesxx,RGPrefab/Weapon/init_weapon/weapon_init_specialforcesxx.prefab,weapon_init_specialforcesx,False,True,50,weapon_init_specialforces,[],False,[],[],"[]",[]
weapon_init_specialforcesxx2,RGPrefab/Weapon/init_weapon/weapon_init_specialforcesxx2.prefab,weapon_init_specialforcesx,False,True,50,weapon_init_specialforces,[],False,[],[],"[]",[]
weapon_init_specialforcesxx3,RGPrefab/Weapon/init_weapon/weapon_init_specialforcesxx3.prefab,weapon_init_specialforcesx,False,True,50,weapon_init_specialforces,[],False,[],[],"[]",[]
weapon_init_swordmaster,RGPrefab/Weapon/init_weapon/weapon_init_swordmaster.prefab,,False,True,50,weapon_init_swordmaster,"[{""equipment"":""wi22_upgrade_kit""}]",False,"[{""item"":""material_iron"",""num"":3},{""item"":""material_wood"",""num"":2}]","[]","[]","[{""talentName"":""MasterHold"",""bindingScript"":""WModHoldSpeed"",""keyValueList"":[{""key"":""buffSpeedFactor"",""type"":""System.Single"",""value"":""2""}],""customData"":"""",""autoBindScript"":true},{""talentName"":""MasterSwordRange"",""bindingScript"":""WModBulletSizeMelee"",""keyValueList"":[{""key"":""buffScale"",""type"":""System.Single"",""value"":""1.2""},{""key"":""levelScale"",""type"":""System.Single"",""value"":""1.1""}],""customData"":"""",""autoBindScript"":true},{""talentName"":""MasterContinuous"",""bindingScript"":""WModContinuousCount"",""keyValueList"":[{""key"":""buffContinuousCount"",""type"":""System.Int32"",""value"":""0""}],""customData"":"""",""autoBindScript"":false},{""talentName"":""MasterSwordRebound"",""bindingScript"":"""",""keyValueList"":[],""customData"":"""",""autoBindScript"":false}]"
weapon_init_swordmasterx,RGPrefab/Weapon/init_weapon/weapon_init_swordmasterx.prefab,,False,True,50,weapon_init_swordmasterx,"[]",False,"[{""item"":""material_iron"",""num"":3},{""item"":""material_wood"",""num"":3}]","[]","[]","[{""talentName"":""MasterHold"",""bindingScript"":""WModHoldSpeed"",""keyValueList"":[{""key"":""buffSpeedFactor"",""type"":""System.Single"",""value"":""2""}],""customData"":"""",""autoBindScript"":true},{""talentName"":""MasterSwordRange"",""bindingScript"":""WModBulletSizeMelee"",""keyValueList"":[{""key"":""buffScale"",""type"":""System.Single"",""value"":""1.2""},{""key"":""levelScale"",""type"":""System.Single"",""value"":""1.1""}],""customData"":"""",""autoBindScript"":true},{""talentName"":""MasterContinuous"",""bindingScript"":""WModContinuousCount"",""keyValueList"":[{""key"":""buffContinuousCount"",""type"":""System.Int32"",""value"":""0""}],""customData"":"""",""autoBindScript"":false},{""talentName"":""MasterSwordRebound"",""bindingScript"":"""",""keyValueList"":[],""customData"":"""",""autoBindScript"":false}]"
weapon_init_swordmasterxx,RGPrefab/Weapon/init_weapon/weapon_init_swordmasterxx.prefab,weapon_init_swordmasterx,False,True,50,weapon_init_swordmasterx,[],False,[],[],"[]",[]
weapon_init_swordmasterxx2,RGPrefab/Weapon/init_weapon/weapon_init_swordmasterxx2.prefab,weapon_init_swordmasterx,False,True,50,weapon_init_swordmasterx,[],False,[],[],"[]",[]
weapon_init_swordmasterxx3,RGPrefab/Weapon/init_weapon/weapon_init_swordmasterxx3.prefab,weapon_init_swordmasterx,False,True,50,weapon_init_swordmasterx,[],False,[],[],"[]",[]
weapon_init_swordmasterxx4,RGPrefab/Weapon/init_weapon/weapon_init_swordmasterxx4.prefab,weapon_init_swordmasterx,False,True,50,weapon_init_swordmasterx,[],False,[],[],"[]",[]
weapon_init_swordmasterxx5,RGPrefab/Weapon/init_weapon/weapon_init_swordmasterxx5.prefab,weapon_init_swordmasterx,False,True,50,weapon_init_swordmasterx,[],False,[],[],"[]",[]
weapon_init_swordmasterxx6,RGPrefab/Weapon/init_weapon/weapon_init_swordmasterxx6.prefab,weapon_init_swordmasterx,False,True,50,weapon_init_swordmasterx,[],False,[],[],"[]",[]
weapon_init_swordmasterxx7,RGPrefab/Weapon/init_weapon/weapon_init_swordmasterxx7.prefab,weapon_init_swordmasterx,False,True,50,weapon_init_swordmasterx,[],False,[],[],"[]",[]
weapon_init_swordmasterxx8,RGPrefab/Weapon/init_weapon/weapon_init_swordmasterxx8.prefab,weapon_init_swordmasterx,False,True,50,weapon_init_swordmasterx,[],False,[],[],"[]",[]
weapon_init_taoist,RGPrefab/Weapon/init_weapon/weapon_init_taoist.prefab,,False,True,0,,"[{""equipment"":""wi22_upgrade_kit""}]",False,"[{""item"":""material_iron"",""num"":3},{""item"":""material_wood"",""num"":1}]","[]","[]","[{""talentName"":""MasterShotgun"",""bindingScript"":""WModCount"",""keyValueList"":[{""key"":""buffCount"",""type"":""System.Int32"",""value"":""2""}],""customData"":"""",""autoBindScript"":true},{""talentName"":""MasterLaser"",""bindingScript"":""WModMasterLaser"",""keyValueList"":[{""key"":""buffAtk"",""type"":""System.Int32"",""value"":""2""},{""key"":""buffScale"",""type"":""System.Single"",""value"":""1""}],""customData"":"""",""autoBindScript"":true},{""talentName"":""MasterSwordRange"",""bindingScript"":""WModBulletSizeMelee"",""keyValueList"":[{""key"":""buffScale"",""type"":""System.Single"",""value"":""1.2""},{""key"":""levelScale"",""type"":""System.Single"",""value"":""1.1""}],""customData"":"""",""autoBindScript"":true},{""talentName"":""MasterSwordRebound"",""bindingScript"":"""",""keyValueList"":[],""customData"":"""",""autoBindScript"":false}]"
weapon_init_taoistx,RGPrefab/Weapon/init_weapon/weapon_init_taoistx.prefab,,False,True,50,,"[]",False,"[{""item"":""material_iron"",""num"":6},{""item"":""material_wood"",""num"":2}]","[]","[]","[{""talentName"":""MasterShotgun"",""bindingScript"":""WModCount"",""keyValueList"":[{""key"":""buffCount"",""type"":""System.Int32"",""value"":""2""}],""customData"":"""",""autoBindScript"":true},{""talentName"":""MasterLaser"",""bindingScript"":""WModMasterLaser"",""keyValueList"":[{""key"":""buffAtk"",""type"":""System.Int32"",""value"":""2""},{""key"":""buffScale"",""type"":""System.Single"",""value"":""1""}],""customData"":"""",""autoBindScript"":true},{""talentName"":""MasterSwordRange"",""bindingScript"":""WModBulletSizeMelee"",""keyValueList"":[{""key"":""buffScale"",""type"":""System.Single"",""value"":""1.2""},{""key"":""levelScale"",""type"":""System.Single"",""value"":""1.1""}],""customData"":"""",""autoBindScript"":true},{""talentName"":""MasterSwordRebound"",""bindingScript"":"""",""keyValueList"":[],""customData"":"""",""autoBindScript"":false}]"
weapon_init_taoistxx,RGPrefab/Weapon/init_weapon/weapon_init_taoistxx.prefab,weapon_init_taoistx,False,True,50,,[],False,[],[],"[]",[]
weapon_init_taoistxx2,RGPrefab/Weapon/init_weapon/weapon_init_taoistxx2.prefab,weapon_init_taoistx,False,True,50,,[],False,[],[],"[]",[]
weapon_init_taoistxx3,RGPrefab/Weapon/init_weapon/weapon_init_taoistxx3.prefab,weapon_init_taoistx,False,True,50,,[],False,[],[],"[]",[]
weapon_init_taoistxx4,RGPrefab/Weapon/init_weapon/weapon_init_taoistxx4.prefab,weapon_init_taoistx,False,True,50,,[],False,[],[],"[]",[]
weapon_init_taoistxx5,RGPrefab/Weapon/init_weapon/weapon_init_taoistxx5.prefab,weapon_init_taoistx,False,True,50,,[],False,[],[],"[]",[]
weapon_init_taoistxx6,RGPrefab/Weapon/init_weapon/weapon_init_taoistxx6.prefab,weapon_init_taoistx,False,True,50,,[],False,[],[],"[]",[]
weapon_init_taoistxx7,RGPrefab/Weapon/init_weapon/weapon_init_taoistxx7.prefab,weapon_init_taoistx,False,True,50,,[],False,[],[],"[]",[]
weapon_init_taoistxx8,RGPrefab/Weapon/init_weapon/weapon_init_taoistxx8.prefab,weapon_init_taoistx,False,True,50,,[],False,[],[],"[]",[]
weapon_init_taoistxx9,RGPrefab/Weapon/init_weapon/weapon_init_taoistxx9.prefab,weapon_init_taoistx,False,True,50,,[],False,[],[],"[]",[]
weapon_init_taoistxx10,RGPrefab/Weapon/init_weapon/weapon_init_taoistxx10.prefab,weapon_init_taoistx,False,True,50,,[],False,[],[],"[]",[]
weapon_init_taoistxx11,RGPrefab/Weapon/init_weapon/weapon_init_taoistxx11.prefab,weapon_init_taoistx,False,True,50,,[],False,[],[],"[]",[]
weapon_init_taoistxx12,RGPrefab/Weapon/init_weapon/weapon_init_taoistxx12.prefab,weapon_init_taoistx,False,True,50,,[],False,[],[],"[]",[]
weapon_init_taoistxx13,RGPrefab/Weapon/init_weapon/weapon_init_taoistxx13.prefab,weapon_init_taoistx,False,True,50,,[],False,[],[],"[]",[]
weapon_init_transcendent,RGPrefab/Weapon/init_weapon/weapon_init_transcendent.prefab,,False,True,50,,"[]",False,"[{""item"":""material_battery"",""num"":2},{""item"":""material_gear"",""num"":2}]","[]","[]","[]"
weapon_init_transcendentx,RGPrefab/Weapon/init_weapon/weapon_init_transcendentx.prefab,,False,True,50,weapon_init_transcendent,"[]",False,"[{""item"":""material_battery"",""num"":3},{""item"":""material_gear"",""num"":3}]","[]","[]","[]"
weapon_init_transcendentxx,RGPrefab/Weapon/init_weapon/weapon_init_transcendentxx.prefab,weapon_init_transcendentx,False,True,50,weapon_init_transcendent,[],False,[],[],"[]",[]
weapon_init_transcendentxx2,RGPrefab/Weapon/init_weapon/weapon_init_transcendentxx2.prefab,weapon_init_transcendentx,False,True,50,weapon_init_transcendent,[],False,[],[],"[]",[]
weapon_init_transcendentxx3,RGPrefab/Weapon/init_weapon/weapon_init_transcendentxx3.prefab,weapon_init_transcendentx,False,True,50,weapon_init_transcendent,[],False,[],[],"[]",[]
weapon_init_trapmaster,RGPrefab/Weapon/init_weapon/weapon_init_trapmaster.prefab,,False,True,0,weapon_init_trapmaster,"[{""equipment"":""wi22_upgrade_kit""}]",False,"[{""item"":""material_iron"",""num"":3},{""item"":""material_wood"",""num"":2}]","[{""sourceWeapons"":[{""weapon"":""weapon_init_trapmaster""},{""weapon"":""weapon_198""}],""targetWeapon"":{""weapon"":""weapon_364""}}]","[]","[{""talentName"":""MasterAccurate"",""bindingScript"":""WModDeviation"",""keyValueList"":[{""key"":""buffDeviation"",""type"":""System.Int32"",""value"":""-10""}],""customData"":"""",""autoBindScript"":true},{""talentName"":""MasterContinuous"",""bindingScript"":""WModContinuousCount"",""keyValueList"":[{""key"":""buffContinuousCount"",""type"":""System.Int32"",""value"":""0""}],""customData"":"""",""autoBindScript"":false}]"
weapon_init_trapmasterx,RGPrefab/Weapon/init_weapon/weapon_init_trapmasterx.prefab,,False,True,50,weapon_init_trapmaster,"[]",False,"[{""item"":""material_iron"",""num"":3},{""item"":""material_wood"",""num"":3}]","[{""sourceWeapons"":[{""weapon"":""weapon_init_trapmasterx""},{""weapon"":""weapon_198""}],""targetWeapon"":{""weapon"":""weapon_364""}}]","[]","[{""talentName"":""MasterAccurate"",""bindingScript"":""WModDeviation"",""keyValueList"":[{""key"":""buffDeviation"",""type"":""System.Int32"",""value"":""-10""}],""customData"":"""",""autoBindScript"":true},{""talentName"":""MasterContinuous"",""bindingScript"":""WModContinuousCount"",""keyValueList"":[{""key"":""buffContinuousCount"",""type"":""System.Int32"",""value"":""0""}],""customData"":"""",""autoBindScript"":false}]"
weapon_init_trapmasterxx,RGPrefab/Weapon/init_weapon/weapon_init_trapmasterxx.prefab,weapon_init_trapmasterx,False,True,50,weapon_init_trapmaster,[],False,[],[],"[]",[]
weapon_init_trapmasterxx2,RGPrefab/Weapon/init_weapon/weapon_init_trapmasterxx2.prefab,weapon_init_trapmasterx,False,True,50,weapon_init_trapmaster,[],False,[],[],"[]",[]
weapon_init_trapmasterxx3,RGPrefab/Weapon/init_weapon/weapon_init_trapmasterxx3.prefab,weapon_init_trapmasterx,False,True,50,weapon_init_trapmaster,[],False,[],[],"[]",[]
weapon_init_trapmasterxx4,RGPrefab/Weapon/init_weapon/weapon_init_trapmasterxx4.prefab,weapon_init_trapmasterx,False,True,50,weapon_init_trapmaster,[],False,[],[],"[]",[]
weapon_init_trapmasterxx5,RGPrefab/Weapon/init_weapon/weapon_init_trapmasterxx5.prefab,weapon_init_trapmasterx,False,True,50,weapon_init_trapmaster,[],False,[],[],"[]",[]
weapon_init_trapmasterxx6,RGPrefab/Weapon/init_weapon/weapon_init_trapmasterxx6.prefab,weapon_init_trapmasterx,False,True,50,weapon_init_trapmaster,[],False,[],[],"[]",[]
weapon_init_trapmasterxx7,RGPrefab/Weapon/init_weapon/weapon_init_trapmasterxx7.prefab,weapon_init_trapmasterx,False,True,50,weapon_init_trapmaster,[],False,[],[],"[]",[]
weapon_init_vampire,RGPrefab/Weapon/init_weapon/weapon_init_vampire.prefab,,False,True,0,,"[{""equipment"":""wi22_upgrade_kit""}]",False,"[{""item"":""material_cell"",""num"":4}]","[]","[]","[{""talentName"":""MasterAccurate"",""bindingScript"":""WModDeviation"",""keyValueList"":[{""key"":""buffDeviation"",""type"":""System.Int32"",""value"":""-10""}],""customData"":"""",""autoBindScript"":true},{""talentName"":""MasterReflection"",""bindingScript"":""WModReflection"",""keyValueList"":[{""key"":""buffReflectCount"",""type"":""System.Int32"",""value"":""1""}],""customData"":"""",""autoBindScript"":false}]"
weapon_init_vampirex,RGPrefab/Weapon/init_weapon/weapon_init_vampirex.prefab,,False,True,50,,"[]",False,"[{""item"":""material_cell"",""num"":6}]","[]","[]","[{""talentName"":""MasterAccurate"",""bindingScript"":""WModDeviation"",""keyValueList"":[{""key"":""buffDeviation"",""type"":""System.Int32"",""value"":""-10""}],""customData"":"""",""autoBindScript"":true},{""talentName"":""MasterReflection"",""bindingScript"":""WModReflection"",""keyValueList"":[{""key"":""buffReflectCount"",""type"":""System.Int32"",""value"":""1""}],""customData"":"""",""autoBindScript"":false}]"
weapon_init_vampirexx,RGPrefab/Weapon/init_weapon/weapon_init_vampirexx.prefab,weapon_init_vampirex,False,True,50,,[],False,[],[],"[]",[]
weapon_init_vampirexx2,RGPrefab/Weapon/init_weapon/weapon_init_vampirexx2.prefab,weapon_init_vampirex,False,True,50,,[],False,[],[],"[]",[]
weapon_init_vampirexx3,RGPrefab/Weapon/init_weapon/weapon_init_vampirexx3.prefab,weapon_init_vampirex,False,True,50,,[],False,[],[],"[]",[]
weapon_init_vampirexx4,RGPrefab/Weapon/init_weapon/weapon_init_vampirexx4.prefab,weapon_init_vampirex,False,True,50,,[],False,[],[],"[]",[]
weapon_init_vampirexx5,RGPrefab/Weapon/init_weapon/weapon_init_vampirexx5.prefab,weapon_init_vampirex,False,True,50,,[],False,[],[],"[]",[]
weapon_init_vampirexx6,RGPrefab/Weapon/init_weapon/weapon_init_vampirexx6.prefab,weapon_init_vampirex,False,True,50,,[],False,[],[],"[]",[]
weapon_init_vampirexx7,RGPrefab/Weapon/init_weapon/weapon_init_vampirexx7.prefab,weapon_init_vampirex,False,True,50,,[],False,[],[],"[]",[]
weapon_init_vampirexx8,RGPrefab/Weapon/init_weapon/weapon_init_vampirexx8.prefab,weapon_init_vampirex,False,True,50,,[],False,[],[],"[]",[]
weapon_init_vampirexx9,RGPrefab/Weapon/init_weapon/weapon_init_vampirexx9.prefab,weapon_init_vampirex,False,True,50,,[],False,[],[],"[]",[]
weapon_init_vampirexx10,RGPrefab/Weapon/init_weapon/weapon_init_vampirexx10.prefab,weapon_init_vampirex,False,True,50,,[],False,[],[],"[]",[]
weapon_init_vampirexx11,RGPrefab/Weapon/init_weapon/weapon_init_vampirexx11.prefab,weapon_init_vampirex,False,True,50,,[],False,[],[],"[]",[]
weapon_init_vampirexx12,RGPrefab/Weapon/init_weapon/weapon_init_vampirexx12.prefab,weapon_init_vampirex,False,True,50,,[],False,[],[],"[]",[]
weapon_init_viking,RGPrefab/Weapon/init_weapon/weapon_init_viking.prefab,,False,True,0,,"[{""equipment"":""wi22_upgrade_kit""}]",False,"[{""item"":""material_gear"",""num"":8}]","[]","[]","[{""talentName"":""MasterSwordRebound"",""bindingScript"":"""",""keyValueList"":[],""customData"":"""",""autoBindScript"":false}]"
weapon_init_vikingx,RGPrefab/Weapon/init_weapon/weapon_init_vikingx.prefab,,False,True,50,,"[]",False,"[{""item"":""material_gear"",""num"":12}]","[]","[]","[{""talentName"":""MasterSwordRebound"",""bindingScript"":"""",""keyValueList"":[],""customData"":"""",""autoBindScript"":false}]"
weapon_init_vikingxx,RGPrefab/Weapon/init_weapon/weapon_init_vikingxx.prefab,weapon_init_vikingx,False,True,50,,[],False,[],[],"[]",[]
weapon_init_vikingxx2,RGPrefab/Weapon/init_weapon/weapon_init_vikingxx2.prefab,weapon_init_vikingx,False,True,50,,[],False,[],[],"[]",[]
weapon_init_vikingxx3,RGPrefab/Weapon/init_weapon/weapon_init_vikingxx3.prefab,weapon_init_vikingx,False,True,50,,[],False,[],[],"[]",[]
weapon_init_vikingxx4,RGPrefab/Weapon/init_weapon/weapon_init_vikingxx4.prefab,weapon_init_vikingx,False,True,50,,[],False,[],[],"[]",[]
weapon_init_vikingxx5,RGPrefab/Weapon/init_weapon/weapon_init_vikingxx5.prefab,weapon_init_vikingx,False,True,50,,[],False,[],[],"[]",[]
weapon_init_vikingxx6,RGPrefab/Weapon/init_weapon/weapon_init_vikingxx6.prefab,weapon_init_vikingx,False,True,50,,[],False,[],[],"[]",[]
weapon_init_vikingxx7,RGPrefab/Weapon/init_weapon/weapon_init_vikingxx7.prefab,weapon_init_vikingx,False,True,50,,[],False,[],[],"[]",[]
weapon_init_vikingxx8,RGPrefab/Weapon/init_weapon/weapon_init_vikingxx8.prefab,weapon_init_vikingx,False,True,50,,[],False,[],[],"[]",[]
weapon_init_vikingxx9,RGPrefab/Weapon/init_weapon/weapon_init_vikingxx9.prefab,weapon_init_vikingx,False,True,50,,[],False,[],[],"[]",[]
weapon_init_vikingxx10,RGPrefab/Weapon/init_weapon/weapon_init_vikingxx10.prefab,weapon_init_vikingx,False,True,50,,[],False,[],[],"[]",[]
weapon_init_vikingxx11,RGPrefab/Weapon/init_weapon/weapon_init_vikingxx11.prefab,weapon_init_vikingx,False,True,50,,[],False,[],[],"[]",[]
weapon_init_vikingxx12,RGPrefab/Weapon/init_weapon/weapon_init_vikingxx12.prefab,weapon_init_vikingx,False,True,50,,[],False,[],[],"[]",[]
weapon_init_vikingxx13,RGPrefab/Weapon/init_weapon/weapon_init_vikingxx13.prefab,weapon_init_vikingx,False,True,50,,[],False,[],[],"[]",[]
weapon_init_vikingxx14,RGPrefab/Weapon/init_weapon/weapon_init_vikingxx14.prefab,weapon_init_vikingx,False,True,50,,[],False,[],[],"[]",[]
weapon_init_vikingxx15,RGPrefab/Weapon/init_weapon/weapon_init_vikingxx15.prefab,weapon_init_vikingx,False,True,50,,[],False,[],[],"[]",[]
weapon_init_warliege,RGPrefab/Weapon/init_weapon/weapon_init_warliege.prefab,,False,True,50,weapon_init_warliege,"[{""equipment"":""wi22_upgrade_kit""},{""equipment"":""wi4_helt""},{""equipment"":""wi4_helt_2""},{""equipment"":""wi4_helt_3""}]",False,"[{""item"":""material_iron"",""num"":2},{""item"":""material_wood"",""num"":2}]","[]","[]","[{""talentName"":""MasterShotgun"",""bindingScript"":""WModCount"",""keyValueList"":[{""key"":""buffCount"",""type"":""System.Int32"",""value"":""2""}],""customData"":"""",""autoBindScript"":true},{""talentName"":""MasterLaser"",""bindingScript"":""WModMasterLaser"",""keyValueList"":[{""key"":""buffAtk"",""type"":""System.Int32"",""value"":""2""},{""key"":""buffScale"",""type"":""System.Single"",""value"":""1""}],""customData"":"""",""autoBindScript"":true},{""talentName"":""MasterSwordRange"",""bindingScript"":""WModBulletSizeMelee"",""keyValueList"":[{""key"":""buffScale"",""type"":""System.Single"",""value"":""1.2""},{""key"":""levelScale"",""type"":""System.Single"",""value"":""1.1""}],""customData"":"""",""autoBindScript"":true},{""talentName"":""MasterSwordRebound"",""bindingScript"":"""",""keyValueList"":[],""customData"":"""",""autoBindScript"":false}]"
weapon_init_warliegex,RGPrefab/Weapon/init_weapon/weapon_init_warliegex.prefab,,False,True,50,weapon_init_warliege,"[{""equipment"":""wi4_helt""},{""equipment"":""wi4_helt_2""},{""equipment"":""wi4_helt_3""}]",False,"[{""item"":""material_iron"",""num"":2},{""item"":""material_wood"",""num"":2}]","[]","[]","[{""talentName"":""MasterShotgun"",""bindingScript"":""WModCount"",""keyValueList"":[{""key"":""buffCount"",""type"":""System.Int32"",""value"":""2""}],""customData"":"""",""autoBindScript"":true},{""talentName"":""MasterLaser"",""bindingScript"":""WModMasterLaser"",""keyValueList"":[{""key"":""buffAtk"",""type"":""System.Int32"",""value"":""2""},{""key"":""buffScale"",""type"":""System.Single"",""value"":""1""}],""customData"":"""",""autoBindScript"":true},{""talentName"":""MasterSwordRange"",""bindingScript"":""WModBulletSizeMelee"",""keyValueList"":[{""key"":""buffScale"",""type"":""System.Single"",""value"":""1.2""},{""key"":""levelScale"",""type"":""System.Single"",""value"":""1.1""}],""customData"":"""",""autoBindScript"":true},{""talentName"":""MasterSwordRebound"",""bindingScript"":"""",""keyValueList"":[],""customData"":"""",""autoBindScript"":false}]"
weapon_init_warliegexx,RGPrefab/Weapon/init_weapon/weapon_init_warliegexx.prefab,weapon_init_warliegex,False,True,50,weapon_init_warliege,[],False,[],[],"[]",[]
weapon_init_warliegexx2,RGPrefab/Weapon/init_weapon/weapon_init_warliegexx2.prefab,weapon_init_warliegex,False,True,50,weapon_init_warliege,[],False,[],[],"[]",[]
weapon_init_warliegexx3,RGPrefab/Weapon/init_weapon/weapon_init_warliegexx3.prefab,weapon_init_warliegex,False,True,50,weapon_init_warliege,[],False,[],[],"[]",[]
weapon_init_warliegexx4,RGPrefab/Weapon/init_weapon/weapon_init_warliegexx4.prefab,weapon_init_warliegex,False,True,50,weapon_init_warliege,[],False,[],[],"[]",[]
weapon_init_warliegexx5,RGPrefab/Weapon/init_weapon/weapon_init_warliegexx5.prefab,weapon_init_warliegex,False,True,50,weapon_init_warliege,[],False,[],[],"[]",[]
weapon_init_warliegexx6,RGPrefab/Weapon/init_weapon/weapon_init_warliegexx6.prefab,weapon_init_warliegex,False,True,50,weapon_init_warliege,[],False,[],[],"[]",[]
weapon_init_warliegexx7,RGPrefab/Weapon/init_weapon/weapon_init_warliegexx7.prefab,weapon_init_warliegex,False,True,50,weapon_init_warliege,[],False,[],[],"[]",[]
weapon_init_warliegexx8,RGPrefab/Weapon/init_weapon/weapon_init_warliegexx8.prefab,weapon_init_warliegex,False,True,50,weapon_init_warliege,[],False,[],[],"[]",[]
weapon_init_warlock,RGPrefab/Weapon/init_weapon/weapon_init_warlock.prefab,,False,True,0,weapon_init_airbender,"[{""equipment"":""wi22_upgrade_kit""}]",False,"[{""item"":""material_battery"",""num"":2},{""item"":""material_iron"",""num"":2}]","[]","[]","[{""talentName"":""MasterShotgun"",""bindingScript"":""WModCount"",""keyValueList"":[{""key"":""buffCount"",""type"":""System.Int32"",""value"":""2""}],""customData"":"""",""autoBindScript"":true},{""talentName"":""MasterStaff"",""bindingScript"":""WModAtkStaff"",""keyValueList"":[{""key"":""buffAtk"",""type"":""System.Int32"",""value"":""2""}],""customData"":"""",""autoBindScript"":true},{""talentName"":""ElementalStaff"",""bindingScript"":""WModAtkStaff"",""keyValueList"":[{""key"":""buffAtk"",""type"":""System.Int32"",""value"":""2""}],""customData"":"""",""autoBindScript"":true},{""talentName"":""MasterReflection"",""bindingScript"":""WModReflection"",""keyValueList"":[{""key"":""buffReflectCount"",""type"":""System.Int32"",""value"":""1""}],""customData"":"""",""autoBindScript"":false}]"
weapon_init_warlockx,RGPrefab/Weapon/init_weapon/weapon_init_warlockx.prefab,,False,True,50,weapon_init_warlock,"[]",False,"[{""item"":""material_battery"",""num"":2},{""item"":""material_iron"",""num"":2}]","[]","[]","[{""talentName"":""MasterShotgun"",""bindingScript"":""WModCount"",""keyValueList"":[{""key"":""buffCount"",""type"":""System.Int32"",""value"":""2""}],""customData"":"""",""autoBindScript"":true},{""talentName"":""MasterStaff"",""bindingScript"":""WModAtkStaff"",""keyValueList"":[{""key"":""buffAtk"",""type"":""System.Int32"",""value"":""2""}],""customData"":"""",""autoBindScript"":true},{""talentName"":""ElementalStaff"",""bindingScript"":""WModAtkStaff"",""keyValueList"":[{""key"":""buffAtk"",""type"":""System.Int32"",""value"":""2""}],""customData"":"""",""autoBindScript"":true},{""talentName"":""MasterReflection"",""bindingScript"":""WModReflection"",""keyValueList"":[{""key"":""buffReflectCount"",""type"":""System.Int32"",""value"":""1""}],""customData"":"""",""autoBindScript"":false}]"
weapon_init_warlockxx,RGPrefab/Weapon/init_weapon/weapon_init_warlockxx.prefab,weapon_init_warlockx,False,True,50,weapon_init_warlock,[],False,[],[],"[]",[]
weapon_init_warlockxx2,RGPrefab/Weapon/init_weapon/weapon_init_warlockxx2.prefab,weapon_init_warlockx,False,True,50,weapon_init_warlock,[],False,[],[],"[]",[]
weapon_init_warlockxx3,RGPrefab/Weapon/init_weapon/weapon_init_warlockxx3.prefab,weapon_init_warlockx,False,True,50,weapon_init_warlock,[],False,[],[],"[]",[]
weapon_init_warlockxx4,RGPrefab/Weapon/init_weapon/weapon_init_warlockxx4.prefab,weapon_init_warlockx,False,True,50,weapon_init_warlock,[],False,[],[],"[]",[]
weapon_init_warlockxx5,RGPrefab/Weapon/init_weapon/weapon_init_warlockxx5.prefab,weapon_init_warlockx,False,True,50,weapon_init_warlock,[],False,[],[],"[]",[]
weapon_init_warlockxx6,RGPrefab/Weapon/init_weapon/weapon_init_warlockxx6.prefab,weapon_init_warlockx,False,True,50,weapon_init_warlock,[],False,[],[],"[]",[]
weapon_init_warlockxx7,RGPrefab/Weapon/init_weapon/weapon_init_warlockxx7.prefab,weapon_init_warlockx,False,True,50,weapon_init_warlock,[],False,[],[],"[]",[]
weapon_init_warlockxx8,RGPrefab/Weapon/init_weapon/weapon_init_warlockxx8.prefab,weapon_init_warlockx,False,True,50,weapon_init_warlock,[],False,[],[],"[]",[]
weapon_init_warlockxx9,RGPrefab/Weapon/init_weapon/weapon_init_warlockxx9.prefab,weapon_init_warlockx,False,True,50,weapon_init_warlock,[],False,[],[],"[]",[]
weapon_init_warlockxx10,RGPrefab/Weapon/init_weapon/weapon_init_warlockxx10.prefab,weapon_init_warlockx,False,True,50,weapon_init_warlock,[],False,[],[],"[]",[]
weapon_init_werewolf,RGPrefab/Weapon/init_weapon/weapon_init_werewolf.prefab,,False,True,0,,"[{""equipment"":""wi22_upgrade_kit""}]",False,"[{""item"":""material_cell"",""num"":2},{""item"":""material_iron"",""num"":2}]","[]","[]","[{""talentName"":""MasterSwordRange"",""bindingScript"":""WModBulletSizeMelee"",""keyValueList"":[{""key"":""buffScale"",""type"":""System.Single"",""value"":""1.2""},{""key"":""levelScale"",""type"":""System.Single"",""value"":""1.1""}],""customData"":"""",""autoBindScript"":true},{""talentName"":""MasterSwordRebound"",""bindingScript"":"""",""keyValueList"":[],""customData"":"""",""autoBindScript"":false}]"
weapon_init_werewolfx,RGPrefab/Weapon/init_weapon/weapon_init_werewolfx.prefab,,False,True,50,,"[]",False,"[{""item"":""material_cell"",""num"":3},{""item"":""material_iron"",""num"":3}]","[]","[]","[{""talentName"":""MasterSwordRange"",""bindingScript"":""WModBulletSizeMelee"",""keyValueList"":[{""key"":""buffScale"",""type"":""System.Single"",""value"":""1.2""},{""key"":""levelScale"",""type"":""System.Single"",""value"":""1.1""}],""customData"":"""",""autoBindScript"":true},{""talentName"":""MasterSwordRebound"",""bindingScript"":"""",""keyValueList"":[],""customData"":"""",""autoBindScript"":false}]"
weapon_init_werewolfxx,RGPrefab/Weapon/init_weapon/weapon_init_werewolfxx.prefab,weapon_init_werewolfx,False,True,50,,[],False,[],[],"[]",[]
weapon_init_werewolfxx2,RGPrefab/Weapon/init_weapon/weapon_init_werewolfxx2.prefab,weapon_init_werewolfx,False,True,50,,[],False,[],[],"[]",[]
weapon_init_werewolfxx3,RGPrefab/Weapon/init_weapon/weapon_init_werewolfxx3.prefab,weapon_init_werewolfx,False,True,50,,[],False,[],[],"[]",[]
weapon_init_werewolfxx4,RGPrefab/Weapon/init_weapon/weapon_init_werewolfxx4.prefab,weapon_init_werewolfx,False,True,50,,[],False,[],[],"[]",[]
weapon_init_werewolfxx5,RGPrefab/Weapon/init_weapon/weapon_init_werewolfxx5.prefab,weapon_init_werewolfx,False,True,50,,[],False,[],[],"[]",[]
weapon_init_werewolfxx6,RGPrefab/Weapon/init_weapon/weapon_init_werewolfxx6.prefab,weapon_init_werewolfx,False,True,50,,[],False,[],[],"[]",[]
weapon_init_werewolfxx7,RGPrefab/Weapon/init_weapon/weapon_init_werewolfxx7.prefab,weapon_init_werewolfx,False,True,50,,[],False,[],[],"[]",[]
weapon_init_werewolfxx8,RGPrefab/Weapon/init_weapon/weapon_init_werewolfxx8.prefab,weapon_init_werewolfx,False,True,50,,[],False,[],[],"[]",[]
weapon_init_werewolfxx9,RGPrefab/Weapon/init_weapon/weapon_init_werewolfxx9.prefab,weapon_init_werewolfx,False,True,50,,[],False,[],[],"[]",[]
weapon_init_werewolfxx10,RGPrefab/Weapon/init_weapon/weapon_init_werewolfxx10.prefab,weapon_init_werewolfx,False,True,50,,[],False,[],[],"[]",[]
weapon_init_yinyang,RGPrefab/Weapon/init_weapon/weapon_init_yinyang.prefab,,False,False,0,,"[{""equipment"":""wi22_upgrade_kit""}]",False,"[{""item"":""material_cell"",""num"":3},{""item"":""material_iron"",""num"":3}]","[]","[]","[]"
weapon_init_yinyangx,RGPrefab/Weapon/init_weapon/weapon_init_yinyangx.prefab,,False,False,0,,"[]",False,"[{""item"":""material_cell"",""num"":3},{""item"":""material_iron"",""num"":3}]","[]","[]","[]"
weapon_init_yinyangxx,RGPrefab/Weapon/init_weapon/weapon_init_yinyangxx.prefab,,False,False,0,,"[]",False,"[]","[]","[]","[]"
weapon_init_yinyangxx2,RGPrefab/Weapon/init_weapon/weapon_init_yinyangxx2.prefab,,False,False,0,,"[]",False,"[]","[]","[]","[]"
weapon_init_yinyangxx3,RGPrefab/Weapon/init_weapon/weapon_init_yinyangxx3.prefab,,False,False,0,,"[]",False,"[]","[]","[]","[]"
weapon_inkfish,RGPrefab/Weapon/weapon_inkfish.prefab,,False,True,0,,"[]",False,"[{""item"":""material_iron"",""num"":3}]","[]","[]","[{""talentName"":""MasterShotgun"",""bindingScript"":""WModCount"",""keyValueList"":[{""key"":""buffCount"",""type"":""System.Int32"",""value"":""2""}],""customData"":"""",""autoBindScript"":true},{""talentName"":""MasterAccurate"",""bindingScript"":""WModDeviation"",""keyValueList"":[{""key"":""buffDeviation"",""type"":""System.Int32"",""value"":""-7""}],""customData"":"""",""autoBindScript"":true}]"
weapon_jetpack,ModeSandbox/Prefabs/Weapons/weapon_jetpack.prefab,,False,False,0,,"[]",False,"[]","[]","[]","[]"
weapon_joker_skill_phantom,Skin/Character/Joker/Skin_7/weapon_joker_skill_phantom.prefab,,False,False,0,,"[]",False,"[]","[]","[]","[]"
weapon_laserfishee,RGPrefab/Weapon/weapon_laserfishee.prefab,,False,True,0,,"[]",False,"[{""item"":""material_iron"",""num"":3}]","[]","[]","[{""talentName"":""MasterLaser"",""bindingScript"":""WModMasterLaser"",""keyValueList"":[{""key"":""buffAtk"",""type"":""System.Int32"",""value"":""2""},{""key"":""buffScale"",""type"":""System.Single"",""value"":""0.2""}],""customData"":"""",""autoBindScript"":true},{""talentName"":""MasterSwordRange"",""bindingScript"":""WModBulletSizeMelee"",""keyValueList"":[{""key"":""buffScale"",""type"":""System.Single"",""value"":""1.2""},{""key"":""levelScale"",""type"":""System.Single"",""value"":""1.1""}],""customData"":"""",""autoBindScript"":true},{""talentName"":""MasterSwordRebound"",""bindingScript"":"""",""keyValueList"":[],""customData"":"""",""autoBindScript"":false}]"
weapon_lighter,RGPrefab/Weapon/weapon_lighter.prefab,,False,True,50,,"[{""equipment"":""wi11_poison_stone""},{""equipment"":""wi12_lightning_stone""},{""equipment"":""wi10_flame_stone""},{""equipment"":""wi9_energy_stone""},{""equipment"":""wi15_auto""}]",True,"[{""item"":""material_iron"",""num"":1},{""item"":""material_gear"",""num"":1},{""item"":""material_wood"",""num"":1},{""item"":""material_cell"",""num"":1}]","[]","[]","[{""talentName"":""MasterAccurate"",""bindingScript"":""WModDeviation"",""keyValueList"":[{""key"":""buffDeviation"",""type"":""System.Int32"",""value"":""-25""}],""customData"":""0.5"",""autoBindScript"":true},{""talentName"":""MasterReflection"",""bindingScript"":""WModReflection"",""keyValueList"":[{""key"":""buffReflectCount"",""type"":""System.Int32"",""value"":""1""}],""customData"":"""",""autoBindScript"":false},{""talentName"":""MasterShotgun"",""bindingScript"":""WModCount"",""keyValueList"":[{""key"":""buffCount"",""type"":""System.Int32"",""value"":""2""}],""customData"":"""",""autoBindScript"":false}]"
weapon_mythic_00,RGPrefab/Weapon/mythic/weapon_mythic_00.prefab,,False,True,100,,"[]",False,"[{""item"":""material_iron"",""num"":6}]","[]","[]","[{""talentName"":""MasterContinuous"",""bindingScript"":""WModContinuousCount"",""keyValueList"":[{""key"":""buffContinuousCount"",""type"":""System.Int32"",""value"":""1""}],""customData"":"""",""autoBindScript"":true},{""talentName"":""MasterSwordRange"",""bindingScript"":""WModBulletSizeMelee"",""keyValueList"":[{""key"":""buffScale"",""type"":""System.Single"",""value"":""1.2""},{""key"":""levelScale"",""type"":""System.Single"",""value"":""1.1""}],""customData"":"""",""autoBindScript"":true},{""talentName"":""MasterSwordRebound"",""bindingScript"":"""",""keyValueList"":[],""customData"":"""",""autoBindScript"":false}]"
weapon_mythic_01,RGPrefab/Weapon/mythic/weapon_mythic_01.prefab,,False,True,100,,"[]",False,"[{""item"":""material_gear"",""num"":6}]","[]","[]","[{""talentName"":""MasterAccurate"",""bindingScript"":""WModDeviation"",""keyValueList"":[{""key"":""buffDeviation"",""type"":""System.Int32"",""value"":""-10""}],""customData"":"""",""autoBindScript"":true},{""talentName"":""MasterHold"",""bindingScript"":""WModHoldSpeed"",""keyValueList"":[{""key"":""buffSpeedFactor"",""type"":""System.Single"",""value"":""2""}],""customData"":"""",""autoBindScript"":true},{""talentName"":""MasterReflection"",""bindingScript"":""WModReflection"",""keyValueList"":[{""key"":""buffReflectCount"",""type"":""System.Int32"",""value"":""1""}],""customData"":"""",""autoBindScript"":false}]"
weapon_mythic_02,RGPrefab/Weapon/mythic/weapon_mythic_02.prefab,,False,True,100,,"[]",False,"[{""item"":""material_magic_red"",""num"":1},{""item"":""material_magic_blue"",""num"":1}]","[]","[]","[{""talentName"":""MasterLaser"",""bindingScript"":""WModMasterLaser"",""keyValueList"":[{""key"":""buffAtk"",""type"":""System.Int32"",""value"":""2""},{""key"":""buffScale"",""type"":""System.Single"",""value"":""0.2""}],""customData"":"""",""autoBindScript"":true},{""talentName"":""MasterSwordRange"",""bindingScript"":""WModBulletSizeMelee"",""keyValueList"":[{""key"":""buffScale"",""type"":""System.Single"",""value"":""1.2""},{""key"":""levelScale"",""type"":""System.Single"",""value"":""1.1""}],""customData"":"""",""autoBindScript"":true},{""talentName"":""ElementalStaff"",""bindingScript"":""WModAtkStaff"",""keyValueList"":[{""key"":""buffAtk"",""type"":""System.Int32"",""value"":""1""}],""customData"":""1.1"",""autoBindScript"":false},{""talentName"":""MasterReflection"",""bindingScript"":""WModReflection"",""keyValueList"":[{""key"":""buffReflectCount"",""type"":""System.Int32"",""value"":""0""}],""customData"":"""",""autoBindScript"":false},{""talentName"":""MasterSwordRebound"",""bindingScript"":"""",""keyValueList"":[],""customData"":"""",""autoBindScript"":false}]"
weapon_mythic_03,RGPrefab/Weapon/mythic/weapon_mythic_03.prefab,,False,True,100,,"[]",False,"[{""item"":""material_iron"",""num"":3},{""item"":""material_magic_cyan"",""num"":1}]","[]","[]","[{""talentName"":""MasterShotgun"",""bindingScript"":""WModCount"",""keyValueList"":[{""key"":""buffCount"",""type"":""System.Int32"",""value"":""2""}],""customData"":"""",""autoBindScript"":true},{""talentName"":""MasterAccurate"",""bindingScript"":""WModDeviation"",""keyValueList"":[{""key"":""buffDeviation"",""type"":""System.Int32"",""value"":""-7""}],""customData"":"""",""autoBindScript"":true},{""talentName"":""MasterHold"",""bindingScript"":""WModHoldSpeed"",""keyValueList"":[{""key"":""buffSpeedFactor"",""type"":""System.Single"",""value"":""2""}],""customData"":"""",""autoBindScript"":true},{""talentName"":""MasterReflection"",""bindingScript"":""WModReflection"",""keyValueList"":[{""key"":""buffReflectCount"",""type"":""System.Int32"",""value"":""1""}],""customData"":"""",""autoBindScript"":false},{""talentName"":""MasterThough"",""bindingScript"":"""",""keyValueList"":[],""customData"":"""",""autoBindScript"":false}]"
weapon_mythic_04,RGPrefab/Weapon/mythic/weapon_mythic_04.prefab,,False,True,100,,"[]",False,"[{""item"":""material_gear"",""num"":8},{""item"":""material_magic_orange"",""num"":1}]","[]","[]","[{""talentName"":""MasterSwordRange"",""bindingScript"":""WModBulletSizeMelee"",""keyValueList"":[{""key"":""buffScale"",""type"":""System.Single"",""value"":""1.2""},{""key"":""levelScale"",""type"":""System.Single"",""value"":""1.1""}],""customData"":"""",""autoBindScript"":true},{""talentName"":""MasterSwordRebound"",""bindingScript"":"""",""keyValueList"":[],""customData"":"""",""autoBindScript"":false}]"
weapon_mythic_05,RGPrefab/Weapon/mythic/weapon_mythic_05.prefab,,False,True,100,,"[]",False,"[{""item"":""material_battery"",""num"":6},{""item"":""material_magic_purple"",""num"":1}]","[]","[]","[{""talentName"":""MasterShotgun"",""bindingScript"":""WModCount"",""keyValueList"":[{""key"":""buffCount"",""type"":""System.Int32"",""value"":""2""}],""customData"":"""",""autoBindScript"":true},{""talentName"":""MasterAccurate"",""bindingScript"":""WModDeviation"",""keyValueList"":[{""key"":""buffDeviation"",""type"":""System.Int32"",""value"":""-10""}],""customData"":"""",""autoBindScript"":true},{""talentName"":""MasterReflection"",""bindingScript"":""WModReflection"",""keyValueList"":[{""key"":""buffReflectCount"",""type"":""System.Int32"",""value"":""1""}],""customData"":"""",""autoBindScript"":false}]"
weapon_mythic_06,RGPrefab/Weapon/mythic/weapon_mythic_06.prefab,,False,True,100,,"[]",False,"[{""item"":""material_gear"",""num"":10},{""item"":""material_magic_red"",""num"":1}]","[]","[]","[]"
weapon_mythic_07,RGPrefab/Weapon/mythic/weapon_mythic_07.prefab,,False,True,100,,"[]",False,"[{""item"":""material_wood"",""num"":3},{""item"":""material_magic_green"",""num"":1}]","[]","[]","[]"
weapon_mythic_08,RGPrefab/Weapon/mythic/weapon_mythic_08.prefab,,False,True,100,,"[]",False,"[{""item"":""material_iron"",""num"":4},{""item"":""material_magic_cyan"",""num"":1}]","[]","[]","[]"
weapon_mythic_09,RGPrefab/Weapon/mythic/weapon_mythic_09.prefab,,False,True,100,,"[]",False,"[{""item"":""material_cell"",""num"":12},{""item"":""material_magic_black"",""num"":1}]","[]","[]","[{""talentName"":""MasterSwordRange"",""bindingScript"":""WModBulletSizeMelee"",""keyValueList"":[{""key"":""buffScale"",""type"":""System.Single"",""value"":""1.2""},{""key"":""levelScale"",""type"":""System.Single"",""value"":""1.1""}],""customData"":"""",""autoBindScript"":true},{""talentName"":""MasterSwordRebound"",""bindingScript"":"""",""keyValueList"":[],""customData"":"""",""autoBindScript"":false}]"
weapon_mythic_10,RGPrefab/Weapon/mythic/weapon_mythic_10.prefab,,False,True,100,,"[]",False,"[{""item"":""material_iron"",""num"":4},{""item"":""material_magic_blue"",""num"":1}]","[]","[]","[{""talentName"":""MasterLaser"",""bindingScript"":""WModMasterLaser"",""keyValueList"":[{""key"":""buffAtk"",""type"":""System.Int32"",""value"":""2""},{""key"":""buffScale"",""type"":""System.Single"",""value"":""0.2""}],""customData"":"""",""autoBindScript"":true},{""talentName"":""MasterSwordRange"",""bindingScript"":""WModBulletSizeMelee"",""keyValueList"":[{""key"":""buffScale"",""type"":""System.Single"",""value"":""1.2""},{""key"":""levelScale"",""type"":""System.Single"",""value"":""1.1""}],""customData"":"""",""autoBindScript"":true},{""talentName"":""MasterSwordRebound"",""bindingScript"":"""",""keyValueList"":[],""customData"":"""",""autoBindScript"":false}]"
weapon_mythic_11,RGPrefab/Weapon/mythic/weapon_mythic_11.prefab,,False,True,100,,"[]",False,"[{""item"":""material_wood"",""num"":7},{""item"":""material_magic_cyan"",""num"":1}]","[]","[]","[{""talentName"":""MasterStaff"",""bindingScript"":""WModAtkStaff"",""keyValueList"":[{""key"":""buffAtk"",""type"":""System.Int32"",""value"":""0""}],""customData"":"""",""autoBindScript"":false},{""talentName"":""ElementalStaff"",""bindingScript"":""WModAtkStaff"",""keyValueList"":[{""key"":""buffAtk"",""type"":""System.Int32"",""value"":""0""}],""customData"":"""",""autoBindScript"":false}]"
weapon_mythic_12,RGPrefab/Weapon/mythic/weapon_mythic_12.prefab,,False,True,100,,"[]",False,"[{""item"":""material_battery"",""num"":6},{""item"":""material_magic_purple"",""num"":1}]","[]","[]","[{""talentName"":""MasterLaser"",""bindingScript"":""WModMasterLaser"",""keyValueList"":[{""key"":""buffAtk"",""type"":""System.Int32"",""value"":""0""},{""key"":""buffScale"",""type"":""System.Single"",""value"":""0.5""}],""customData"":"""",""autoBindScript"":true},{""talentName"":""MasterHold"",""bindingScript"":""WModHoldSpeed"",""keyValueList"":[{""key"":""buffSpeedFactor"",""type"":""System.Single"",""value"":""2""}],""customData"":"""",""autoBindScript"":true}]"
weapon_mythic_13,RGPrefab/Weapon/mythic/weapon_mythic_13.prefab,,False,True,100,,"[]",False,"[{""item"":""material_iron"",""num"":3},{""item"":""material_magic_blue"",""num"":1}]","[]","[]","[{""talentName"":""MasterSwordRebound"",""bindingScript"":"""",""keyValueList"":[],""customData"":"""",""autoBindScript"":false},{""talentName"":""MasterSwordRange"",""bindingScript"":""WModBulletSizeMelee"",""keyValueList"":[{""key"":""buffScale"",""type"":""System.Single"",""value"":""1.2""},{""key"":""levelScale"",""type"":""System.Single"",""value"":""1.1""}],""customData"":"""",""autoBindScript"":true}]"
weapon_mythic_14,RGPrefab/Weapon/mythic/weapon_mythic_14.prefab,,False,True,100,,"[]",False,"[{""item"":""material_iron"",""num"":3},{""item"":""material_magic_green"",""num"":1}]","[]","[]","[{""talentName"":""MasterSwordRange"",""bindingScript"":""WModBulletSizeMelee"",""keyValueList"":[{""key"":""buffScale"",""type"":""System.Single"",""value"":""1.2""},{""key"":""levelScale"",""type"":""System.Single"",""value"":""1.1""}],""customData"":"""",""autoBindScript"":true},{""talentName"":""MasterSwordRebound"",""bindingScript"":"""",""keyValueList"":[],""customData"":"""",""autoBindScript"":false}]"
weapon_mythic_15,RGPrefab/Weapon/mythic/weapon_mythic_15.prefab,,False,True,100,,"[]",False,"[{""item"":""material_gear"",""num"":6},{""item"":""material_magic_purple"",""num"":1}]","[]","[]","[{""talentName"":""MasterSwordRebound"",""bindingScript"":"""",""keyValueList"":[],""customData"":"""",""autoBindScript"":false},{""talentName"":""MasterSwordRange"",""bindingScript"":""WModBulletSizeMelee"",""keyValueList"":[{""key"":""buffScale"",""type"":""System.Single"",""value"":""1.2""},{""key"":""levelScale"",""type"":""System.Single"",""value"":""1.1""}],""customData"":"""",""autoBindScript"":true}]"
weapon_mythic_16,RGPrefab/Weapon/mythic/weapon_mythic_16.prefab,,False,True,100,,"[]",False,"[{""item"":""material_battery"",""num"":6},{""item"":""material_magic_blue"",""num"":1}]","[]","[]","[{""talentName"":""MasterLaser"",""bindingScript"":""WModMasterLaser"",""keyValueList"":[{""key"":""buffAtk"",""type"":""System.Int32"",""value"":""0""},{""key"":""buffScale"",""type"":""System.Single"",""value"":""0""}],""customData"":"""",""autoBindScript"":false},{""talentName"":""MasterContinuous"",""bindingScript"":""WModContinuousCount"",""keyValueList"":[{""key"":""buffContinuousCount"",""type"":""System.Int32"",""value"":""0""}],""customData"":""1.5"",""autoBindScript"":false}]"
weapon_mythic_17,RGPrefab/Weapon/mythic/weapon_mythic_17.prefab,,False,True,100,,"[]",False,"[{""item"":""material_wood"",""num"":6},{""item"":""material_magic_orange"",""num"":1}]","[]","[]","[{""talentName"":""MasterShotgun"",""bindingScript"":""WModCount"",""keyValueList"":[{""key"":""buffCount"",""type"":""System.Int32"",""value"":""4""}],""customData"":"""",""autoBindScript"":false},{""talentName"":""MasterReflection"",""bindingScript"":""WModReflection"",""keyValueList"":[{""key"":""buffReflectCount"",""type"":""System.Int32"",""value"":""1""}],""customData"":"""",""autoBindScript"":false}]"
weapon_mythic_18,RGPrefab/Weapon/mythic/weapon_mythic_18.prefab,,False,True,100,,"[]",False,"[{""item"":""material_iron"",""num"":3},{""item"":""material_magic_red"",""num"":1}]","[]","[]","[{""talentName"":""MasterSwordRebound"",""bindingScript"":"""",""keyValueList"":[],""customData"":"""",""autoBindScript"":false},{""talentName"":""MasterSwordRange"",""bindingScript"":""WModBulletSizeMelee"",""keyValueList"":[{""key"":""buffScale"",""type"":""System.Single"",""value"":""1.2""},{""key"":""levelScale"",""type"":""System.Single"",""value"":""1.1""}],""customData"":"""",""autoBindScript"":true},{""talentName"":""MasterAccurate"",""bindingScript"":""WModDeviation"",""keyValueList"":[{""key"":""buffDeviation"",""type"":""System.Int32"",""value"":""-10""}],""customData"":"""",""autoBindScript"":true}]"
weapon_mythic_19,RGPrefab/Weapon/mythic/weapon_mythic_19.prefab,,False,True,100,,"[]",False,"[{""item"":""material_cell"",""num"":6},{""item"":""material_magic_red"",""num"":1}]","[]","[]","[{""talentName"":""MasterSwordRebound"",""bindingScript"":"""",""keyValueList"":[],""customData"":"""",""autoBindScript"":false}]"
weapon_mythic_20,RGPrefab/Weapon/mythic/weapon_mythic_20.prefab,,False,True,100,,"[]",False,"[{""item"":""material_iron"",""num"":6},{""item"":""material_magic_green"",""num"":1}]","[]","[]","[{""talentName"":""MasterSwordRebound"",""bindingScript"":"""",""keyValueList"":[],""customData"":"""",""autoBindScript"":false}]"
weapon_mythic_21,RGPrefab/Weapon/mythic/weapon_mythic_21.prefab,,False,True,100,,"[]",False,"[{""item"":""material_wood"",""num"":6},{""item"":""material_magic_orange"",""num"":1}]","[]","[]","[{""talentName"":""MasterSwordRebound"",""bindingScript"":"""",""keyValueList"":[],""customData"":"""",""autoBindScript"":false}]"
weapon_mythic_22,RGPrefab/Weapon/mythic/weapon_mythic_22.prefab,,False,True,100,,"[]",False,"[{""item"":""material_gear"",""num"":6},{""item"":""material_magic_black"",""num"":1}]","[]","[]","[{""talentName"":""MasterSwordRebound"",""bindingScript"":"""",""keyValueList"":[],""customData"":"""",""autoBindScript"":false}]"
weapon_mythic_23,RGPrefab/Weapon/mythic/weapon_mythic_23.prefab,,False,True,100,,"[]",False,"[{""item"":""material_gear"",""num"":6},{""item"":""material_magic_orange"",""num"":1}]","[]","[]","[{""talentName"":""MasterSwordRebound"",""bindingScript"":"""",""keyValueList"":[],""customData"":"""",""autoBindScript"":false}]"
weapon_mythic_24,RGPrefab/Weapon/mythic/weapon_mythic_24.prefab,,False,True,100,,"[]",False,"[{""item"":""material_gear"",""num"":6},{""item"":""material_magic_red"",""num"":1}]","[]","[]","[{""talentName"":""MasterContinuous"",""bindingScript"":""WModContinuousCount"",""keyValueList"":[{""key"":""buffContinuousCount"",""type"":""System.Int32"",""value"":""1""}],""customData"":"""",""autoBindScript"":true},{""talentName"":""MasterSwordRange"",""bindingScript"":""WModBulletSizeMelee"",""keyValueList"":[{""key"":""buffScale"",""type"":""System.Single"",""value"":""1.2""},{""key"":""levelScale"",""type"":""System.Single"",""value"":""1.1""}],""customData"":"""",""autoBindScript"":true},{""talentName"":""MasterSwordRebound"",""bindingScript"":"""",""keyValueList"":[],""customData"":"""",""autoBindScript"":false}]"
weapon_mythic_25,RGPrefab/Weapon/mythic/weapon_mythic_25.prefab,,False,False,0,,"[]",False,"[{""item"":""material_gear"",""num"":6},{""item"":""material_magic_orange"",""num"":1}]","[]","[]","[{""talentName"":""MasterSwordRebound"",""bindingScript"":"""",""keyValueList"":[],""customData"":"""",""autoBindScript"":false}]"
weapon_mythic_26,RGPrefab/Weapon/mythic/weapon_mythic_26.prefab,,False,True,100,,"[]",False,"[{""item"":""material_wood"",""num"":3},{""item"":""material_iron"",""num"":3},{""item"":""material_magic_red"",""num"":1}]","[]","[]","[{""talentName"":""MasterSwordRebound"",""bindingScript"":"""",""keyValueList"":[],""customData"":"""",""autoBindScript"":false}]"
weapon_mythic_27,RGPrefab/Weapon/mythic/weapon_mythic_27.prefab,,False,True,100,,"[]",False,"[{""item"":""material_iron"",""num"":3},{""item"":""material_gear"",""num"":3},{""item"":""material_magic_black"",""num"":1}]","[]","[]","[{""talentName"":""MasterSwordRebound"",""bindingScript"":"""",""keyValueList"":[],""customData"":"""",""autoBindScript"":false}]"
weapon_officer_combo,RGPrefab/Weapon/weapon_officer_combo.prefab,,True,True,200,,"[]",False,"[{""item"":""material_magic_blue"",""num"":1},{""item"":""material_magic_green"",""num"":1},{""item"":""material_magic_red"",""num"":1},{""item"":""material_wood"",""num"":1},{""item"":""material_iron"",""num"":2}]","[]","[]","[{""talentName"":""MasterAccurate"",""bindingScript"":""WModDeviation"",""keyValueList"":[{""key"":""buffDeviation"",""type"":""System.Int32"",""value"":""-10""}],""customData"":"""",""autoBindScript"":true},{""talentName"":""MasterReflection"",""bindingScript"":""WModReflection"",""keyValueList"":[{""key"":""buffReflectCount"",""type"":""System.Int32"",""value"":""1""}],""customData"":"""",""autoBindScript"":false},{""talentName"":""MasterSwordRange"",""bindingScript"":""WModBulletSizeMelee"",""keyValueList"":[{""key"":""buffScale"",""type"":""System.Single"",""value"":""0""},{""key"":""levelScale"",""type"":""System.Single"",""value"":""0""}],""customData"":""0.3"",""autoBindScript"":false},{""talentName"":""MasterSwordRebound"",""bindingScript"":"""",""keyValueList"":[],""customData"":"""",""autoBindScript"":false}]"
weapon_pet_1,RGPrefab/Weapon/weapon_pet_1.prefab,,False,True,0,,"[]",False,"[{""item"":""material_iron"",""num"":3},{""item"":""material_wood"",""num"":1}]","[]","[]","[{""talentName"":""MasterSwordRange"",""bindingScript"":""WModBulletSizeMelee"",""keyValueList"":[{""key"":""buffScale"",""type"":""System.Single"",""value"":""1.2""},{""key"":""levelScale"",""type"":""System.Single"",""value"":""1.1""}],""customData"":"""",""autoBindScript"":true},{""talentName"":""MasterSwordRebound"",""bindingScript"":"""",""keyValueList"":[],""customData"":"""",""autoBindScript"":false}]"
weapon_pet_2,RGPrefab/Weapon/weapon_pet_2.prefab,,False,True,0,,"[]",False,"[{""item"":""material_iron"",""num"":2},{""item"":""material_gear"",""num"":2}]","[]","[]","[{""talentName"":""MasterAccurate"",""bindingScript"":""WModDeviation"",""keyValueList"":[{""key"":""buffDeviation"",""type"":""System.Int32"",""value"":""-10""}],""customData"":"""",""autoBindScript"":true},{""talentName"":""MasterReflection"",""bindingScript"":""WModReflection"",""keyValueList"":[{""key"":""buffReflectCount"",""type"":""System.Int32"",""value"":""1""}],""customData"":"""",""autoBindScript"":false}]"
weapon_pet_3,RGPrefab/Weapon/weapon_pet_3.prefab,,False,True,0,,"[]",False,"[{""item"":""material_gear"",""num"":4},{""item"":""material_wood"",""num"":2},{""item"":""material_iron"",""num"":2}]","[]","[]","[{""talentName"":""MasterShotgun"",""bindingScript"":""WModCount"",""keyValueList"":[{""key"":""buffCount"",""type"":""System.Int32"",""value"":""2""}],""customData"":"""",""autoBindScript"":true},{""talentName"":""MasterAccurate"",""bindingScript"":""WModDeviation"",""keyValueList"":[{""key"":""buffDeviation"",""type"":""System.Int32"",""value"":""-7""}],""customData"":"""",""autoBindScript"":true},{""talentName"":""MasterReflection"",""bindingScript"":""WModReflection"",""keyValueList"":[{""key"":""buffReflectCount"",""type"":""System.Int32"",""value"":""1""}],""customData"":"""",""autoBindScript"":false}]"
weapon_pet_4,RGPrefab/Weapon/weapon_pet_4.prefab,,False,True,0,,"[]",False,"[{""item"":""material_wood"",""num"":4}]","[]","[]","[{""talentName"":""MasterShotgun"",""bindingScript"":""WModCount"",""keyValueList"":[{""key"":""buffCount"",""type"":""System.Int32"",""value"":""2""}],""customData"":"""",""autoBindScript"":true},{""talentName"":""MasterAccurate"",""bindingScript"":""WModDeviation"",""keyValueList"":[{""key"":""buffDeviation"",""type"":""System.Int32"",""value"":""-7""}],""customData"":"""",""autoBindScript"":true},{""talentName"":""MasterStaff"",""bindingScript"":""WModAtkStaff"",""keyValueList"":[{""key"":""buffAtk"",""type"":""System.Int32"",""value"":""1""}],""customData"":"""",""autoBindScript"":true},{""talentName"":""ElementalStaff"",""bindingScript"":""WModAtkStaff"",""keyValueList"":[{""key"":""buffAtk"",""type"":""System.Int32"",""value"":""1""}],""customData"":"""",""autoBindScript"":true},{""talentName"":""MasterReflection"",""bindingScript"":""WModReflection"",""keyValueList"":[{""key"":""buffReflectCount"",""type"":""System.Int32"",""value"":""1""}],""customData"":"""",""autoBindScript"":false}]"
weapon_pet_5,RGPrefab/Weapon/weapon_pet_5.prefab,,False,True,0,,"[]",False,"[{""item"":""material_iron"",""num"":3},{""item"":""material_wood"",""num"":2}]","[]","[]","[{""talentName"":""MasterContinuous"",""bindingScript"":""WModContinuousCount"",""keyValueList"":[{""key"":""buffContinuousCount"",""type"":""System.Int32"",""value"":""1""}],""customData"":"""",""autoBindScript"":true},{""talentName"":""MasterHold"",""bindingScript"":""WModHoldSpeed"",""keyValueList"":[{""key"":""buffSpeedFactor"",""type"":""System.Single"",""value"":""2""}],""customData"":"""",""autoBindScript"":true},{""talentName"":""MasterSwordRange"",""bindingScript"":""WModBulletSizeMelee"",""keyValueList"":[{""key"":""buffScale"",""type"":""System.Single"",""value"":""1.2""},{""key"":""levelScale"",""type"":""System.Single"",""value"":""1.1""}],""customData"":"""",""autoBindScript"":true},{""talentName"":""MasterSwordRebound"",""bindingScript"":"""",""keyValueList"":[],""customData"":"""",""autoBindScript"":false}]"
weapon_pet_6,RGPrefab/Weapon/weapon_pet_6.prefab,,False,True,0,,"[]",False,"[{""item"":""material_cell"",""num"":4}]","[]","[]","[{""talentName"":""MasterShotgun"",""bindingScript"":""WModCount"",""keyValueList"":[{""key"":""buffCount"",""type"":""System.Int32"",""value"":""2""}],""customData"":"""",""autoBindScript"":true},{""talentName"":""MasterAccurate"",""bindingScript"":""WModDeviation"",""keyValueList"":[{""key"":""buffDeviation"",""type"":""System.Int32"",""value"":""-7""}],""customData"":"""",""autoBindScript"":true},{""talentName"":""MasterHold"",""bindingScript"":""WModHoldSpeed"",""keyValueList"":[{""key"":""buffSpeedFactor"",""type"":""System.Single"",""value"":""2""}],""customData"":"""",""autoBindScript"":true},{""talentName"":""MasterReflection"",""bindingScript"":""WModReflection"",""keyValueList"":[{""key"":""buffReflectCount"",""type"":""System.Int32"",""value"":""1""}],""customData"":"""",""autoBindScript"":false}]"
weapon_pet_7,RGPrefab/Weapon/weapon_pet_7.prefab,,False,True,0,,"[]",False,"[{""item"":""material_iron"",""num"":4}]","[]","[]","[{""talentName"":""MasterSwordRange"",""bindingScript"":""WModBulletSizeMelee"",""keyValueList"":[{""key"":""buffScale"",""type"":""System.Single"",""value"":""1.2""},{""key"":""levelScale"",""type"":""System.Single"",""value"":""1.1""}],""customData"":"""",""autoBindScript"":true},{""talentName"":""MasterSwordRebound"",""bindingScript"":"""",""keyValueList"":[],""customData"":"""",""autoBindScript"":false}]"
weapon_pet_8,RGPrefab/Weapon/weapon_pet_8.prefab,,False,True,0,,"[]",False,"[{""item"":""material_iron"",""num"":3},{""item"":""material_wood"",""num"":1}]","[]","[]","[{""talentName"":""MasterSwordRange"",""bindingScript"":""WModBulletSizeMelee"",""keyValueList"":[{""key"":""buffScale"",""type"":""System.Single"",""value"":""1.2""},{""key"":""levelScale"",""type"":""System.Single"",""value"":""1.1""}],""customData"":"""",""autoBindScript"":true},{""talentName"":""MasterSwordRebound"",""bindingScript"":"""",""keyValueList"":[],""customData"":"""",""autoBindScript"":false}]"
weapon_pet_9,RGPrefab/Weapon/weapon_pet_9.prefab,,False,True,0,,"[]",False,"[{""item"":""material_wood"",""num"":2},{""item"":""material_gear"",""num"":2},{""item"":""material_iron"",""num"":2}]","[]","[]","[{""talentName"":""MasterAccurate"",""bindingScript"":""WModDeviation"",""keyValueList"":[{""key"":""buffDeviation"",""type"":""System.Int32"",""value"":""-10""}],""customData"":"""",""autoBindScript"":true}]"
weapon_pet_10,RGPrefab/Weapon/weapon_pet_10.prefab,,False,True,50,,"[]",False,"[{""item"":""material_battery"",""num"":3},{""item"":""material_gear"",""num"":2},{""item"":""material_iron"",""num"":2}]","[]","[]","[{""talentName"":""MasterShotgun"",""bindingScript"":""WModCount"",""keyValueList"":[{""key"":""buffCount"",""type"":""System.Int32"",""value"":""2""}],""customData"":"""",""autoBindScript"":true},{""talentName"":""MasterAccurate"",""bindingScript"":""WModDeviation"",""keyValueList"":[{""key"":""buffDeviation"",""type"":""System.Int32"",""value"":""-7""}],""customData"":"""",""autoBindScript"":true},{""talentName"":""MasterLaser"",""bindingScript"":""WModMasterLaser"",""keyValueList"":[{""key"":""buffAtk"",""type"":""System.Int32"",""value"":""1""},{""key"":""buffScale"",""type"":""System.Single"",""value"":""1""}],""customData"":"""",""autoBindScript"":true},{""talentName"":""MasterReflection"",""bindingScript"":""WModReflection"",""keyValueList"":[{""key"":""buffReflectCount"",""type"":""System.Int32"",""value"":""1""}],""customData"":"""",""autoBindScript"":true}]"
weapon_pet_10x,RGPrefab/Weapon/other/weapon_pet_10x.prefab,,False,True,0,,"[{""equipment"":""wi22_upgrade_kit""}]",False,"[{""item"":""material_iron"",""num"":1}]","[]","[]","[{""talentName"":""MasterAccurate"",""bindingScript"":""WModDeviation"",""keyValueList"":[{""key"":""buffDeviation"",""type"":""System.Int32"",""value"":""-7""}],""customData"":"""",""autoBindScript"":true},{""talentName"":""MasterHold"",""bindingScript"":""WModHoldSpeed"",""keyValueList"":[{""key"":""buffSpeedFactor"",""type"":""System.Single"",""value"":""2""}],""customData"":"""",""autoBindScript"":true}]"
weapon_pet_10xx,RGPrefab/Weapon/other/weapon_pet_10xx.prefab,,False,True,0,,"[]",False,"[{""item"":""material_iron"",""num"":1}]","[]","[]","[{""talentName"":""MasterLaser"",""bindingScript"":""WModMasterLaser"",""keyValueList"":[{""key"":""buffAtk"",""type"":""System.Int32"",""value"":""1""},{""key"":""buffScale"",""type"":""System.Single"",""value"":""2""}],""customData"":"""",""autoBindScript"":true},{""talentName"":""MasterReflection"",""bindingScript"":""WModReflection"",""keyValueList"":[{""key"":""buffReflectCount"",""type"":""System.Int32"",""value"":""1""}],""customData"":"""",""autoBindScript"":true},{""talentName"":""MasterSwordRange"",""bindingScript"":""WModBulletSizeMelee"",""keyValueList"":[{""key"":""buffScale"",""type"":""System.Single"",""value"":""1.2""},{""key"":""levelScale"",""type"":""System.Single"",""value"":""1.1""}],""customData"":"""",""autoBindScript"":true},{""talentName"":""MasterSwordRebound"",""bindingScript"":"""",""keyValueList"":[],""customData"":"""",""autoBindScript"":false}]"
weapon_pet_10xxx,RGPrefab/Weapon/other/weapon_pet_10xxx.prefab,,False,True,0,,"[]",False,"[{""item"":""material_iron"",""num"":1}]","[]","[]","[{""talentName"":""MasterShotgun"",""bindingScript"":""WModCount"",""keyValueList"":[{""key"":""buffCount"",""type"":""System.Int32"",""value"":""0""}],""customData"":"""",""autoBindScript"":true},{""talentName"":""MasterAccurate"",""bindingScript"":""WModDeviation"",""keyValueList"":[{""key"":""buffDeviation"",""type"":""System.Int32"",""value"":""-7""}],""customData"":"""",""autoBindScript"":true},{""talentName"":""MasterLaser"",""bindingScript"":""WModMasterLaser"",""keyValueList"":[{""key"":""buffAtk"",""type"":""System.Int32"",""value"":""1""},{""key"":""buffScale"",""type"":""System.Single"",""value"":""1""}],""customData"":""1.5"",""autoBindScript"":true},{""talentName"":""MasterReflection"",""bindingScript"":""WModReflection"",""keyValueList"":[{""key"":""buffReflectCount"",""type"":""System.Int32"",""value"":""1""}],""customData"":"""",""autoBindScript"":true}]"
weapon_pet_10xxxx,RGPrefab/Weapon/other/weapon_pet_10xxxx.prefab,,False,True,0,,"[]",False,"[{""item"":""material_iron"",""num"":1}]","[]","[]","[{""talentName"":""MasterLaser"",""bindingScript"":""WModMasterLaser"",""keyValueList"":[{""key"":""buffAtk"",""type"":""System.Int32"",""value"":""2""},{""key"":""buffScale"",""type"":""System.Single"",""value"":""1""}],""customData"":"""",""autoBindScript"":true},{""talentName"":""MasterHold"",""bindingScript"":""WModHoldSpeed"",""keyValueList"":[{""key"":""buffSpeedFactor"",""type"":""System.Single"",""value"":""2""}],""customData"":"""",""autoBindScript"":true},{""talentName"":""MasterReflection"",""bindingScript"":""WModReflection"",""keyValueList"":[{""key"":""buffReflectCount"",""type"":""System.Int32"",""value"":""1""}],""customData"":"""",""autoBindScript"":true}]"
weapon_pet_11,RGPrefab/Weapon/weapon_pet_11.prefab,,False,True,0,,"[]",False,"[{""item"":""material_cell"",""num"":2},{""item"":""material_wood"",""num"":2}]","[]","[]","[]"
weapon_pet_12,RGPrefab/Weapon/weapon_pet_12.prefab,,False,True,200,,"[]",False,"[{""item"":""material_iron"",""num"":8},{""item"":""material_wood"",""num"":4}]","[]","[]","[{""talentName"":""MasterSwordRange"",""bindingScript"":""WModBulletSizeMelee"",""keyValueList"":[{""key"":""buffScale"",""type"":""System.Single"",""value"":""1.2""},{""key"":""levelScale"",""type"":""System.Single"",""value"":""1.1""}],""customData"":"""",""autoBindScript"":true},{""talentName"":""MasterSwordRebound"",""bindingScript"":"""",""keyValueList"":[],""customData"":"""",""autoBindScript"":false}]"
weapon_road_sign,ModeSandbox/Prefabs/Weapons/weapon_road_sign.prefab,,False,False,0,,"[]",False,"[]","[]","[]","[]"
weapon_room,ModeSandbox/Prefabs/Weapons/weapon_room.prefab,,False,False,0,,"[]",False,"[]","[]","[]","[]"
weapon_shooter_combo,RGPrefab/Weapon/weapon_shooter_combo.prefab,,True,True,200,,"[]",False,"[{""item"":""material_magic_blue"",""num"":1},{""item"":""material_magic_green"",""num"":1},{""item"":""material_magic_red"",""num"":1},{""item"":""material_wood"",""num"":1},{""item"":""material_iron"",""num"":2}]","[]","[]","[{""talentName"":""MasterAccurate"",""bindingScript"":""WModDeviation"",""keyValueList"":[{""key"":""buffDeviation"",""type"":""System.Int32"",""value"":""-10""}],""customData"":"""",""autoBindScript"":true},{""talentName"":""MasterReflection"",""bindingScript"":""WModReflection"",""keyValueList"":[{""key"":""buffReflectCount"",""type"":""System.Int32"",""value"":""1""}],""customData"":"""",""autoBindScript"":false},{""talentName"":""MasterSwordRange"",""bindingScript"":""WModBulletSizeMelee"",""keyValueList"":[{""key"":""buffScale"",""type"":""System.Single"",""value"":""0""},{""key"":""levelScale"",""type"":""System.Single"",""value"":""0""}],""customData"":""0.3"",""autoBindScript"":false},{""talentName"":""MasterSwordRebound"",""bindingScript"":"""",""keyValueList"":[],""customData"":"""",""autoBindScript"":false}]"
weapon_shooter_dynamic,ModeSandbox/Prefabs/Weapons/weapon_shooter_dynamic.prefab,,False,False,0,,"[]",False,"[]","[]","[]","[]"
weapon_shooter_fixed,ModeSandbox/Prefabs/Weapons/weapon_shooter_fixed.prefab,,False,False,0,,"[]",False,"[]","[]","[]","[]"
weapon_shovel,RGPrefab/Weapon/weapon_shovel.prefab,,False,True,0,,"[]",False,"[{""item"":""material_wood"",""num"":2},{""item"":""material_iron"",""num"":1}]","[]","[]","[{""talentName"":""MasterSwordRange"",""bindingScript"":""WModBulletSizeMelee"",""keyValueList"":[{""key"":""buffScale"",""type"":""System.Single"",""value"":""1.2""},{""key"":""levelScale"",""type"":""System.Single"",""value"":""1.1""}],""customData"":"""",""autoBindScript"":true},{""talentName"":""MasterSwordRebound"",""bindingScript"":"""",""keyValueList"":[],""customData"":"""",""autoBindScript"":false}]"
weapon_shower,RGPrefab/Weapon/weapon_shower.prefab,,False,True,0,,"[]",False,"[{""item"":""material_iron"",""num"":3}]","[]","[]","[{""talentName"":""MasterAccurate"",""bindingScript"":""WModDeviation"",""keyValueList"":[{""key"":""buffDeviation"",""type"":""System.Int32"",""value"":""-10""}],""customData"":"""",""autoBindScript"":true},{""talentName"":""MasterReflection"",""bindingScript"":""WModReflection"",""keyValueList"":[{""key"":""buffReflectCount"",""type"":""System.Int32"",""value"":""1""}],""customData"":"""",""autoBindScript"":false}]"
weapon_skill_achemist,RGPrefab/Weapon/other/weapon_skill_achemist.prefab,,False,True,0,,"[]",False,"[{""item"":""material_iron"",""num"":1}]","[]","[]","[]"
weapon_skill_achemist_s3,RGPrefab/Weapon/other/weapon_skill_achemist_s3.prefab,weapon_skill_achemist,False,True,0,,[],False,[],[],"[]",[]
weapon_skill_achemist_s4,RGPrefab/Weapon/other/weapon_skill_achemist_s4.prefab,weapon_skill_achemist,False,True,0,,[],False,[],[],"[]",[]
weapon_skill_achemist_s5,RGPrefab/Weapon/other/weapon_skill_achemist_s5.prefab,weapon_skill_achemist,False,True,0,,[],False,[],[],"[]",[]
weapon_skill_achemist_s6,RGPrefab/Weapon/other/weapon_skill_achemist_s6.prefab,weapon_skill_achemist,False,True,0,,[],False,[],[],"[]",[]
weapon_skill_achemist_s7,RGPrefab/Weapon/other/weapon_skill_achemist_s7.prefab,weapon_skill_achemist,False,True,0,,[],False,[],[],"[]",[]
weapon_skill_achemist_s8,RGPrefab/Weapon/other/weapon_skill_achemist_s8.prefab,weapon_skill_achemist,False,True,0,,[],False,[],[],"[]",[]
weapon_skill_achemist_s9,RGPrefab/Weapon/other/weapon_skill_achemist_s9.prefab,weapon_skill_achemist,False,True,0,,[],False,[],[],"[]",[]
weapon_skill_achemist_s10,RGPrefab/Weapon/other/weapon_skill_achemist_s10.prefab,weapon_skill_achemist,False,True,0,,[],False,[],[],"[]",[]
weapon_skill_achemist_s11,RGPrefab/Weapon/other/weapon_skill_achemist_s11.prefab,weapon_skill_achemist,False,True,0,,[],False,[],[],"[]",[]
weapon_skill_achemist_s12,RGPrefab/Weapon/other/weapon_skill_achemist_s12.prefab,weapon_skill_achemist,False,True,0,,[],False,[],[],"[]",[]
weapon_skill_achemist_s14,RGPrefab/Weapon/other/weapon_skill_achemist_s14.prefab,weapon_skill_achemist,False,True,0,,[],False,[],[],"[]",[]
weapon_skill_achemist_s15,RGPrefab/Weapon/other/weapon_skill_achemist_s15.prefab,weapon_skill_achemist,False,True,0,,[],False,[],[],"[]",[]
weapon_skill_achemist_s16,RGPrefab/Weapon/other/weapon_skill_achemist_s16.prefab,weapon_skill_achemist,False,True,0,,[],False,[],[],"[]",[]
weapon_skill_achemist_s18,RGPrefab/Weapon/other/weapon_skill_achemist_s18.prefab,weapon_skill_achemist,False,True,0,,[],False,[],[],"[]",[]
weapon_skill_achemist_s19,Skin/Character/Alchemist/Skin_19/weapon_skill_achemist_s19.prefab,weapon_skill_achemist,False,True,0,,[],False,[],[],"[]",[]
weapon_skill_achemist_s22,Skin/Character/Alchemist/Skin_22/weapon_skill_achemist_s22.prefab,weapon_skill_achemist,False,True,0,,[],False,[],[],"[]",[]
weapon_skill_achemist_s23,Skin/Character/Alchemist/Skin_23/skill2/weapon_skill_achemist_s23.prefab,weapon_skill_achemist,False,True,0,,[],False,[],[],"[]",[]
weapon_skill_achemist_s25,Skin/Character/Alchemist/Skin_25/skill2/weapon_skill_achemist_s25.prefab,weapon_skill_achemist,False,True,0,,[],False,[],[],"[]",[]
weapon_skill_joker_phantom,RGPrefab/Weapon/weapon_skill_joker_phantom.prefab,,False,False,0,,"[]",False,"[]","[]","[]","[{""talentName"":""MasterSwordRange"",""bindingScript"":""WModBulletSizeMelee"",""keyValueList"":[{""key"":""buffScale"",""type"":""System.Single"",""value"":""1.2""},{""key"":""levelScale"",""type"":""System.Single"",""value"":""1.1""}],""customData"":"""",""autoBindScript"":true},{""talentName"":""MasterSwordRebound"",""bindingScript"":"""",""keyValueList"":[],""customData"":"""",""autoBindScript"":false}]"
weapon_skill_joker_phantom_s1,Skin/Character/Joker/Skin_1/weapon_skill_joker_phantom_s1.prefab,weapon_skill_joker_phantom,False,False,0,,[],False,[],[],"[]",[]
weapon_skill_joker_phantom_s4,Skin/Character/Joker/Skin_4/weapon_skill_joker_phantom_s4.prefab,weapon_skill_joker_phantom,False,False,0,,[],False,[],[],"[]",[]
weapon_skill_officer,RGPrefab/Weapon/other/weapon_skill_officer.prefab,,False,True,0,,"[{""equipment"":""wi20_golden_paint""}]",False,"[{""item"":""material_iron"",""num"":1}]","[]","[]","[{""talentName"":""MasterAccurate"",""bindingScript"":""WModDeviation"",""keyValueList"":[{""key"":""buffDeviation"",""type"":""System.Int32"",""value"":""-10""}],""customData"":"""",""autoBindScript"":true},{""talentName"":""MasterReflection"",""bindingScript"":""WModReflection"",""keyValueList"":[{""key"":""buffReflectCount"",""type"":""System.Int32"",""value"":""1""}],""customData"":"""",""autoBindScript"":false}]"
weapon_skill_officer_s2,Skin/Character/Officer/Skin_2/weapon_skill_officer_s2.prefab,weapon_skill_officer,False,True,0,,[],False,[],[],"[]",[]
weapon_skill_officer_s3,Skin/Character/Officer/Skin_3/weapon_skill_officer_s3.prefab,weapon_skill_officer,False,True,0,,[],False,[],[],"[]",[]
weapon_skill_officer_s4,Skin/Character/Officer/Skin_4/weapon_skill_officer_s4.prefab,weapon_skill_officer,False,True,0,,[],False,[],[],"[]",[]
weapon_skill_officer_s5,Skin/Character/Officer/Skin_5/weapon_skill_officer_s5.prefab,weapon_skill_officer,False,True,0,,[],False,[],[],"[]",[]
weapon_skill_officer_s6,Skin/Character/Officer/Skin_6/weapon_skill_officer_s6.prefab,weapon_skill_officer,False,True,0,,[],False,[],[],"[]",[]
weapon_skill_officer_s7,Skin/Character/Officer/Skin_7/weapon_skill_officer_s7.prefab,weapon_skill_officer,False,True,0,,[],False,[],[],"[]",[]
weapon_skill_officer_s8,Skin/Character/Officer/Skin_8/weapon_skill_officer_s8.prefab,weapon_skill_officer,False,True,0,,[],False,[],[],"[]",[]
weapon_skill_officer_s9,Skin/Character/Officer/Skin_9/weapon_skill_officer_s9.prefab,weapon_skill_officer,False,True,0,,[],False,[],[],"[]",[]
weapon_skill_officer_s11,Skin/Character/Officer/Skin_11/weapon_skill_officer_s11.prefab,weapon_skill_officer,False,True,0,,[],False,[],[],"[]",[]
weapon_skill_officer_s12,Skin/Character/Officer/Skin_12/weapon_skill_officer_s12.prefab,weapon_skill_officer,False,True,0,,[],False,[],[],"[]",[]
weapon_skill_officer_s13,Skin/Character/Officer/Skin_13/weapon_skill_officer_s13.prefab,weapon_skill_officer,False,True,0,,[],False,[],[],"[]",[]
weapon_skill_officer_s14,Skin/Character/Officer/Skin_14/weapon_skill_officer_s14.prefab,weapon_skill_officer,False,True,0,,[],False,[],[],"[]",[]
weapon_skill_officer_s16,Skin/Character/Officer/Skin_16/weapon_skill_officer_s16.prefab,weapon_skill_officer,False,True,0,,[],False,[],[],"[]",[]
weapon_skill_officer_s17,Skin/Character/Officer/Skin_17/weapon_skill_officer_s17.prefab,weapon_skill_officer,False,True,0,,[],False,[],[],"[]",[]
weapon_skill_officer_s20,Skin/Character/Officer/Skin_20/skill0/weapon_skill_officer_s20.prefab,weapon_skill_officer,False,True,0,,[],False,[],[],"[]",[]
weapon_skill_officer_s21,Skin/Character/Officer/Skin_21/skill0/weapon_skill_officer_s21.prefab,weapon_skill_officer,False,True,0,,[],False,[],[],"[]",[]
weapon_skill_officer_s24,Skin/Character/Officer/Skin_24/skill0/weapon_skill_officer_s24.prefab,weapon_skill_officer,False,True,0,,[],False,[],[],"[]",[]
weapon_skill_paladin,RGPrefab/Weapon/other/weapon_skill_paladin.prefab,,False,False,0,,"[]",False,"[]","[]","[]","[{""talentName"":""MasterReflection"",""bindingScript"":""WModReflection"",""keyValueList"":[{""key"":""buffReflectCount"",""type"":""System.Int32"",""value"":""1""}],""customData"":"""",""autoBindScript"":false},{""talentName"":""MasterContinuous"",""bindingScript"":""WModContinuousCount"",""keyValueList"":[{""key"":""buffContinuousCount"",""type"":""System.Int32"",""value"":""1""}],""customData"":"""",""autoBindScript"":false}]"
weapon_skill_paladin_s1,RGPrefab/Weapon/other/weapon_skill_paladin_s1.prefab,weapon_skill_paladin,False,False,0,,[],False,[],[],"[]",[]
weapon_skill_paladin_s2,RGPrefab/Weapon/other/weapon_skill_paladin_s2.prefab,weapon_skill_paladin,False,False,0,,[],False,[],[],"[]",[]
weapon_skill_paladin_s3,RGPrefab/Weapon/other/weapon_skill_paladin_s3.prefab,weapon_skill_paladin,False,False,0,,[],False,[],[],"[]",[]
weapon_skill_paladin_s4,RGPrefab/Weapon/other/weapon_skill_paladin_s4.prefab,weapon_skill_paladin,False,False,0,,[],False,[],[],"[]",[]
weapon_skill_paladin_s5,RGPrefab/Weapon/other/weapon_skill_paladin_s5.prefab,weapon_skill_paladin,False,False,0,,[],False,[],[],"[]",[]
weapon_skill_paladin_s6,RGPrefab/Weapon/other/weapon_skill_paladin_s6.prefab,weapon_skill_paladin,False,False,0,,[],False,[],[],"[]",[]
weapon_skill_paladin_s7,RGPrefab/Weapon/other/weapon_skill_paladin_s7.prefab,weapon_skill_paladin,False,False,0,,[],False,[],[],"[]",[]
weapon_skill_paladin_s8,RGPrefab/Weapon/other/weapon_skill_paladin_s8.prefab,weapon_skill_paladin,False,False,0,,[],False,[],[],"[]",[]
weapon_skill_paladin_s9,RGPrefab/Weapon/other/weapon_skill_paladin_s9.prefab,weapon_skill_paladin,False,False,0,,[],False,[],[],"[]",[]
weapon_skill_paladin_s10,RGPrefab/Weapon/other/weapon_skill_paladin_s10.prefab,weapon_skill_paladin,False,False,0,,[],False,[],[],"[]",[]
weapon_skill_paladin_s11,RGPrefab/Weapon/other/weapon_skill_paladin_s11.prefab,weapon_skill_paladin,False,False,0,,[],False,[],[],"[]",[]
weapon_skill_paladin_s12,RGPrefab/Weapon/other/weapon_skill_paladin_s12.prefab,weapon_skill_paladin,False,False,0,,[],False,[],[],"[]",[]
weapon_skill_paladin_s13,RGPrefab/Weapon/other/weapon_skill_paladin_s13.prefab,weapon_skill_paladin,False,False,0,,[],False,[],[],"[]",[]
weapon_skill_paladin_s14,RGPrefab/Weapon/other/weapon_skill_paladin_s14.prefab,weapon_skill_paladin,False,False,0,,[],False,[],[],"[]",[]
weapon_skill_paladin_s15,RGPrefab/Weapon/other/weapon_skill_paladin_s15.prefab,weapon_skill_paladin,False,False,0,,[],False,[],[],"[]",[]
weapon_skill_paladin_s16,RGPrefab/Weapon/other/weapon_skill_paladin_s16.prefab,weapon_skill_paladin,False,False,0,,[],False,[],[],"[]",[]
weapon_skill_paladin_s17,RGPrefab/Weapon/other/weapon_skill_paladin_s17.prefab,weapon_skill_paladin,False,False,0,,[],False,[],[],"[]",[]
weapon_skill_paladin_s18,RGPrefab/Weapon/other/weapon_skill_paladin_s18.prefab,weapon_skill_paladin,False,False,0,,[],False,[],[],"[]",[]
weapon_skill_paladin_s19,RGPrefab/Weapon/other/weapon_skill_paladin_s19.prefab,weapon_skill_paladin,False,False,0,,[],False,[],[],"[]",[]
weapon_skill_paladin_s20,RGPrefab/Weapon/other/weapon_skill_paladin_s20.prefab,weapon_skill_paladin,False,False,0,,[],False,[],[],"[]",[]
weapon_skill_paladin_s21,Skin/Character/Paladin/Skin_21/weapon_skill_paladin_s21.prefab,weapon_skill_paladin,False,False,0,,[],False,[],[],"[]",[]
weapon_skill_paladin_s22,Skin/Character/Paladin/Skin_22/weapon_skill_paladin_s22.prefab,weapon_skill_paladin,False,False,0,,[],False,[],[],"[]",[]
weapon_skill_paladin_s24,Skin/Character/Paladin/Skin_24/weapon_skill_paladin_s24.prefab,weapon_skill_paladin,False,False,0,,[],False,[],[],"[]",[]
weapon_skill_paladin_s26,Skin/Character/Paladin/Skin_26/skill2/weapon_skill_paladin_s26.prefab,weapon_skill_paladin,False,False,0,,[],False,[],[],"[]",[]
weapon_skill_paladin_s29,Skin/Character/Paladin/Skin_29/skill2/weapon_skill_paladin_s29.prefab,weapon_skill_paladin,False,False,0,,[],False,[],[],"[]",[]
weapon_start_point,ModeSandbox/Prefabs/Weapons/weapon_start_point.prefab,,False,False,0,,"[]",False,"[]","[]","[]","[]"
weapon_swordfish,RGPrefab/Weapon/weapon_swordfish.prefab,,False,True,0,,"[]",False,"[{""item"":""material_iron"",""num"":3}]","[]","[]","[{""talentName"":""MasterSwordRange"",""bindingScript"":""WModBulletSizeMelee"",""keyValueList"":[{""key"":""buffScale"",""type"":""System.Single"",""value"":""1.2""},{""key"":""levelScale"",""type"":""System.Single"",""value"":""1.1""}],""customData"":"""",""autoBindScript"":true},{""talentName"":""MasterSwordRebound"",""bindingScript"":"""",""keyValueList"":[],""customData"":"""",""autoBindScript"":false}]"
weapon_telescope,ModeSandbox/Prefabs/Weapons/weapon_telescope.prefab,,False,False,0,,"[]",False,"[]","[]","[]","[]"
weapon_token,RGPrefab/Weapon/other/weapon_token.prefab,,False,True,0,,"[]",False,"[{""item"":""material_iron"",""num"":1}]","[]","[]","[]"
weapon_trap,ModeSandbox/Prefabs/Weapons/weapon_trap.prefab,,False,False,0,,"[]",False,"[]","[]","[]","[]"
weapon_void_hand,RGPrefab/Weapon/weapon_void_hand.prefab,,False,False,0,,"[]",False,"[]","[]","[]","[]"
weapon_wall,ModeSandbox/Prefabs/Weapons/weapon_wall.prefab,,False,False,0,,"[]",False,"[]","[]","[]","[]"
